tree
version=v4
num_class=1
num_tree_per_iteration=1
label_index=0
max_feature_idx=28
objective=regression
feature_names=qty_lag_1 qty_lag_2 qty_lag_4 qty_lag_8 qty_lag_12 qty_lag_52 qty_roll_mean_4 qty_roll_mean_8 qty_roll_mean_12 qty_roll_std_4 qty_roll_std_8 qty_roll_std_12 ili_rate flu_lag_1 flu_lag_2 flu_growth_4w flu_same_week_last_year flu_signal week_of_year month quarter is_holiday price promotion_flag sku_id plant_id region season criticality
feature_infos=[741:19102] [741:19102] [741:19102] [741:19102] [741:19102] [662:19102] [793:15291.5] [822.125:14566] [826:14664.5] [6.7577116442363288:3476.1950822702688] [27.992026926047597:2614.1245154243998] [38.465647799121214:2546.1646320168079] [1.3799999999999999:12.57] [1.3799999999999999:12.57] [1.3799999999999999:12.57] [-0.46858513189448436:1.2646153846153845] [1.3799999999999999:12.57] [0:12.57] [1:53] [1:12] [1:4] [0:1] [2.7200000000000002:320] [0:1] -1:0:1:2:3:4:5:6:7:8:9:10:11 -1:0:1:2:3:4 -1:2:0:1:3 -1:2:3:1:0 -1:3:0:2:1
tree_sizes=5550 5591 5587 5591 5585 5583 5596 5604 5577 5575 5570 5578 5586 5588 5583 5575 5571 5590 5593 5565 5584 5540 5587 5581 5529 5571 5573 5585 5597 5534 5579 5571 5554 5571 5553 5599 5486 5486 5620 5588 5576 5488 5514 5595 5498 5531 5503 5522 5553 5551 5568 5454 5498 5490 5586 5543 5570 5489 5529 5477 5440 5476 5521 5550 5543 5559 5525 5511 5483 5539 5560 5569 5581 5524 5561 5562 5516 5553 5537 5597 5549 5542 5494 5502 5572 5499 5525 5538 5538 5492 5508 5558 5521 5552 5590 5532 5575 5527 5538 5515 5538 5542 5541 5579 5557 5488 5549 5505 5572 5592 5531 5586 5495 5539 5508 5577 5581 5522 5509 5556 5516 5501 5562 5526 5499 5525 5536 5481 5582 5597 5591 5572 5570 5507 5495 5523 5564 5590 5471 5446 5428 5528 5506 5519 5484 5518 5494 5456 5499 5459 5547 5447 5455 5471 5428 5475 5495 5453 5506 5547 5403 5444 5446 5450 5395 5437 5432 5366 5501 5346 5361 5391 5420

Tree=0
num_leaves=63
num_cat=1
split_feature=6 5 6 5 5 6 0 6 5 0 5 5 0 5 6 27 18 19 18 18 6 18 18 18 6 0 18 4 18 18 18 0 18 5 17 19 17 6 4 6 17 18 7 0 0 8 18 6 6 18 0 6 7 18 4 17 18 17 15 6 18 4
split_gain=5.77497e+10 1.39013e+10 1.21394e+10 2.31451e+09 1.51847e+09 1.40273e+09 1.13501e+09 4.61057e+08 3.398e+08 2.86541e+08 2.84219e+08 2.6295e+08 2.22916e+08 1.97979e+08 1.92836e+08 1.45004e+08 1.28363e+08 1.04527e+08 9.89739e+07 9.51894e+07 1.13293e+08 8.9898e+07 8.13987e+07 8.34433e+07 8.05344e+07 7.41409e+07 7.41274e+07 7.25004e+07 6.66593e+07 6.59832e+07 6.36411e+07 6.16777e+07 5.86435e+07 5.84875e+07 5.55142e+07 5.27236e+07 5.15095e+07 4.90122e+07 4.69333e+07 4.54408e+07 4.38567e+07 4.27495e+07 4.18532e+07 4.04861e+07 4.01593e+07 3.96624e+07 3.58855e+07 3.38298e+07 3.31306e+07 3.28619e+07 3.07403e+07 2.92973e+07 2.91352e+07 2.77317e+07 2.88373e+07 2.62077e+07 2.54898e+07 2.42797e+07 2.36416e+07 4.74609e+07 2.32581e+07 2.23577e+07
threshold=5439.8750000000009 2961.5000000000005 8425.6250000000018 3923.5000000000005 1992.5000000000002 6689.2500000000009 10691.500000000002 4598.6250000000009 8987.5000000000018 3377.5000000000005 7397.0000000000009 5344.5000000000009 2750.5000000000005 11475.500000000002 1504.8750000000002 0 3.5000000000000004 10.500000000000002 3.5000000000000004 47.500000000000007 3835.6250000000005 6.5000000000000009 4.5000000000000009 46.500000000000007 6142.8750000000009 3869.5000000000005 47.500000000000007 4146.5000000000009 4.5000000000000009 42.500000000000007 46.500000000000007 2393.5000000000005 40.500000000000007 6751.5000000000009 4.7250000000000005 10.500000000000002 4.8550000000000013 5026.6250000000009 4413.5000000000009 1896.1250000000002 1.7550000000000001 6.5000000000000009 9829.3750000000018 2973.5000000000005 11358.000000000002 9302.3333333333339 4.5000000000000009 11204.875000000002 1162.5000000000002 47.500000000000007 7474.5000000000009 4392.1250000000009 5087.8750000000009 4.5000000000000009 2604.5000000000005 1.9950000000000003 41.500000000000007 2.3650000000000007 0.057916988621533515 12784.375000000002 4.5000000000000009 4452.0000000000009
decision_type=2 2 2 2 2 2 2 2 2 2 2 2 2 2 2 1 2 2 2 2 2 2 2 2 2 2 2 2 2 2 2 2 2 2 2 2 2 2 2 2 2 2 2 2 2 2 2 2 2 2 2 2 2 2 2 2 2 2 2 2 2 2
left_child=1 4 5 9 14 11 8 16 32 35 33 38 26 41 48 27 36 21 -12 20 -18 61 -10 42 -23 30 31 28 -9 50 60 -6 45 56 52 43 -5 -17 -2 -16 -21 -8 -24 -3 -15 -4 -14 -43 -1 -48 -20 -22 -29 -27 -55 -19 -7 -32 59 -46 -11 -13
right_child=2 3 6 7 12 10 13 15 22 25 18 17 46 44 39 37 19 55 29 40 51 24 23 -25 -26 53 -28 34 -30 -31 57 -33 -34 -35 -36 -37 -38 -39 -40 -41 -42 47 -44 -45 58 -47 49 -49 -50 -51 -52 -53 -54 54 -56 -57 -58 -59 -60 -61 -62 -63
leaf_value=4087.8072437022647 4268.0752770575873 4180.9176047470974 4446.7228141246469 4267.4905983366343 4147.0220136154376 4368.7772415379386 4642.6648627921249 4323.413588628463 4609.7131961254581 4237.4722042683115 4507.8488963548371 4334.4093951756349 4213.9022630252966 4609.4943072365695 4122.5707300500253 4265.7466244162033 4214.3552512938613 4363.7693571282971 4397.3346222752225 4257.0947585201293 4245.2919890768499 4318.4985230674001 4499.8734759377412 4592.4674553847181 4347.2186038601767 4261.8496932804046 4183.7116515872995 4298.0837535284381 4264.7542566368966 4480.6023176021745 4230.6764879070124 4165.0729628325407 4521.247412529794 4400.0251064269651 4350.9197434488324 4218.1777280687647 4313.5525437814567 4285.4975953329322 4309.4548464882737 4139.1040912041635 4299.671212159019 4556.8524071657548 4537.7126211742861 4201.162825613038 4623.1544225405523 4487.8034610822842 4180.3123695051609 4597.4157854111727 4107.3645897378428 4211.9632597465725 4430.1851637920145 4259.1926162663303 4324.6529956228505 4196.859183728141 4235.2780743401308 4399.9819230338244 4409.3198343942177 4263.2337042135705 4702.3713540201952 4690.7209412234979 4215.041951083861 4374.79906638178
leaf_weight=311 82 351 154 142 1032 394 30 65 40 125 43 42 101 36 1134 747 254 139 106 119 1070 501 108 54 476 94 261 364 190 51 134 874 51 358 78 315 106 542 417 656 123 95 226 833 53 95 1044 112 713 89 217 587 144 51 1155 78 43 100 38 51 1532 186
leaf_count=311 82 351 154 142 1032 394 30 65 40 125 43 42 101 36 1134 747 254 139 106 119 1070 501 108 54 476 94 261 364 190 51 134 874 51 358 78 315 106 542 417 656 123 95 226 833 53 95 1044 112 713 89 217 587 144 51 1155 78 43 100 38 51 1532 186
internal_value=4248.74 4203.7 4411.34 4242.65 4145.9 4360.46 4550.82 4268.14 4513.2 4218.03 4402.58 4333.88 4168.38 4616.81 4118.73 4285.07 4253.11 4344.84 4436.01 4249.19 4245.45 4339.09 4541.8 4534.8 4332.49 4226.5 4158.72 4301.34 4279.71 4427.75 4220.18 4155.3 4472.4 4385.04 4311.65 4200 4287.18 4273.86 4302.65 4128.63 4278.73 4586.88 4525.48 4195.16 4656.66 4462.4 4185.34 4578.8 4101.42 4182.8 4419.4 4250.22 4305.62 4235.69 4233.65 4376.79 4372.77 4244.59 4668.62 4656.29 4216.73 4367.36
internal_weight=19712 15436 4276 9221 6215 3133 1143 4531 728 4690 1212 1921 3401 415 2814 2130 2401 1422 417 2153 1911 1205 428 388 977 3191 2167 841 255 374 1891 1906 300 795 586 1499 248 1289 499 1790 242 237 334 1184 178 249 1234 207 1024 1133 323 1657 508 1300 1206 217 437 234 142 104 1657 228
internal_count=19712 15436 4276 9221 6215 3133 1143 4531 728 4690 1212 1921 3401 415 2814 2130 2401 1422 417 2153 1911 1205 428 388 977 3191 2167 841 255 374 1891 1906 300 795 586 1499 248 1289 499 1790 242 237 334 1184 178 249 1234 207 1024 1133 323 1657 508 1300 1206 217 437 234 142 104 1657 228
cat_boundaries=0 1
cat_threshold=9
is_linear=0
shrinkage=1


Tree=1
num_leaves=63
num_cat=0
split_feature=6 0 6 5 5 6 0 6 5 5 5 5 6 5 5 19 19 19 19 19 6 19 19 19 6 7 19 19 5 17 19 19 19 5 4 4 7 19 19 5 0 7 0 0 5 6 6 19 12 19 5 19 0 17 6 7 17 6 12 6 19 19
split_gain=5.21191e+10 1.25652e+10 1.09558e+10 1.98878e+09 1.49855e+09 1.26596e+09 1.02435e+09 3.97433e+08 3.0667e+08 2.57075e+08 2.37312e+08 2.32433e+08 2.23838e+08 1.83939e+08 1.78676e+08 1.1954e+08 1.02666e+08 9.64609e+07 9.58457e+07 9.46922e+07 9.33305e+07 8.38356e+07 6.50976e+07 7.63474e+07 6.50318e+07 5.99615e+07 5.92606e+07 7.25589e+07 5.48036e+07 5.33234e+07 5.27148e+07 5.17647e+07 4.92198e+07 4.41931e+07 4.2431e+07 3.92331e+07 3.88364e+07 3.84572e+07 3.88967e+07 3.83888e+07 3.78291e+07 3.69527e+07 3.62437e+07 3.60496e+07 3.58612e+07 3.50971e+07 3.31883e+07 3.12462e+07 3.102e+07 3.08891e+07 3.07532e+07 3.0346e+07 2.90676e+07 2.73624e+07 2.42762e+07 2.24036e+07 2.20591e+07 2.19726e+07 2.15125e+07 3.21798e+07 2.12846e+07 2.05806e+07
threshold=5439.8750000000009 3100.5000000000005 8425.6250000000018 3923.5000000000005 2077.5000000000005 6689.2500000000009 10691.500000000002 4689.8750000000009 8987.5000000000018 7295.0000000000009 5344.5000000000009 3325.5000000000005 1659.2500000000002 2632.5000000000005 11475.500000000002 10.500000000000002 1.5000000000000002 9.5000000000000018 11.500000000000002 1.5000000000000002 3973.1250000000005 1.5000000000000002 10.500000000000002 1.5000000000000002 3772.3750000000005 6066.6250000000009 11.500000000000002 1.5000000000000002 1229.5000000000002 2.4450000000000007 9.5000000000000018 10.500000000000002 11.500000000000002 6417.5000000000009 4003.5000000000005 4076.5000000000005 10847.875000000002 10.500000000000002 1.5000000000000002 2920.5000000000005 2393.5000000000005 9549.3750000000018 11358.000000000002 2012.5000000000002 4680.5000000000009 7492.7500000000009 2891.8750000000005 10.500000000000002 4.1650000000000009 9.5000000000000018 5979.5000000000009 11.500000000000002 4384.5000000000009 4.7250000000000005 4412.6250000000009 11500.062500000002 2.4050000000000007 9371.5000000000018 6.6250000000000009 12784.375000000002 1.5000000000000002 1.5000000000000002
decision_type=2 2 2 2 2 2 2 2 2 2 2 2 2 2 2 2 2 2 2 2 2 2 2 2 2 2 2 2 2 2 2 2 2 2 2 2 2 2 2 2 2 2 2 2 2 2 2 2 2 2 2 2 2 2 2 2 2 2 2 2 2 2
left_child=1 4 5 11 12 10 8 18 30 33 34 37 28 40 48 16 -9 21 19 52 -21 -12 23 -11 32 -23 27 -10 -1 -20 41 46 -13 -7 -2 -18 57 38 -3 -40 51 -4 -16 -14 -37 -25 61 60 55 54 -19 -6 -5 -17 -22 -8 -34 -29 59 -44 -26 -15
right_child=2 3 6 7 13 9 14 15 26 22 17 24 43 31 42 53 35 50 29 20 49 25 -24 45 47 -27 -28 36 -30 -31 -32 -33 56 -35 -36 44 -38 -39 39 -41 -42 -43 58 -45 -46 -47 -48 -49 -50 -51 -52 -53 -54 -55 -56 -57 -58 -59 -60 -61 -62 -63
leaf_value=-149.17699597729799 13.618963387721417 -17.85922940512684 191.03250952548669 14.072261603555896 -95.035616569764898 110.93414455773696 290.66469277568251 68.565871299605774 329.63366546630863 216.53295033013643 115.73138420876492 -31.414391693730039 -114.23284887001867 -54.618031203530052 342.46140407986115 61.491897138871188 5.9278948460573924 98.415275932760807 11.769323616355431 -25.608891487410574 -5.4567236210374785 63.854955532392651 224.48816174958884 134.71994169742689 7.3910397479487093 89.331076189819797 335.31383860518298 229.41483793712797 -128.63726880449181 56.386310757990309 256.95752450448498 -42.005982944378843 -17.874410904285522 136.49771008379199 56.656365984912284 20.358587796145599 296.83074951171875 -25.483695378684999 -63.421814717889177 -43.89950592008811 -76.972012872454229 235.43066270616319 361.98284280711209 -98.94782618984101 37.627864466527477 168.78186591144515 -57.275099570400258 6.9789939488002233 344.30819448406783 19.111995240396126 130.44171413033311 -65.285796503676579 42.030682098199122 107.99568489693307 7.7398647251921391 330.18632252177258 20.555054352500221 263.17703815739327 429.70815429687502 418.68788285688925 -17.134419830376356 -78.820296173795654
leaf_weight=478 66 107 183 220 737 265 87 166 48 67 178 1182 1021 110 36 218 191 136 131 330 768 407 57 109 95 534 41 63 1013 137 54 313 86 467 433 523 71 250 347 918 947 63 58 620 707 247 659 175 89 266 167 97 161 37 638 61 66 205 40 44 1286 436
leaf_count=478 66 107 183 220 737 265 87 166 48 67 178 1182 1021 110 36 218 191 136 131 330 768 407 57 109 95 534 41 63 1013 137 54 313 86 467 433 523 71 250 347 918 947 63 58 620 707 247 659 175 89 266 167 97 161 37 638 61 66 205 40 44 1286 436
internal_value=-0.255253 -43.0465 154.217 -4.92364 -96.4279 105.876 286.722 18.6235 250.984 145.89 80.6305 -28.3716 -121.199 -72.9107 349.414 36.4635 31.3577 91.0409 6.22771 3.03943 -1.30863 84.2645 174.327 167.568 -19.8698 78.3122 278.153 272.098 -135.222 34.5773 212.223 -60.1224 -27.9703 127.243 50.964 27.011 263.951 -43.5197 -46.8062 -49.2546 -83.8105 202.403 387.271 -108.458 30.2849 158.353 -64.8282 -12.9251 320.982 3.48748 116.067 -91.5755 25.8867 68.2395 0.531486 306.954 -1.18793 255.24 398.631 386.444 -15.4473 -73.9444
internal_weight=19712 15436 4276 9005 6431 3133 1143 4493 728 1212 1921 4512 3132 3299 415 1842 1587 1422 2651 2383 2002 1119 480 423 2890 941 428 387 1491 268 300 1518 1334 732 499 1421 339 1622 1372 1265 1781 246 178 1641 1230 356 1205 1556 237 1672 303 834 381 255 1406 148 152 268 142 102 1381 546
internal_count=19712 15436 4276 9005 6431 3133 1143 4493 728 1212 1921 4512 3132 3299 415 1842 1587 1422 2651 2383 2002 1119 480 423 2890 941 428 387 1491 268 300 1518 1334 732 499 1421 339 1622 1372 1265 1781 246 178 1641 1230 356 1205 1556 237 1672 303 834 381 255 1406 148 152 268 142 102 1381 546
is_linear=0
shrinkage=0.05


Tree=2
num_leaves=63
num_cat=2
split_feature=6 0 6 5 5 6 0 6 5 5 5 5 5 5 6 27 18 19 18 18 18 6 18 18 6 7 18 4 18 4 5 18 18 19 18 17 6 6 5 6 18 7 0 18 17 5 0 27 17 7 18 19 6 18 0 17 6 18 18 4 18 19
split_gain=4.70403e+10 1.11789e+10 1.00829e+10 1.81961e+09 1.26546e+09 1.19413e+09 9.24473e+08 3.35303e+08 2.7677e+08 2.32714e+08 2.31415e+08 2.29205e+08 1.87314e+08 1.61255e+08 1.57981e+08 1.09286e+08 1.08775e+08 8.70506e+07 8.40066e+07 8.38715e+07 8.20861e+07 7.66335e+07 6.76864e+07 6.95844e+07 6.17714e+07 5.48167e+07 5.45351e+07 5.32664e+07 5.39807e+07 4.91296e+07 4.8761e+07 4.79465e+07 4.75971e+07 4.75355e+07 4.57325e+07 4.43122e+07 4.37593e+07 3.93954e+07 3.83996e+07 3.75076e+07 3.70292e+07 3.58553e+07 3.48967e+07 3.45735e+07 3.36227e+07 3.33235e+07 3.271e+07 3.18064e+07 3.08606e+07 2.91865e+07 3.52107e+07 2.76562e+07 2.75557e+07 2.74099e+07 2.64705e+07 2.53745e+07 2.47314e+07 2.36722e+07 2.24925e+07 2.12912e+07 2.09692e+07 2.18473e+07
threshold=5399.1250000000009 3057.5000000000005 8425.6250000000018 3923.5000000000005 1992.5000000000002 6689.2500000000009 10691.500000000002 4598.6250000000009 8987.5000000000018 7397.0000000000009 3325.5000000000005 5417.5000000000009 2494.5000000000005 11475.500000000002 1504.8750000000002 0 4.5000000000000009 9.5000000000000018 6.5000000000000009 3.5000000000000004 46.500000000000007 3973.1250000000005 4.5000000000000009 46.500000000000007 3772.3750000000005 5919.4375000000009 42.500000000000007 4146.5000000000009 4.5000000000000009 4003.5000000000005 6751.5000000000009 40.500000000000007 47.500000000000007 11.500000000000002 47.500000000000007 4.5250000000000012 2891.8750000000005 5056.7500000000009 2789.5000000000005 1831.2500000000002 6.5000000000000009 10847.875000000002 2229.5000000000005 3.5000000000000004 1.7550000000000001 7883.5000000000009 11358.000000000002 1 4.6250000000000009 11178.500000000002 36.500000000000007 10.500000000000002 1162.5000000000002 4.5000000000000009 7474.5000000000009 3.9650000000000003 5812.5000000000009 3.5000000000000004 41.500000000000007 3359.5000000000005 40.500000000000007 2.5000000000000004
decision_type=2 2 2 2 2 2 2 2 2 2 2 2 2 2 2 1 2 2 2 2 2 2 2 2 2 2 2 2 2 2 2 2 2 2 2 2 2 2 2 2 2 2 2 2 2 2 2 1 2 2 2 2 2 2 2 2 2 2 2 2 2 2
left_child=1 4 5 10 14 11 8 16 31 30 38 29 34 40 52 27 48 18 -13 -11 21 -18 -10 41 32 -20 54 28 -9 -2 58 45 53 36 42 -29 43 -17 -3 -16 -8 -24 -6 -14 -22 -4 -15 -26 -5 50 -42 57 -1 -12 -21 56 -19 -40 -7 -50 61 -31
right_child=2 3 6 7 12 9 13 15 22 19 24 17 33 46 39 37 20 55 25 26 44 -23 23 -25 47 -27 -28 35 -30 60 -32 -33 -34 -35 -36 -37 -38 -39 51 -41 49 -43 -44 -45 -46 -47 -48 -49 59 -51 -52 -53 -54 -55 -56 -57 -58 -59 -60 -61 -62 -63
leaf_value=-145.71549315621232 13.756322050094605 -58.590163293825526 162.10729448723072 16.059802992386224 -96.990762246002674 107.7728027014563 356.84742187500001 67.160535636544225 326.17346557617191 234.97910383357558 -7.4789499100394883 107.83166179656983 -40.774588494073782 325.33833143446185 -115.40047717527007 15.260790360399657 -25.73844104495393 77.494592026532715 53.683303548198154 133.17723498074514 8.0547887600958354 0.93382554708406618 240.91182976925012 310.52219599971068 -1.2848846627264909 81.549235501305105 209.29329439051014 49.88415917111427 13.886817581846907 82.976422762403303 136.40925038939747 245.77896393420653 -3.9232853353638006 -37.852774029171343 -61.287280586425304 91.422643442089509 -54.607586017509419 33.642381550936868 -8.585975555345124 -100.8784558414694 251.66762826102124 281.16211286272323 -81.277638869779963 -74.458982644570781 42.592240626440535 203.54993956518956 378.69941784496041 -16.962507161038733 30.931393721863465 313.55377761456145 317.41514739990237 -23.644091753053665 -127.87935743933809 -33.182954093827995 163.66107422437537 151.2881801060268 114.37556244821261 -43.396495216650266 145.85717631495277 67.913684333773219 80.68817126299885 48.329982705025884
leaf_weight=311 79 294 66 169 583 394 30 64 40 43 115 224 84 36 959 784 332 59 249 106 144 1426 264 54 475 606 51 485 185 51 358 51 194 194 188 74 692 464 51 829 56 70 897 818 138 183 142 1080 91 119 32 250 713 1057 217 35 198 1152 43 68 74 422
leaf_count=311 79 294 66 169 583 394 30 64 40 43 115 224 84 36 959 784 332 59 249 106 144 1426 264 54 475 606 51 485 185 51 358 51 194 194 188 74 692 464 51 829 56 70 897 818 138 183 142 1080 91 119 32 250 713 1057 217 35 198 1152 43 68 74 422
internal_value=-0.24249 -41.3564 144.865 -5.93962 -92.7299 99.4443 272.386 17.0371 238.435 138.596 -27.7153 75.6828 -72.4647 331.943 -117.636 31.8098 4.21076 87.129 80.5749 168.847 -0.0862296 -4.10326 264.246 257.862 -19.1057 73.4339 161.244 46.2426 27.5797 50.6146 122.728 201.611 -26.8635 -61.2217 -84.5166 55.383 -64.0658 21.9193 -42.1106 -108.667 304.932 249.348 -87.4673 -71.3221 24.9561 192.565 367.907 -12.2909 30.936 297.409 275.576 -38.7761 -133.296 -30.6608 153.657 111.348 105.909 -41.9207 111.52 46.7477 55.9378 52.0656
internal_weight=19712 15360 4352 9092 6268 3209 1143 4424 728 1212 4668 1997 3456 415 2812 2056 2368 1371 1079 417 2040 1758 428 388 2921 855 374 808 249 626 795 300 1366 1788 1668 559 1594 1248 1747 1788 237 334 1480 902 282 249 178 1555 328 207 88 1453 1024 1172 323 292 257 1203 437 159 547 473
internal_count=19712 15360 4352 9092 6268 3209 1143 4424 728 1212 4668 1997 3456 415 2812 2056 2368 1371 1079 417 2040 1758 428 388 2921 855 374 808 249 626 795 300 1366 1788 1668 559 1594 1248 1747 1788 237 334 1480 902 282 249 178 1555 328 207 88 1453 1024 1172 323 292 257 1203 437 159 547 473
cat_boundaries=0 1 2
cat_threshold=9 9
is_linear=0
shrinkage=0.05


Tree=3
num_leaves=63
num_cat=1
split_feature=6 5 6 5 0 6 5 0 6 0 5 5 5 5 19 0 18 18 18 19 6 15 18 18 18 5 6 18 19 19 5 17 18 7 18 5 6 7 18 7 27 17 5 17 17 18 6 6 6 7 17 18 18 0 6 17 17 18 1 18 18 18
split_gain=4.25497e+10 1.15554e+10 7.53838e+09 1.8847e+09 1.48255e+09 9.75845e+08 6.67662e+08 3.36939e+08 2.91362e+08 2.10742e+08 1.8874e+08 1.82513e+08 1.67115e+08 1.41845e+08 1.08727e+08 1.03496e+08 1.02554e+08 9.91328e+07 8.39836e+07 8.21361e+07 8.39278e+07 8.03528e+07 7.35475e+07 6.80134e+07 6.45426e+07 5.88117e+07 5.74387e+07 5.02906e+07 4.54575e+07 4.52901e+07 4.30611e+07 4.1751e+07 4.09651e+07 4.05788e+07 4.02832e+07 4.01448e+07 3.92577e+07 3.82993e+07 3.80526e+07 4.11742e+07 3.70571e+07 3.43457e+07 3.41047e+07 3.19958e+07 3.13337e+07 3.05942e+07 2.96031e+07 2.87785e+07 2.80946e+07 2.74322e+07 2.71712e+07 2.41732e+07 2.39304e+07 2.28292e+07 2.11584e+07 2.06853e+07 2.00277e+07 2.37674e+07 1.98571e+07 1.97397e+07 1.90166e+07 2.01062e+07
threshold=5766.2500000000009 3133.5000000000005 8862.0000000000018 4347.5000000000009 2159.5000000000005 7112.3750000000009 10712.500000000002 3869.5000000000005 4859.3750000000009 2750.5000000000005 1559.5000000000002 7487.5000000000009 6078.5000000000009 9196.5000000000018 10.500000000000002 11734.000000000002 4.5000000000000009 3.5000000000000004 3.5000000000000004 11.500000000000002 3432.8750000000005 0.31757515386879281 3.5000000000000004 43.500000000000007 37.500000000000007 3766.5000000000005 3911.3750000000005 2.5000000000000004 11.500000000000002 10.500000000000002 5344.5000000000009 4.6250000000000009 4.5000000000000009 6286.6875000000009 42.500000000000007 6836.0000000000009 1287.1250000000002 5263.1875000000009 46.500000000000007 11500.062500000002 0 4.6250000000000009 2701.5000000000005 4.8100000000000014 2.4050000000000007 4.5000000000000009 2532.0000000000005 3081.2500000000005 1831.2500000000002 4487.0625000000009 4.1950000000000012 5.5000000000000009 47.500000000000007 7685.0000000000009 4392.1250000000009 2.2450000000000006 1.8500000000000003 13.500000000000002 13053.500000000002 6.5000000000000009 42.500000000000007 3.5000000000000004
decision_type=2 2 2 2 2 2 2 2 2 2 2 2 2 2 2 2 2 2 2 2 2 2 2 2 2 2 2 2 2 2 2 2 2 2 2 2 2 2 2 2 1 2 2 2 2 2 2 2 2 2 2 2 2 2 2 2 2 2 2 2 2 2
left_child=1 4 5 7 10 12 13 19 17 28 36 35 30 34 16 21 50 41 -13 20 27 -8 -15 26 53 -9 -19 -3 45 32 -2 48 -14 -34 -4 -7 -1 -18 39 -24 -27 -5 -11 -16 -21 -6 -47 -29 -12 -42 -10 -22 -50 -20 -28 -31 57 -39 59 -17 61 -32
right_child=2 3 6 8 9 11 15 25 14 42 31 18 29 22 43 58 37 23 24 44 51 -23 38 -25 -26 40 54 47 -30 55 60 -33 33 -35 -36 -37 -38 56 -40 -41 49 -43 -44 -45 -46 46 -48 -49 52 -51 -52 -53 -54 -55 -56 -57 -58 -59 -60 -61 -62 -63
leaf_value=-135.06902015949117 51.951271054619241 10.014189052581788 202.57661901173859 25.663662307649048 -53.369456923380497 113.50751548805817 288.61737441530653 -14.177497610099397 58.313485071692675 -61.263338015390481 -108.15963669742446 250.78799617991729 129.4846552848816 336.1080240885417 66.612971785848174 379.63104506983905 27.286509363301562 -30.809150887839497 136.9854471842448 -18.082004094123842 -2.2023428047856979 373.39827306410848 241.33767968209469 35.230462141620869 207.37521748159125 11.121318234086543 -0.75164277313017358 -59.754539400084411 -49.930470034410789 116.77401208496094 110.24436457707333 -61.999916961669925 73.957007321444436 101.95452543543405 258.80313335217932 143.10037180211424 -117.11658689615152 79.857212242713345 298.13587618741121 294.54182884579615 -9.5470031827646658 70.693044184675131 -46.479346102789833 111.46315089634487 14.564910268130369 -84.608857136187353 -70.815856367614927 -39.211263380688472 -97.215457026822591 5.702156577234021 101.75598378638699 -25.067343447124504 -69.080431635786852 166.83307603121784 14.431576190737591 157.59455851236979 36.229209699159789 46.307484993306772 385.9528659986413 333.75423990885417 100.47618188750879 73.034104467437388
leaf_weight=464 190 44 197 74 128 197 157 791 71 552 664 34 96 30 211 33 663 96 87 148 124 34 271 245 87 698 337 234 172 100 39 75 176 489 38 274 886 65 44 42 717 99 1330 49 146 920 674 628 965 501 73 1705 82 243 719 45 405 281 46 81 89 525
leaf_count=464 190 44 197 74 128 197 157 791 71 552 664 34 96 30 211 33 663 96 87 148 124 34 271 245 87 698 337 234 172 100 39 75 176 489 38 274 886 65 44 42 717 99 1330 49 146 920 674 628 965 501 73 1705 82 243 719 45 405 281 46 81 89 525
internal_value=0.0430406 -35.0036 154.271 1.93871 -83.7684 110.867 273.423 -15.5262 31.5073 -62.6653 -109.178 152.491 88.9236 242.31 45.1333 328.559 40.1382 15.729 175.225 -26.9822 -29.6817 303.709 260.916 11.3076 169.064 -2.7074 6.2199 -42.1265 -74.44 103.832 72.901 -98.5137 98.9523 94.5447 211.669 130.723 -123.287 36.0445 254.597 248.477 2.02791 51.4319 -50.8156 75.0655 -1.86959 -76.8881 -78.7767 -44.788 -100.114 -3.2479 80.3364 -23.5172 -95.0119 158.964 9.58617 129.442 43.7762 52.6102 358.223 347.034 78.9967 75.6072
internal_weight=19680 16036 3644 9124 6912 2671 973 5736 3388 3776 3136 922 1749 622 1818 351 1558 1570 451 3029 2735 191 387 1397 417 2707 1152 906 1894 906 843 1786 761 665 235 471 1350 1414 357 313 1916 173 1882 260 294 1722 1594 862 1711 1218 144 1829 1047 330 1056 145 751 346 160 114 653 564
internal_count=19680 16036 3644 9124 6912 2671 973 5736 3388 3776 3136 922 1749 622 1818 351 1558 1570 451 3029 2735 191 387 1397 417 2707 1152 906 1894 906 843 1786 761 665 235 471 1350 1414 357 313 1916 173 1882 260 294 1722 1594 862 1711 1218 144 1829 1047 330 1056 145 751 346 160 114 653 564
cat_boundaries=0 1
cat_threshold=9
is_linear=0
shrinkage=0.05


Tree=4
num_leaves=63
num_cat=2
split_feature=6 5 6 5 0 6 5 6 6 5 5 5 5 5 0 19 19 18 18 18 6 18 18 18 18 6 12 27 18 18 0 5 17 6 18 4 7 18 18 17 18 7 4 5 17 17 17 8 8 5 6 6 6 27 18 17 19 17 17 18 8 1
split_gain=3.8401e+10 1.04289e+10 6.80339e+09 1.70087e+09 1.33801e+09 8.81622e+08 6.02565e+08 3.06709e+08 2.64473e+08 1.93009e+08 1.74656e+08 1.70337e+08 1.42157e+08 1.28016e+08 9.34055e+07 9.2631e+07 9.2382e+07 9.40551e+07 8.87235e+07 8.63737e+07 8.83378e+07 7.43676e+07 6.97484e+07 6.63766e+07 5.82382e+07 5.78022e+07 4.67015e+07 4.65238e+07 4.52407e+07 5.18393e+07 4.11171e+07 3.88648e+07 3.76803e+07 3.7639e+07 3.68211e+07 3.62205e+07 3.55578e+07 3.53758e+07 3.59665e+07 3.50783e+07 3.47237e+07 3.92553e+07 3.24433e+07 3.18736e+07 3.18106e+07 3.13002e+07 2.99412e+07 2.99347e+07 2.83156e+07 2.67186e+07 2.59538e+07 2.53554e+07 2.48135e+07 2.18072e+07 2.15971e+07 2.08485e+07 2.05799e+07 1.9959e+07 1.98093e+07 1.99659e+07 1.98041e+07 1.8776e+07
threshold=5766.2500000000009 3133.5000000000005 8862.0000000000018 4347.5000000000009 2159.5000000000005 7206.6250000000009 10712.500000000002 3973.1250000000005 4946.7500000000009 2612.5000000000005 6078.5000000000009 1559.5000000000002 7487.5000000000009 9196.5000000000018 11734.000000000002 11.500000000000002 10.500000000000002 4.5000000000000009 3.5000000000000004 3.5000000000000004 3417.8750000000005 3.5000000000000004 43.500000000000007 3.5000000000000004 41.500000000000007 4339.3750000000009 5.1800000000000006 0 4.5000000000000009 40.500000000000007 2973.5000000000005 5344.5000000000009 4.6250000000000009 6253.3750000000009 40.500000000000007 3086.5000000000005 1332.9375000000002 47.500000000000007 4.5000000000000009 2.4050000000000007 44.500000000000007 11500.062500000002 3939.5000000000005 6836.0000000000009 4.8550000000000013 4.6250000000000009 4.8100000000000014 4497.166666666667 2610.5833333333335 5061.5000000000009 3081.2500000000005 1831.2500000000002 3739.8750000000005 1 47.500000000000007 5.1800000000000006 10.500000000000002 1.0000000180025095e-35 2.4850000000000008 16.500000000000004 10020.625000000002 11726.000000000002
decision_type=2 2 2 2 2 2 2 2 2 2 2 2 2 2 2 2 2 2 2 2 2 2 2 2 2 2 2 1 2 2 2 2 2 2 2 2 2 2 2 2 2 2 2 2 2 2 2 2 2 2 2 2 2 1 2 2 2 2 2 2 2 2
left_child=1 4 5 7 11 10 13 15 18 37 31 36 43 34 26 19 17 55 45 44 50 -14 25 -15 -23 52 -8 35 -12 33 -11 -2 51 -30 60 -9 -1 38 -6 -17 41 -25 -19 -7 -3 -5 -18 -29 -40 -44 -21 -13 -20 -22 -53 -10 -32 -24 59 -35 -4 -16
right_child=2 3 6 8 9 12 14 27 16 30 28 32 21 23 61 39 46 42 22 20 53 24 57 40 -26 -27 -28 47 29 -31 56 -33 -34 58 -36 -37 -38 -39 48 -41 -42 -43 49 -45 -46 -47 -48 -49 -50 -51 -52 54 -54 -55 -56 -57 -58 -59 -60 -61 -62 -63
leaf_value=-127.13805022908149 49.353707292456377 -10.741371903106245 181.09363825180952 26.34086702646211 -47.323667948363266 108.31956881615424 272.60002676504627 -25.542228543580467 63.671414629618326 -56.529658962337329 129.71866094174592 -102.75165259579579 239.40786724668561 319.3026171875 315.27192622166058 -15.35069336136398 64.836335031609778 10.625256273926809 -37.196723183851979 -58.319638631986152 -15.733568568409019 152.87959553438074 22.22142891163449 227.67561258397677 203.26115775730301 14.300287711553853 326.91145717075892 -11.125313698162547 66.950485259042665 119.39120852821753 -44.947327130794001 75.008123081472348 -58.899921346028648 117.51298557579094 240.14983876546228 13.020292575360683 -110.54797587950537 -49.24030405785664 -81.768815931907071 16.2011100934102 277.27296142578126 279.81473214285717 30.184890435521829 137.29078311842315 29.942408060866434 67.112176320186038 110.60931777954102 2.7057549040109894 -68.128211923400613 45.351461935954234 -38.140691985727379 -92.354684456148306 -3.1412724975915935 -27.845046883419055 -65.626409721374515 105.21942009559046 -25.685677658057799 49.316531086505805 82.845097793487312 92.995504186649143 217.62902568742345 352.0283917628297
leaf_weight=535 190 137 136 86 122 155 135 67 72 893 115 664 33 30 51 184 190 119 65 219 668 340 139 257 69 919 56 999 142 190 898 662 75 141 48 668 815 166 832 169 58 42 561 245 74 104 44 643 701 602 585 965 302 1323 82 52 164 133 187 202 51 109
leaf_count=535 190 137 136 86 122 155 135 67 72 893 115 664 33 30 51 184 190 119 65 219 668 340 139 257 69 919 56 999 142 190 898 662 75 141 48 668 815 166 832 169 58 42 561 245 74 104 44 643 701 602 585 965 302 1323 82 52 164 133 187 202 51 109
internal_value=0.0411711 -33.2531 146.558 1.84238 -79.58 105.323 259.752 -14.7489 29.932 -59.5321 85.8327 -103.719 147.661 230.194 312.131 -24.475 44.3544 39.5131 16.4007 -27.3203 -29.6491 167.205 12.4669 247.87 161.379 7.60149 288.524 -1.0047 100.261 96.3315 -48.6221 69.2871 -93.588 89.8116 201.085 9.37748 -117.123 -71.2449 -73.452 -0.245156 241.867 235 35.4912 126.064 3.52687 48.6578 73.4432 -5.67457 -75.5313 38.0355 -43.6372 -95.1086 -9.17289 -24.0004 -90.2614 81.0948 -41.9728 35.4701 95.9367 103.074 191.058 340.312
internal_weight=19680 16036 3644 9124 6912 2671 973 5736 3388 3776 1829 3136 842 622 351 3359 1640 1406 1748 3006 2795 442 1558 387 409 1286 191 2377 977 862 1955 852 1786 672 235 735 1350 1821 1655 353 357 299 1282 400 211 190 234 1642 1533 1163 804 1711 367 1991 1047 124 1062 272 530 343 187 160
internal_count=19680 16036 3644 9124 6912 2671 973 5736 3388 3776 1829 3136 842 622 351 3359 1640 1406 1748 3006 2795 442 1558 387 409 1286 191 2377 977 862 1955 852 1786 672 235 735 1350 1821 1655 353 357 299 1282 400 211 190 234 1642 1533 1163 804 1711 367 1991 1047 124 1062 272 530 343 187 160
cat_boundaries=0 1 2
cat_threshold=9 9
is_linear=0
shrinkage=0.05


Tree=5
num_leaves=63
num_cat=0
split_feature=6 0 6 6 0 0 6 6 6 6 0 6 6 18 18 1 18 19 19 19 18 18 18 18 18 18 7 18 18 6 19 17 4 4 19 18 19 17 17 18 8 19 6 2 17 18 18 18 18 4 18 8 17 18 6 19 17 4 7 12 17 19
split_gain=3.46574e+10 9.40082e+09 6.14308e+09 1.58969e+09 1.09035e+09 7.38042e+08 5.56902e+08 2.63397e+08 2.3321e+08 1.55503e+08 1.37038e+08 1.35077e+08 1.15214e+08 1.14959e+08 1.0984e+08 1.17784e+08 1.08322e+08 9.68228e+07 9.61849e+07 8.91303e+07 8.90435e+07 7.76177e+07 7.55176e+07 7.25394e+07 7.18667e+07 5.6583e+07 5.23191e+07 5.10227e+07 5.50468e+07 5.09847e+07 4.82839e+07 4.77254e+07 4.34378e+07 4.26647e+07 4.25864e+07 4.04968e+07 3.93747e+07 3.8069e+07 3.58667e+07 3.54371e+07 3.50876e+07 3.45797e+07 3.41759e+07 3.36869e+07 3.29608e+07 3.28446e+07 3.24393e+07 3.17509e+07 3.0494e+07 3.04176e+07 2.67773e+07 2.66317e+07 2.64872e+07 2.62609e+07 2.62321e+07 2.54831e+07 2.51166e+07 2.41437e+07 2.29013e+07 2.18885e+07 2.1678e+07 2.17897e+07
threshold=5766.2500000000009 3158.5000000000005 8425.6250000000018 4392.1250000000009 2159.5000000000005 10691.500000000002 7112.3750000000009 3772.3750000000005 5026.6250000000009 1636.0000000000002 2750.5000000000005 9371.5000000000018 6421.6250000000009 5.5000000000000009 4.5000000000000009 11726.000000000002 4.5000000000000009 10.500000000000002 11.500000000000002 9.5000000000000018 4.5000000000000009 4.5000000000000009 4.5000000000000009 46.500000000000007 42.500000000000007 5.5000000000000009 3114.2500000000005 3.5000000000000004 40.500000000000007 7629.8750000000009 9.5000000000000018 2.4050000000000007 3939.5000000000005 2716.5000000000005 10.500000000000002 6.5000000000000009 9.5000000000000018 4.1850000000000014 4.8550000000000013 47.500000000000007 10822.083333333336 9.5000000000000018 1240.2500000000002 13037.500000000002 4.1950000000000012 6.5000000000000009 5.5000000000000009 42.500000000000007 42.500000000000007 3392.5000000000005 41.500000000000007 2610.5833333333335 4.1850000000000014 42.500000000000007 4066.7500000000005 1.5000000000000002 1.0000000180025095e-35 5213.5000000000009 7457.0000000000009 5.7000000000000011 2.4050000000000007 11.500000000000002
decision_type=2 2 2 2 2 2 2 2 2 2 2 2 2 2 2 2 2 2 2 2 2 2 2 2 2 2 2 2 2 2 2 2 2 2 2 2 2 2 2 2 2 2 2 2 2 2 2 2 2 2 2 2 2 2 2 2 2 2 2 2 2 2
left_child=1 4 6 7 9 11 12 18 22 42 34 30 27 58 -7 47 37 33 20 21 38 -10 52 25 49 -13 -22 -2 56 50 35 -20 -23 -18 46 -4 45 -9 -3 -11 -27 55 -1 59 -21 -14 -6 -16 -31 -24 -15 -48 -5 -28 -35 -12 -29 -47 -8 -17 -19 -62
right_child=2 3 5 8 10 14 13 16 19 39 41 23 36 29 15 43 17 60 31 44 26 32 24 -25 -26 40 53 28 -30 48 -32 -33 -34 54 -36 -37 -38 -39 -40 -41 -42 -43 -44 -45 -46 57 51 -49 -50 -51 -52 -53 -54 -55 -56 -57 -58 -59 -60 -61 61 -63
leaf_value=-123.63236640294393 109.11649178282856 -15.81712507037666 220.76146199544269 30.007600469102144 -49.814956016540528 360.12321335812834 167.40080782572431 7.4792635535977414 76.567609354654948 -90.851408190087255 -30.503509690584117 280.06126197076617 116.12874105434226 105.24849012191982 247.44755346419967 282.30784414785882 -48.703192592572563 5.109245114040375 -19.648759298761128 58.690311189634464 -54.870825088373287 6.6644978833119595 -16.550972661430187 280.93909683227542 36.091772589717117 200.10192014632688 -32.83127146612204 68.121010295471351 91.143792653638272 133.52656102774623 213.79568958021193 21.34479274313215 35.469947526132017 -17.029312768261665 -50.577797268309581 158.20544430347201 119.95369880143988 42.795996015681368 25.999997376286707 -66.571482910018375 238.18331954956057 -34.242834071021484 -106.1010930429741 345.43067236328125 104.29979709057098 50.55616101204081 -78.718233161034533 302.83819783528651 184.0608231977983 10.67414485148675 143.87928685602154 -65.238043447557274 69.944159047444657 -18.210086966765687 -6.0638110122974513 -54.008294606134534 49.589350126246494 88.068446263082166 223.08944132486982 331.15053024291996 8.8902259757263327 47.201454145621653
leaf_weight=384 73 127 30 93 180 47 48 179 105 1587 131 31 99 292 188 81 79 250 142 252 239 151 110 48 284 248 1676 404 172 313 73 142 982 1044 347 188 129 133 86 166 80 415 1007 50 47 47 770 30 33 1524 53 699 75 376 1142 963 334 491 30 32 70 79
leaf_count=384 73 127 30 93 180 47 48 179 105 1587 131 31 99 292 188 81 79 250 142 252 239 151 110 48 284 248 1676 404 172 313 73 142 982 1044 347 188 129 133 86 166 80 415 1007 50 47 47 770 30 33 1524 53 699 75 376 1142 963 334 491 30 32 70 79
internal_value=0.0380055 -31.5918 139.23 0.627756 -77.0791 236.311 95.8175 -15.6853 26.581 -98.4576 -57.9025 204.612 80.2255 131.279 288.006 279.109 -5.34 -8.60454 -26.7282 41.3595 -29.8559 35.4422 15.6919 223.211 12.8764 215.493 -32.7308 68.8972 65.6708 124.784 178.6 0.848017 31.6309 -12.6053 -66.4988 166.814 94.7631 22.5342 1.06678 -88.5522 209.39 -46.532 -110.941 311.259 65.8597 89.6617 -69.8491 255.07 138.346 8.84136 111.183 -72.3039 47.8364 -30.1521 -11.3008 -51.1937 59.7341 84.7914 188.82 296.139 14.1066 29.2029
internal_weight=19680 16036 3644 9387 6649 1126 2518 5764 3623 3144 3505 698 1749 769 428 381 2976 2664 2788 1537 2504 1238 2086 407 1918 359 2291 983 910 691 291 284 1133 2265 1996 218 766 312 213 1753 328 1509 1391 163 299 637 1649 218 346 1634 345 1469 168 2052 2186 1094 738 538 78 113 399 149
internal_count=19680 16036 3644 9387 6649 1126 2518 5764 3623 3144 3505 698 1749 769 428 381 2976 2664 2788 1537 2504 1238 2086 407 1918 359 2291 983 910 691 291 284 1133 2265 1996 218 766 312 213 1753 328 1509 1391 163 299 637 1649 218 346 1634 345 1469 168 2052 2186 1094 738 538 78 113 399 149
is_linear=0
shrinkage=0.05


Tree=6
num_leaves=63
num_cat=1
split_feature=6 6 6 5 5 6 0 0 5 5 5 6 5 18 0 5 5 18 0 18 18 18 19 18 18 18 18 19 6 18 5 18 18 5 1 27 6 5 18 8 17 5 17 1 18 6 5 6 19 17 17 8 6 18 6 19 17 17 8 16 22 18
split_gain=3.13435e+10 7.55772e+09 6.71001e+09 1.25349e+09 8.42067e+08 7.8934e+08 6.09414e+08 2.27281e+08 1.82765e+08 1.71567e+08 1.6802e+08 1.38621e+08 1.23644e+08 1.03858e+08 9.71611e+07 9.26392e+07 8.4624e+07 5.86297e+07 5.73508e+07 5.68601e+07 5.48558e+07 5.80581e+07 4.65625e+07 4.63177e+07 4.62299e+07 4.51255e+07 4.30197e+07 4.16132e+07 4.75473e+07 3.82367e+07 3.39767e+07 3.37723e+07 3.36392e+07 3.36334e+07 3.33268e+07 3.21253e+07 3.12187e+07 2.81857e+07 2.64217e+07 2.56015e+07 2.54345e+07 2.45917e+07 2.42617e+07 2.3945e+07 2.24911e+07 2.15356e+07 2.12593e+07 2.07573e+07 2.06178e+07 2.05102e+07 2.04981e+07 2.03109e+07 2.0014e+07 1.99635e+07 1.983e+07 1.97076e+07 1.91689e+07 1.88362e+07 1.86601e+07 1.85218e+07 1.83606e+07 1.78843e+07
threshold=5439.8750000000009 3081.2500000000005 8425.6250000000018 3990.5000000000005 2077.5000000000005 6554.6250000000009 10691.500000000002 4575.5000000000009 7193.0000000000009 8987.5000000000018 3325.5000000000005 1659.2500000000002 5344.5000000000009 4.5000000000000009 2565.5000000000005 4680.5000000000009 11083.000000000002 4.5000000000000009 3997.5000000000005 4.5000000000000009 4.5000000000000009 47.500000000000007 10.500000000000002 4.5000000000000009 47.500000000000007 4.5000000000000009 47.500000000000007 10.500000000000002 3772.3750000000005 46.500000000000007 6417.5000000000009 43.500000000000007 4.5000000000000009 1229.5000000000002 7277.0000000000009 0 6191.5000000000009 7883.5000000000009 43.500000000000007 10822.083333333336 1.8500000000000003 4630.5000000000009 4.7250000000000005 11726.000000000002 3.5000000000000004 12784.375000000002 2961.5000000000005 1976.2500000000002 9.5000000000000018 5.3750000000000009 3.0350000000000006 3792.4583333333335 4412.6250000000009 3.5000000000000004 2278.1250000000005 1.5000000000000002 1.7550000000000001 1.7550000000000001 2610.5833333333335 6.455000000000001 15.350000000000001 4.5000000000000009
decision_type=2 2 2 2 2 2 2 2 2 2 2 2 2 2 2 2 2 2 2 2 2 2 2 2 2 2 2 2 2 2 2 2 2 2 2 1 2 2 2 2 2 2 2 2 2 2 2 2 2 2 2 2 2 2 2 2 2 2 2 2 2 2
left_child=1 4 5 10 11 12 9 27 30 37 31 33 41 -8 26 48 43 42 35 -10 49 60 25 -11 58 -14 44 28 53 39 -7 46 -30 -1 -21 -12 57 -4 -36 -25 -26 -2 -16 -15 -6 -18 -3 -13 55 -17 -29 -37 -34 -5 -46 -9 -23 -27 -19 -51 -22 -20
right_child=2 3 6 7 14 8 13 15 19 23 18 47 22 16 17 20 45 24 61 34 21 56 -24 29 40 36 -28 50 32 -31 -32 -33 52 -35 38 51 -38 -39 -40 -41 -42 -43 -44 -45 54 -47 -48 -49 -50 59 -52 -53 -54 -55 -56 -57 -58 -59 -60 -61 -62 -63
leaf_value=-116.07018082373254 13.42376048564911 -45.792980513770516 137.07699665742763 14.527975436179871 -46.124131335382884 84.085078704584532 342.25593983043325 33.54937045068845 175.37377830954159 267.95118986430924 -11.336106552954966 -88.886137789572714 92.118237617072168 226.40526994977677 -41.104633799899716 47.465079952795293 273.11855016931315 -69.280114305669613 17.180748134283792 106.08003851707946 30.077683521716313 42.540177404880524 90.991153789319497 195.28182728021216 -46.529535351967326 62.063147196537116 -43.653597924399513 10.942296363938024 25.192789708958433 249.3101219321197 104.46411838944341 -18.001214009691886 -3.8812788350700709 -99.881682611256096 129.84622869208309 -32.358998321429375 72.985487606650906 173.79249564651894 172.61394951052785 228.114303395718 -9.1542095861715431 43.659089757254904 -7.4205850124359136 267.98591600501021 -80.464230188333772 308.86576916924838 -32.760780163139472 -77.483059815862788 32.052788681541848 111.79731537790011 36.850199936217621 -19.411410612249057 8.3285152804330131 -29.203416570099918 -66.999252693869849 8.8810997639585434 79.908340887121255 44.635017863747215 -53.321154020996374 59.584758551461363 5.985705278008834 -6.8605917578582138
leaf_weight=474 80 458 68 31 92 367 44 92 68 38 876 913 127 140 110 79 154 220 84 141 869 64 190 239 98 328 177 213 165 53 462 283 791 993 303 496 323 226 41 79 85 422 104 46 424 58 988 709 151 33 119 778 583 165 770 675 74 294 1094 35 87 978
leaf_count=474 80 458 68 31 92 367 44 92 68 38 876 913 127 140 110 79 154 220 84 141 869 64 190 239 98 328 177 213 165 53 462 283 791 993 303 496 323 226 41 79 85 422 104 46 424 58 988 709 151 33 119 778 583 165 770 675 74 294 1094 35 87 978
internal_value=0.186118 -33.055 119.718 -4.13089 -75.3905 81.9975 223.358 15.8613 110.293 194.434 -21.23 -93.9748 59.8294 269.362 -57.3039 27.207 261.303 -49.2146 -14.4653 132.556 36.1149 32.2615 68.1783 215.376 -52.7141 64.135 -66.7644 4.01061 0.907232 209.991 95.4423 -33.7971 3.86111 -105.112 126.552 -19.1609 60.3743 165.3 134.944 203.438 -29.1694 38.8407 -24.7348 236.689 -69.9453 282.898 -36.8885 -83.9017 15.1648 64.7926 20.2286 -24.2618 1.29944 -22.2867 -71.7808 11.84 62.5782 53.8254 -55.9931 84.9232 27.8852 -4.95902
internal_weight=19721 15430 4291 9167 6263 3146 1145 4226 1382 703 4941 3089 1764 442 3174 2159 398 1711 3212 553 1241 1094 1262 409 1497 1072 1463 2067 1735 371 829 1729 1539 1467 485 2150 945 294 344 318 183 502 214 186 1286 212 1446 1622 918 147 332 1274 1374 196 1194 767 138 622 1314 68 956 1062
internal_count=19721 15430 4291 9167 6263 3146 1145 4226 1382 703 4941 3089 1764 442 3174 2159 398 1711 3212 553 1241 1094 1262 409 1497 1072 1463 2067 1735 371 829 1729 1539 1467 485 2150 945 294 344 318 183 502 214 186 1286 212 1446 1622 918 147 332 1274 1374 196 1194 767 138 622 1314 68 956 1062
cat_boundaries=0 1
cat_threshold=9
is_linear=0
shrinkage=0.05


Tree=7
num_leaves=63
num_cat=1
split_feature=6 6 6 5 5 6 0 0 5 5 5 5 5 6 18 5 5 18 18 18 18 18 18 19 18 18 0 18 0 4 4 18 7 18 6 6 5 6 19 6 18 1 27 5 6 19 19 19 18 6 4 18 10 7 6 22 18 0 6 9 6 11
split_gain=2.82902e+10 6.7198e+09 6.18091e+09 1.08914e+09 7.61043e+08 6.5545e+08 6.38772e+08 1.90759e+08 1.87029e+08 1.51533e+08 1.31099e+08 1.18075e+08 1.13467e+08 1.01198e+08 9.37318e+07 7.63732e+07 7.53211e+07 5.04126e+07 4.91483e+07 4.80265e+07 4.78664e+07 4.70364e+07 4.44516e+07 4.28444e+07 4.26145e+07 4.13834e+07 4.07295e+07 4.02895e+07 3.77621e+07 3.64352e+07 3.21193e+07 3.15415e+07 3.04305e+07 2.99074e+07 3.05794e+07 2.96437e+07 2.87231e+07 2.60107e+07 2.5753e+07 2.55202e+07 2.42661e+07 2.16104e+07 2.12887e+07 2.04214e+07 1.94359e+07 1.86412e+07 1.80117e+07 1.78982e+07 1.77856e+07 2.04657e+07 1.73099e+07 1.63564e+07 1.58055e+07 1.48583e+07 1.46901e+07 1.46409e+07 1.45269e+07 1.44935e+07 1.44466e+07 1.409e+07 1.36946e+07 1.32139e+07
threshold=5399.1250000000009 3081.2500000000005 8252.5000000000018 3990.5000000000005 1992.5000000000002 6554.6250000000009 10691.500000000002 4575.5000000000009 8987.5000000000018 3451.5000000000005 7001.0000000000009 5344.5000000000009 2470.5000000000005 1449.1250000000002 4.5000000000000009 11083.000000000002 4680.5000000000009 3.5000000000000004 3.5000000000000004 4.5000000000000009 47.500000000000007 47.500000000000007 43.500000000000007 10.500000000000002 4.5000000000000009 4.5000000000000009 3997.5000000000005 46.500000000000007 3933.5000000000005 4413.5000000000009 8680.5000000000018 47.500000000000007 10048.312500000002 43.500000000000007 7492.7500000000009 6000.8750000000009 3021.5000000000005 1807.7500000000002 10.500000000000002 2557.0000000000005 4.5000000000000009 11726.000000000002 0 6417.5000000000009 12784.375000000002 9.5000000000000018 11.500000000000002 1.5000000000000002 3.5000000000000004 2233.6250000000005 2942.5000000000005 3.5000000000000004 1099.0435471173262 4805.6875000000009 2992.5000000000005 7.8600000000000003 48.500000000000007 9039.5000000000018 4859.3750000000009 338.89003864095099 3973.1250000000005 815.01354167780471
decision_type=2 2 2 2 2 2 2 2 2 2 2 2 2 2 2 2 2 2 2 2 2 2 2 2 2 2 2 2 2 2 2 2 2 2 2 2 2 2 2 2 2 2 1 2 2 2 2 2 2 2 2 2 2 2 2 2 2 2 2 2 2 2
left_child=1 4 5 9 13 11 8 28 30 22 43 29 31 -1 -8 41 45 -14 -18 55 39 58 36 25 -10 -13 42 32 46 -2 52 48 -26 34 -21 -27 -3 56 40 -19 -30 -16 -11 -7 61 47 -5 -9 -6 -50 -42 -28 -4 -49 -22 -12 -15 -32 -20 -37 -44 -17
right_child=2 3 6 7 12 10 14 16 24 26 19 23 17 37 15 44 18 20 21 33 54 -23 -24 -25 27 35 51 -29 38 -31 57 -33 -34 -35 -36 59 -38 -39 -40 -41 50 -43 60 -45 -46 -47 -48 53 49 -51 -52 -53 -54 -55 -56 -57 -58 -59 -60 -61 -62 -63
leaf_value=-105.37912229182132 9.9761917387397556 -42.113649450965553 146.22894712989009 -11.093515190469459 -46.072679388800339 79.654124948801098 325.14314519708807 31.871901939355809 252.31081176757812 -9.3515368444502638 132.7126112874349 87.081128035325278 -24.107261153967073 -91.994095222782221 215.0850063650949 286.4689128766741 66.238402323041655 -68.065179784061343 16.310014324679095 95.349261399811397 -34.511097090840337 58.343085940407981 -14.720693186023329 86.032983609713042 174.37004924905713 47.495471752849646 19.699245469710405 238.08759110062212 24.291611999719322 42.956063656136394 155.70622469707601 -44.995717615906784 205.03566507641736 143.19911882449421 121.53157415622618 76.856784914250966 -28.716279455119668 -78.462906857745153 23.580498689869504 -50.809305616382034 -31.402944236331521 254.586622155231 -25.125210433534306 96.643078400985061 293.42248261550378 30.450149345264727 15.761887447039285 0.90894950187268742 -78.021986066629964 -65.115372149290707 3.8208015100684549 -5.7121007829888377 108.91301180521648 15.879586987672969 1.9757795900106432 179.17325314252807 -70.856997277763455 183.59996668198531 30.251255191538458 59.370142955617929 -11.580341715812684 251.51959567029937
leaf_weight=863 103 575 134 470 86 363 44 92 40 659 30 130 202 938 140 35 105 262 255 204 200 132 415 195 145 442 68 54 147 448 103 164 183 78 246 171 1315 884 222 1176 36 46 736 345 58 151 72 334 466 901 1120 921 36 329 32 39 89 85 685 353 250 119
leaf_count=863 103 575 134 470 86 363 44 92 40 659 30 130 202 938 140 35 105 262 255 204 200 132 415 195 145 442 68 54 147 448 103 164 183 78 246 171 1315 884 222 1176 36 46 736 345 58 151 72 334 466 901 1120 921 36 329 32 39 89 85 685 353 250 119
internal_value=0.176524 -31.7706 112.434 -4.3107 -71.621 75.375 207.871 14.5713 180.659 -20.1764 102.485 56.1683 -56.0797 -91.168 255.894 248.238 25.2499 -47.6995 33.5917 119.743 -50.5532 30.3941 -29.5385 64.4385 203.209 60.5965 -11.9836 198.068 3.81008 36.791 154.076 -65.7815 191.479 114.617 109.662 57.0323 -32.7922 -84.7504 7.83904 -53.9533 5.15707 224.854 -16.8045 87.9326 268.754 14.413 -7.52601 11.2055 -68.1276 -69.5151 2.72387 -3.96491 138.327 8.33782 -29.4784 158.973 -90.1624 168.318 26.4693 65.0767 -21.4731 259.463
internal_weight=19721 15352 4369 9089 6263 3147 1222 4150 780 4939 1305 1842 3489 2774 442 398 2083 1872 1177 597 1670 1072 2305 1291 422 1096 2634 382 2067 551 358 1617 328 528 450 966 1890 1911 1525 1438 1303 186 1645 708 212 906 542 755 1453 1367 1156 989 170 663 232 69 1027 188 940 524 986 154
internal_count=19721 15352 4369 9089 6263 3147 1222 4150 780 4939 1305 1842 3489 2774 442 398 2083 1872 1177 597 1670 1072 2305 1291 422 1096 2634 382 2067 551 358 1617 328 528 450 966 1890 1911 1525 1438 1303 186 1645 708 212 906 542 755 1453 1367 1156 989 170 663 232 69 1027 188 940 524 986 154
cat_boundaries=0 1
cat_threshold=9
is_linear=0
shrinkage=0.05


Tree=8
num_leaves=63
num_cat=2
split_feature=6 0 7 5 5 6 0 5 0 6 5 5 5 5 18 18 5 15 5 0 18 19 0 19 19 5 5 18 19 27 18 0 19 27 8 17 18 0 18 18 19 7 17 0 8 18 19 7 17 5 8 18 18 18 1 1 6 18 18 8 7 5
split_gain=2.55388e+10 6.7404e+09 4.79029e+09 1.13228e+09 8.42526e+08 5.40441e+08 4.28324e+08 2.16027e+08 1.62905e+08 1.34747e+08 1.17914e+08 1.04082e+08 9.89014e+07 9.87632e+07 8.38675e+07 7.519e+07 6.72469e+07 6.19495e+07 4.79248e+07 4.53088e+07 4.52363e+07 4.25643e+07 3.78936e+07 3.18187e+07 3.07819e+07 3.07454e+07 3.07101e+07 3.01952e+07 2.97779e+07 2.89741e+07 2.6162e+07 2.48077e+07 2.44483e+07 2.40208e+07 2.37071e+07 2.26474e+07 2.26422e+07 2.66715e+07 2.23088e+07 2.22426e+07 2.19093e+07 2.15514e+07 2.12294e+07 2.07198e+07 2.03508e+07 2.02076e+07 1.99594e+07 2.05595e+07 1.96962e+07 1.95344e+07 1.84205e+07 1.83814e+07 1.81746e+07 1.77755e+07 1.76265e+07 1.73397e+07 1.64201e+07 1.54543e+07 1.6678e+07 1.62047e+07 1.48293e+07 1.40003e+07
threshold=5681.5000000000009 3178.5000000000005 8538.9375000000018 4323.5000000000009 2156.5000000000005 6883.1250000000009 10691.500000000002 3663.5000000000005 4963.5000000000009 1681.6250000000002 7193.0000000000009 9407.5000000000018 5883.5000000000009 2725.5000000000005 4.5000000000000009 4.5000000000000009 10712.500000000002 0.23595118267385309 3204.5000000000005 3997.5000000000005 39.500000000000007 10.500000000000002 4322.5000000000009 9.5000000000000018 10.500000000000002 1229.5000000000002 4630.5000000000009 43.500000000000007 9.5000000000000018 0 3.5000000000000004 12274.500000000002 1.5000000000000002 1 4601.9583333333348 4.8550000000000013 47.500000000000007 2465.5000000000005 5.5000000000000009 48.500000000000007 8.5000000000000018 8182.6250000000009 2.8950000000000005 1967.5000000000002 10020.625000000002 4.5000000000000009 8.5000000000000018 10847.875000000002 2.4450000000000007 4993.5000000000009 7317.4583333333348 35.500000000000007 5.5000000000000009 18.500000000000004 2811.5000000000005 10995.000000000002 3787.0000000000005 41.500000000000007 6.5000000000000009 5994.0833333333348 4467.1875000000009 5979.5000000000009
decision_type=2 2 2 2 2 2 2 2 2 2 2 2 2 2 2 2 2 2 2 2 2 2 2 2 2 2 2 2 2 1 2 2 2 1 2 2 2 2 2 2 2 2 2 2 2 2 2 2 2 2 2 2 2 2 2 2 2 2 2 2 2 2
left_child=1 4 5 7 9 12 11 18 21 25 40 20 26 36 -8 50 55 23 45 39 44 22 56 30 54 -1 -2 41 32 -20 -10 -18 -14 -21 -32 -19 37 -6 -13 -9 61 53 -34 -11 -4 -3 47 -40 -23 -36 -12 -47 -24 -17 -15 -16 -5 58 -28 -60 -35 -7
right_child=2 3 6 8 13 10 14 19 17 43 15 38 28 24 16 27 31 35 29 33 -22 48 52 -25 -26 -27 57 -29 -30 -31 34 -33 42 60 49 -37 -38 -39 46 -41 -42 -43 -44 -45 -46 51 -48 -49 -50 -51 -52 -53 -54 -55 -56 -57 -58 -59 59 -61 -62 -63
leaf_value=-105.01324313521889 7.8910160157738662 -3.6228127057269468 142.50918435668947 -23.255655584473544 -64.944958275724588 64.713430979895222 308.88598965731535 -13.103775013225144 58.112280752999453 -79.73044535958428 147.26434377034505 237.74972059461808 88.885185788282712 -52.062996683255051 194.78143267463236 116.53634885084182 238.6421607123481 46.664052097922877 -10.616931937483775 9.438068516796319 192.67258285894627 19.229492746245477 31.928268534023001 49.691429889696536 -25.508396821280559 -89.707574131520118 75.012589794094282 149.55947415865384 90.980134009402335 -23.41629270036692 6.7754047343225201 270.68946462777944 72.034943303329698 -7.8441317265041368 21.096097544753874 81.97368433283664 -39.341462397313386 -52.208568853770373 173.83519323940936 10.790505623148981 113.28550775999663 132.86202217768695 52.163650689405557 -68.957363540889403 176.37606222587721 -39.328996934227767 215.51489413948948 209.88706359863284 45.200532139211468 36.604593509943946 197.84493849012588 -24.400001972959451 13.362229625680365 92.676927845513646 -38.879283547804619 229.23895435333253 2.9906619866870905 72.809698746844035 36.708320589192148 54.003216191720689 3.8732674062927064 90.36900650203404
leaf_weight=474 41 59 200 69 745 63 44 1085 70 875 36 36 134 355 85 187 144 95 818 627 82 155 153 217 332 1066 59 65 209 1146 132 104 394 624 370 87 182 917 116 107 93 103 204 911 57 561 86 60 138 450 36 326 952 134 887 64 437 82 226 338 476 341
leaf_count=474 41 59 200 69 745 63 44 1085 70 875 36 36 134 355 85 187 144 95 818 627 82 155 153 217 332 1066 59 65 209 1146 132 104 394 624 370 87 182 917 116 107 93 103 204 911 57 561 86 60 138 450 36 326 952 134 887 64 437 82 226 338 476 341
internal_value=0.167461 -27.7346 116.199 0.209774 -65.6651 81.1245 205.511 -13.0715 23.493 -83.5805 109.139 179.287 63.5551 -48.2319 243.39 124.85 236.131 36.3038 -22.7119 -3.46078 160.338 13.9319 10.7437 32.3026 -39.0324 -94.4185 49.9582 117.827 74.3343 -18.2587 28.6104 252.081 69.5816 1.71453 26.4412 63.5428 -56.0843 -57.9177 200.844 -10.9589 91.4051 112.962 65.2561 -74.2353 150.021 -31.9574 195.772 186.126 31.4616 29.6069 172.555 -33.8421 15.9329 106.576 -42.6476 209.582 -0.588381 52.4047 49.719 47.073 -2.74871 86.3683
internal_weight=19721 15898 3823 9154 6744 2745 1078 5829 3325 3326 1058 637 1687 3418 441 561 397 1421 2910 2919 339 1904 1611 1239 1574 1540 746 489 941 1964 1022 248 732 1727 952 182 1844 1662 298 1192 497 424 598 1786 257 946 262 176 293 820 72 887 1105 321 1242 149 506 705 623 564 1100 404
internal_count=19721 15898 3823 9154 6744 2745 1078 5829 3325 3326 1058 637 1687 3418 441 561 397 1421 2910 2919 339 1904 1611 1239 1574 1540 746 489 941 1964 1022 248 732 1727 952 182 1844 1662 298 1192 497 424 598 1786 257 946 262 176 293 820 72 887 1105 321 1242 149 506 705 623 564 1100 404
cat_boundaries=0 1 2
cat_threshold=9 9
is_linear=0
shrinkage=0.05


Tree=9
num_leaves=63
num_cat=3
split_feature=6 5 7 5 5 5 6 0 5 0 0 6 5 0 6 18 19 15 18 18 6 19 15 18 19 6 6 18 15 6 27 6 11 18 5 7 1 19 27 18 18 18 6 22 18 5 17 17 18 6 1 6 24 17 14 18 18 17 18 18 17 17
split_gain=2.29325e+10 5.42838e+09 5.12409e+09 8.96302e+08 6.04252e+08 5.92904e+08 5.34651e+08 1.88084e+08 1.1846e+08 1.13449e+08 1.11836e+08 1.05036e+08 9.83129e+07 8.62247e+07 8.10524e+07 6.72347e+07 6.61767e+07 5.18279e+07 4.74035e+07 4.61823e+07 4.27444e+07 4.26963e+07 3.93354e+07 3.88471e+07 3.70072e+07 3.92668e+07 3.60629e+07 3.40829e+07 3.25208e+07 3.43203e+07 2.9229e+07 2.90483e+07 2.83563e+07 2.81823e+07 2.69255e+07 2.49622e+07 2.47215e+07 2.31303e+07 2.2327e+07 2.17105e+07 2.21209e+07 2.16549e+07 2.20658e+07 2.1091e+07 2.08493e+07 2.05881e+07 2.05555e+07 2.04602e+07 1.91053e+07 1.87094e+07 1.84997e+07 1.7528e+07 1.71578e+07 1.5666e+07 2.44816e+07 1.54039e+07 1.65925e+07 1.47356e+07 1.43442e+07 1.56261e+07 1.42447e+07 1.3641e+07
threshold=5364.7500000000009 2961.5000000000005 8182.6250000000009 4131.5000000000009 1992.5000000000002 10120.500000000002 6554.6250000000009 3573.5000000000005 7001.0000000000009 11358.000000000002 4575.5000000000009 9371.5000000000018 5344.5000000000009 2635.5000000000005 1449.1250000000002 4.5000000000000009 10.500000000000002 0.21004671386545115 47.500000000000007 4.5000000000000009 3973.1250000000005 11.500000000000002 0.31757515386879281 47.500000000000007 1.5000000000000002 12784.375000000002 3312.6250000000005 37.500000000000007 0.51231889937473574 3772.3750000000005 0 6000.8750000000009 854.31735545390086 47.500000000000007 4606.5000000000009 4829.4375000000009 9427.5000000000018 10.500000000000002 1 5.5000000000000009 35.500000000000007 3.5000000000000004 2278.1250000000005 7.8600000000000003 2.5000000000000004 1703.5000000000002 2.6750000000000003 4.6250000000000009 9.5000000000000018 7492.7500000000009 10676.500000000002 2770.6250000000005 2 3.8850000000000002 5.1800000000000006 43.500000000000007 4.5000000000000009 4.7250000000000005 41.500000000000007 6.5000000000000009 2.5250000000000004 3.9050000000000007
decision_type=2 2 2 2 2 2 2 2 2 2 2 2 2 2 2 2 2 2 2 2 2 2 2 2 2 2 2 2 2 2 1 2 2 2 2 2 2 2 1 2 2 2 2 2 2 2 2 2 2 2 2 2 1 2 2 2 2 2 2 2 2 2
left_child=1 4 6 7 14 11 12 21 37 22 28 27 34 23 -1 43 19 31 36 47 30 26 50 41 -11 32 44 48 29 -5 -9 -14 -26 49 -2 -21 -13 53 -31 -15 -41 -6 -43 -10 -3 -16 -18 -12 -4 -17 -7 -46 -23 54 -8 56 -22 -30 59 -33 -25 -61
right_child=2 3 5 10 13 9 8 20 15 24 16 18 17 39 45 33 46 -19 -20 35 55 52 -24 60 25 -27 -28 -29 57 38 -32 58 -34 -35 -36 -37 -38 -39 -40 40 -42 42 -44 -45 51 -47 -48 -49 -50 -51 -52 -53 -54 -55 -56 -57 -58 -59 -60 61 -62 -63
leaf_value=-95.262066404108367 9.3161639558772258 -4.838824107094843 167.50083716607864 -17.579389449007373 -39.792596895779887 184.44380410404528 74.822584043230322 -20.931757194488437 120.97020244598389 300.83254499162945 27.459064604537659 144.65966768704928 45.595772987494172 -23.864082509402571 -81.892893938080306 86.809126099377153 32.714643870332303 82.16831718043278 235.09161302971117 8.6261965572635333 16.728747781500758 6.3682847184488391 252.56421649639424 -55.287076835172719 270.06329597024359 276.7766561479711 -23.885990800517693 164.76505934590043 9.8433854917685206 14.191706905304716 -7.1040023616442811 81.217919752332904 217.64623612733646 134.61838487528141 38.212681358045423 21.965953499490123 179.46774369251881 106.43112057358472 0.95666616757521017 -48.868531987720068 -35.734777664599648 -69.857065495577729 -57.549919440957694 173.82840350607168 -54.937454460689004 -71.55623392919118 59.155490900629722 60.797408227899737 125.81986646612975 107.58234157396402 212.81428516932897 -35.741929090023042 -20.126127328329943 59.826011313791355 105.04706656540498 10.924209013075858 -6.3118523734882812 46.026623434354278 78.39513221377419 58.515612295423239 -29.213278227456858 34.191200318543814
leaf_weight=855 96 48 31 170 112 118 441 878 32 35 99 65 542 145 971 205 156 190 33 600 83 117 39 83 34 67 1140 99 48 524 734 63 107 59 503 844 237 67 808 900 498 616 891 46 140 956 139 86 243 230 112 790 113 127 79 171 1334 68 105 350 142 69
leaf_count=855 96 48 31 170 112 118 441 878 32 35 99 65 542 145 971 205 156 190 33 600 83 117 39 83 34 67 1140 99 48 524 734 63 107 59 503 844 237 67 808 900 498 616 891 46 140 956 139 86 243 230 112 790 113 127 79 171 1334 68 105 350 142 69
internal_value=0.077363 -28.9826 100.309 -4.41472 -65.1833 187.513 67.1042 -16.9597 92.048 228.502 15.2351 157.872 50.3796 -51.0011 -82.4496 109.003 23.3826 58.0082 178.193 19.4365 -9.07383 -27.7072 206.132 -58.2987 253.265 245.261 -29.929 139.621 5.5468 3.57685 -14.8094 53.9422 230.286 102.191 33.5815 16.4231 171.976 78.4654 6.27697 -42.2799 -44.19 -61.0041 -62.5806 152.143 -36.973 -76.7648 45.1732 42.9569 130.536 97.7927 198.259 -38.6316 -7.2467 75.5694 79.4144 -3.25157 -4.96226 31.0542 61.6489 58.0008 -38.8316 54.5099
internal_weight=19683 15259 4424 9090 6169 1220 3204 5548 1286 512 3542 708 1918 3387 2782 572 1924 1319 335 1629 3200 2348 269 1844 243 208 2118 373 1618 1502 1612 1129 141 494 599 1444 302 714 1332 1543 1398 1619 1507 78 978 1927 295 185 274 435 230 930 230 647 520 1588 1417 116 587 482 225 419
internal_count=19683 15259 4424 9090 6169 1220 3204 5548 1286 512 3542 708 1918 3387 2782 572 1924 1319 335 1629 3200 2348 269 1844 243 208 2118 373 1618 1502 1612 1129 141 494 599 1444 302 714 1332 1543 1398 1619 1507 78 978 1927 295 185 274 435 230 930 230 647 520 1588 1417 116 587 482 225 419
cat_boundaries=0 1 2 3
cat_threshold=6 9 2070
is_linear=0
shrinkage=0.05


Tree=10
num_leaves=63
num_cat=4
split_feature=6 5 7 5 6 5 6 6 6 6 5 5 5 18 6 27 18 15 6 15 18 18 5 19 5 18 6 18 17 4 6 4 18 18 13 18 17 18 24 6 18 1 17 1 17 4 16 18 17 5 19 6 7 27 27 4 19 7 4 16 6 18
split_gain=2.06982e+10 5.03339e+09 4.45582e+09 8.71039e+08 5.45872e+08 5.37058e+08 4.42463e+08 1.69539e+08 1.51998e+08 1.18182e+08 1.00402e+08 9.46514e+07 8.33551e+07 6.39818e+07 6.22568e+07 5.97095e+07 5.44895e+07 5.29916e+07 5.02481e+07 6.50962e+07 4.88258e+07 4.22795e+07 4.0733e+07 3.71479e+07 4.13475e+07 3.46912e+07 3.50795e+07 3.45507e+07 3.43668e+07 3.42928e+07 3.07522e+07 3.01265e+07 2.8958e+07 2.6834e+07 2.67971e+07 3.27532e+07 2.32663e+07 2.27256e+07 2.26266e+07 2.18375e+07 2.26886e+07 2.12195e+07 2.11079e+07 2.09793e+07 2.05273e+07 2.01191e+07 2.808e+07 1.9902e+07 1.94246e+07 1.91116e+07 1.89098e+07 1.83761e+07 1.80109e+07 1.74717e+07 1.73369e+07 1.72052e+07 1.71203e+07 1.66532e+07 1.51476e+07 1.49322e+07 1.46045e+07 1.42638e+07
threshold=5439.8750000000009 2961.5000000000005 8182.6250000000009 4131.5000000000009 2005.2500000000002 10712.500000000002 6621.6250000000009 3569.6250000000005 9371.5000000000018 4576.8750000000009 7001.0000000000009 2402.5000000000005 5234.5000000000009 4.5000000000000009 1396.3750000000002 0 3.5000000000000004 0.21004671386545115 12784.375000000002 0.24069219851475515 47.500000000000007 3.5000000000000004 3690.5000000000005 10.500000000000002 9407.5000000000018 47.500000000000007 3800.1250000000005 37.500000000000007 4.6250000000000009 3987.5000000000005 3118.1250000000005 4655.5000000000009 47.500000000000007 43.500000000000007 5.245000000000001 40.500000000000007 4.8550000000000013 5.5000000000000009 1 2868.6250000000005 4.5000000000000009 10676.500000000002 4.9350000000000014 10676.500000000002 5.6550000000000002 5751.5000000000009 4.6150000000000011 9.5000000000000018 1.7550000000000001 4540.5000000000009 10.500000000000002 6191.5000000000009 5087.8750000000009 2 3 2716.5000000000005 9.5000000000000018 4391.9375000000009 2604.5000000000005 7.9500000000000011 4972.5000000000009 46.500000000000007
decision_type=2 2 2 2 2 2 2 2 2 2 2 2 2 2 2 1 2 2 2 2 2 2 2 2 2 2 2 2 2 2 2 2 2 2 2 2 2 2 1 2 2 2 2 2 2 2 2 2 2 2 2 2 2 1 1 2 2 2 2 2 2 2
left_child=1 4 6 7 14 8 12 20 27 16 50 32 49 -12 -1 29 36 31 19 43 21 44 53 24 -10 26 -18 47 61 37 -23 -14 -6 45 35 51 -5 -11 -22 40 -13 -26 52 -7 -3 -15 -47 -4 -27 -2 -8 -33 -31 58 55 -24 -42 -56 -9 -44 -17 -16
right_child=2 3 5 9 11 18 10 22 23 15 13 39 17 33 28 60 25 -19 -20 -21 38 30 54 -25 41 48 -28 -29 -30 42 -32 34 -34 -35 -36 -37 -38 -39 -40 -41 56 -43 59 -45 -46 46 -48 -49 -50 -51 -52 -53 -54 -55 57 -57 -58 -59 -60 -61 -62 -63
leaf_value=-92.15043134118757 4.3791604413140206 -18.295453963792028 159.41046247209823 12.814457324310974 -60.049232154900189 184.60707944982192 72.634658379185481 -37.293516275757234 147.72403542177523 35.522499847412114 147.53581967740445 -26.454767860154636 28.809149565513323 58.424819114880691 -77.705609030801753 10.115304080643583 -25.171936276379753 79.319742267608646 266.16250152587889 267.56736610814147 5.9642617894336585 -43.020644312779957 -33.253684486448769 211.03222560882568 168.03255840799085 3.2583849361068324 1.7392067743777151 157.60795532802365 -40.326624802180703 30.101598041072489 -28.056643455747508 39.956616583877377 -35.966539156436923 125.30330827042863 73.978272516135405 68.159229212373361 48.471463863745981 2.5713292735576632 -21.155988553514732 -36.042160970606709 -54.044846116450799 196.41271178230409 76.326307525634761 217.4676244399127 17.883489926313533 89.220692057187875 123.49570349121093 119.1239124869528 36.650943489635694 34.485077197426421 101.86781316038038 56.223105812157911 50.417866495768237 -18.933582193077083 -11.644497138414071 4.3315171753809709 -39.318114462494854 1.0588397179829314 -4.4021529198766833 35.593828935093349 21.067229253274782 -64.279169629527402
leaf_weight=702 62 121 35 91 1519 68 594 38 137 90 74 122 130 39 1586 598 136 200 72 57 150 470 32 64 138 76 1105 106 70 400 1274 457 136 74 149 219 92 125 144 893 627 126 60 170 58 294 75 247 102 352 61 280 150 996 822 628 288 376 444 36 620 226
leaf_count=702 62 121 35 91 1519 68 594 38 137 90 74 122 130 39 1586 598 136 200 72 57 150 470 32 64 138 76 1105 106 70 400 1274 457 136 74 149 219 92 125 144 893 627 126 60 170 58 294 75 247 102 352 61 280 150 996 822 628 288 376 444 36 620 226
internal_value=0.072818 -26.9549 97.3412 -3.59295 -61.9241 178.138 65.1282 -16.0959 156.378 15.2685 88.6215 -49.2968 49.7413 104.248 -79.443 23.1329 5.0624 55.4435 228.713 219.573 -26.8129 -29.7142 -8.97376 175.658 170.012 1.75086 -1.20996 133.272 -74.703 33.2752 -32.0894 51.5769 -58.0702 97.6018 54.2555 51.1815 30.7404 16.3648 -7.83585 -41.7735 -46.709 181.578 39.4184 208.079 -6.57267 92.5775 96.1872 124.124 22.3934 29.9765 75.3571 46.1366 35.6424 -15.1684 -4.04606 2.47175 -49.4095 -7.59408 -6.85307 61.0516 15.5624 -76.031
internal_weight=19683 15403 4280 9234 6169 1220 3060 5553 853 3681 1211 3585 1849 556 2584 2079 1602 1435 367 295 2217 1923 3336 465 401 1419 1241 388 1882 861 1744 1235 1655 482 1105 956 183 215 294 1930 1037 264 646 238 179 408 369 282 178 414 655 737 550 1478 1858 660 915 1198 482 96 1218 1812
internal_count=19683 15403 4280 9234 6169 1220 3060 5553 853 3681 1211 3585 1849 556 2584 2079 1602 1435 367 295 2217 1923 3336 465 401 1419 1241 388 1882 861 1744 1235 1655 482 1105 956 183 215 294 1930 1037 264 646 238 179 408 369 282 178 414 655 737 550 1478 1858 660 915 1198 482 96 1218 1812
cat_boundaries=0 1 2 3 4
cat_threshold=9 2070 9 9
is_linear=0
shrinkage=0.05


Tree=11
num_leaves=63
num_cat=4
split_feature=6 6 8 5 5 0 5 6 5 5 0 5 0 24 12 19 18 18 5 18 18 18 19 18 18 0 3 6 18 6 19 18 0 4 18 4 6 18 16 18 12 18 18 4 18 6 7 5 24 8 24 12 19 18 6 19 8 5 7 7 27 7
split_gain=1.86911e+10 5.22678e+09 3.22832e+09 8.56272e+08 7.5127e+08 3.87942e+08 3.56347e+08 1.29274e+08 1.27955e+08 1.08332e+08 9.78928e+07 9.53889e+07 7.90585e+07 6.67358e+07 6.63688e+07 5.39938e+07 5.0572e+07 5.00823e+07 4.42534e+07 4.19846e+07 4.1473e+07 4.57745e+07 3.69024e+07 3.68453e+07 3.61189e+07 3.07556e+07 2.97437e+07 2.90791e+07 2.8508e+07 2.61949e+07 2.61745e+07 2.53733e+07 2.44099e+07 2.29335e+07 2.26256e+07 2.81724e+07 2.34194e+07 2.2211e+07 2.07277e+07 2.01231e+07 1.98033e+07 1.94764e+07 1.88445e+07 1.85917e+07 1.84712e+07 1.72279e+07 1.71166e+07 1.62415e+07 1.58158e+07 1.57434e+07 1.54815e+07 1.49277e+07 1.40429e+07 1.37172e+07 1.36668e+07 1.36343e+07 1.35563e+07 1.32813e+07 1.31854e+07 1.31741e+07 1.29376e+07 1.28908e+07
threshold=5812.5000000000009 3334.3750000000005 8519.7500000000018 4347.5000000000009 2177.5000000000005 10691.500000000002 6911.5000000000009 4946.7500000000009 3766.5000000000005 1678.5000000000002 2750.5000000000005 9407.5000000000018 7577.5000000000009 0 4.5150000000000006 9.5000000000000018 4.5000000000000009 3.5000000000000004 11083.000000000002 5.5000000000000009 4.5000000000000009 46.500000000000007 10.500000000000002 45.500000000000007 43.500000000000007 6092.5000000000009 10615.000000000002 1335.5000000000002 40.500000000000007 4339.3750000000009 10.500000000000002 4.5000000000000009 4158.5000000000009 2247.5000000000005 3.5000000000000004 2693.5000000000005 3772.3750000000005 3.5000000000000004 4.6450000000000005 47.500000000000007 6.660000000000001 41.500000000000007 5.5000000000000009 3987.5000000000005 2.5000000000000004 2278.1250000000005 12634.562500000002 4993.5000000000009 1 10020.625000000002 2 4.9350000000000014 11.500000000000002 48.500000000000007 2028.1250000000002 8.5000000000000018 6264.1250000000009 5195.5000000000009 6845.5625000000009 6724.6875000000009 3 6996.6875000000009
decision_type=2 2 2 2 2 2 2 2 2 2 2 2 2 1 2 2 2 2 2 2 2 2 2 2 2 2 2 2 2 2 2 2 2 2 2 2 2 2 2 2 2 2 2 2 2 2 2 2 1 2 1 2 2 2 2 2 2 2 2 2 1 2
left_child=1 4 6 8 9 11 13 17 22 27 30 28 37 25 18 16 -9 57 -7 -14 48 33 34 -21 29 -2 42 -1 49 -19 44 -15 53 -22 -3 -36 -37 -8 61 54 55 58 -16 -18 -6 -46 -20 -45 -12 -4 -23 -49 -17 -10 -11 -13 -40 -5 -39 -33 -34 -27
right_child=2 3 5 7 10 14 12 15 32 39 20 40 19 31 26 52 43 24 46 23 21 50 -24 -25 -26 38 -28 -29 -30 -31 -32 59 60 -35 35 36 -38 41 56 -41 -42 -43 -44 47 45 -47 -48 51 -50 -51 -52 -53 -54 -55 -56 -57 -58 -59 -60 -61 -62 -63
leaf_value=-89.697483817222164 53.203530133274242 3.6049045235770087 120.88062467703372 30.506845177082642 -24.021806096248941 177.51859823198461 122.94753792898996 58.289102585589298 -7.8585058197071733 -68.981010024273985 -25.336038367424983 160.44392066107855 148.60320943196615 83.046908357408313 246.00849331942473 41.65810643824247 6.6675277362305385 -5.0711947864392304 205.06756647283385 100.50194566953097 -58.107832834124565 -30.192052639984503 -3.0572896137157888 151.27600469821837 26.109284424611502 63.461929692334913 266.00509243324154 -75.741945687480936 163.92112874984741 10.726828599486581 -35.359701946502675 35.939744351362741 10.42583451170837 -36.029333808076792 -41.626101655226492 -22.970058919286188 -12.510198027418305 63.940272010191713 74.317144560202578 -45.739270873960244 211.0524043782552 103.85988941192628 202.10777055220171 19.405969569961663 -63.188328152043482 -49.249188828826846 242.440328135389 28.386791198267925 0.33581549406897093 149.92522407143804 -6.1002180479963624 48.92232291482744 62.460728276761849 11.838543642560643 -59.45407493123701 184.9395598997553 104.08913094075523 63.910800437025131 83.861213677360098 56.416904832919442 -0.176382314712729 78.551044870891843
leaf_weight=541 284 105 223 152 61 134 35 122 1115 732 108 180 75 36 44 208 130 364 88 278 128 113 419 41 280 430 61 1204 64 940 334 432 442 1450 143 1320 900 131 78 166 30 80 55 460 280 1064 47 563 131 59 185 105 133 96 775 83 75 37 227 96 800 211
leaf_count=541 284 105 223 152 61 134 35 122 1115 732 108 180 75 36 44 208 130 364 88 278 128 113 419 41 280 430 61 1204 64 940 334 432 442 1450 143 1320 900 131 78 166 30 80 55 460 280 1064 47 563 131 59 185 105 133 96 775 83 75 37 227 96 800 211
internal_value=0.0683102 -22.8936 103.458 2.94933 -54.2875 176.263 72.4669 22.1938 -9.64247 -71.3527 -39.1529 151.572 98.3988 58.7745 213.041 31.9556 27.5532 12.7184 197.874 114.942 -31.9271 -34.4262 -16.7768 107.028 9.8156 66.706 238.541 -80.0686 133.795 6.31695 -47.941 41.6928 -1.24587 -37.8202 -19.106 -20.1152 -18.7296 84.6187 72.3757 -62.2616 172.565 81.5558 221.619 24.5724 -50.9318 -52.1532 218.079 26.636 -12.3109 126.957 -16.4536 31.6147 49.7717 -6.29706 -64.0816 168.174 88.9113 37.0462 76.5717 39.6629 3.67923 68.4289
internal_weight=19683 16106 3577 8834 7272 1068 2509 3494 5340 3418 3854 639 867 1642 429 1721 1380 1773 269 394 2115 1876 2887 319 1584 1078 160 1745 346 1304 1739 564 2453 1578 2468 2363 2220 473 794 1673 293 438 99 1258 1405 1344 135 1128 239 282 298 668 341 1211 1507 263 153 189 358 528 1242 641
internal_count=19683 16106 3577 8834 7272 1068 2509 3494 5340 3418 3854 639 867 1642 429 1721 1380 1773 269 394 2115 1876 2887 319 1584 1078 160 1745 346 1304 1739 564 2453 1578 2468 2363 2220 473 794 1673 293 438 99 1258 1405 1344 135 1128 239 282 298 668 341 1211 1507 263 153 189 358 528 1242 641
cat_boundaries=0 1 2 3 4
cat_threshold=193 1792 768 9
is_linear=0
shrinkage=0.05


Tree=12
num_leaves=63
num_cat=2
split_feature=5 5 7 0 7 5 0 5 0 0 18 0 5 18 7 5 5 5 15 18 0 18 18 18 1 20 5 18 4 18 8 15 18 18 1 22 18 18 18 22 18 15 20 27 4 11 24 8 4 18 18 1 8 7 18 5 18 8 7 0 4 12
split_gain=1.70443e+10 4.12345e+09 3.64152e+09 7.17387e+08 4.57023e+08 4.5419e+08 3.33962e+08 1.53965e+08 1.17025e+08 1.06908e+08 9.73363e+07 6.40196e+07 6.37455e+07 6.35663e+07 6.27247e+07 6.11486e+07 5.22444e+07 5.1423e+07 3.98234e+07 3.83382e+07 3.39036e+07 3.34961e+07 3.27963e+07 3.20984e+07 3.03181e+07 2.8615e+07 2.71162e+07 2.65659e+07 2.71353e+07 2.63002e+07 2.53533e+07 2.48287e+07 2.47732e+07 2.24261e+07 2.14618e+07 2.06014e+07 2.02703e+07 1.9849e+07 2.13022e+07 1.81172e+07 1.72467e+07 1.69066e+07 1.67528e+07 1.651e+07 1.7978e+07 1.60463e+07 1.60047e+07 1.56463e+07 1.5568e+07 1.46123e+07 1.42456e+07 2.05938e+07 1.41963e+07 1.41592e+07 1.40336e+07 1.34566e+07 1.31045e+07 1.26786e+07 1.25578e+07 1.19831e+07 1.13818e+07 1.55588e+07
threshold=5344.5000000000009 2961.5000000000005 8538.9375000000018 4140.5000000000009 6845.5625000000009 1992.5000000000002 10691.500000000002 4606.5000000000009 3540.5000000000005 5723.5000000000009 5.5000000000000009 2491.5000000000005 8987.5000000000018 3.5000000000000004 12634.562500000002 1458.5000000000002 7193.0000000000009 6417.5000000000009 0.29275577515509837 43.500000000000007 4963.5000000000009 46.500000000000007 4.5000000000000009 21.500000000000004 4630.5000000000009 3.5000000000000004 3845.5000000000005 4.5000000000000009 2451.5000000000005 47.500000000000007 3941.1250000000005 0.23595118267385309 41.500000000000007 4.5000000000000009 11331.500000000002 6.7100000000000009 47.500000000000007 5.5000000000000009 35.500000000000007 4.3850000000000007 41.500000000000007 0.21004671386545115 3.5000000000000004 0 2962.5000000000005 613.37740792988131 1 9302.3333333333339 5174.5000000000009 2.5000000000000004 37.500000000000007 10676.500000000002 2819.2916666666674 5479.0625000000009 18.500000000000004 1107.5000000000002 37.500000000000007 4706.5833333333348 3480.3125000000005 1846.5000000000002 3845.5000000000005 5.5500000000000007
decision_type=2 2 2 2 2 2 2 2 2 2 2 2 2 2 2 2 2 2 2 2 2 2 2 2 2 2 2 2 2 2 2 2 2 2 2 2 2 2 2 2 2 2 2 1 2 2 1 2 2 2 2 2 2 2 2 2 2 2 2 2 2 2
left_child=1 5 4 8 9 15 12 26 25 24 35 29 47 -8 19 55 40 42 50 23 -9 22 46 34 -2 27 -5 -3 -29 49 45 39 54 -22 -15 -6 53 -13 52 -26 -12 48 60 44 -28 -24 -10 56 -19 -7 51 -14 -39 -35 -18 -1 -4 -45 -30 -17 -11 -62
right_child=2 3 6 7 10 11 13 20 21 17 16 37 18 14 -16 59 32 41 -20 -21 33 -23 30 -25 31 -27 43 28 58 -31 -32 -33 -34 36 -36 -37 -38 38 -40 -41 -42 -43 -44 57 -46 -47 -48 -49 -50 -51 -52 -53 -54 -55 -56 -57 -58 -59 -60 -61 61 -63
leaf_value=-89.219555468437008 11.478751349724256 -9.382875777925765 104.05412403742474 -6.0784505407804374 103.53478444417317 -29.191995240535057 265.10423880912163 15.409226733950405 20.667638785559852 18.581390743255618 69.415274236820366 -21.575258323022297 136.56646897483006 174.80784498850505 238.8259743584527 -68.83320814190489 99.966624405360463 42.832079362869266 203.85354352678573 235.18183263830238 54.008934118581379 6.6707281048510483 -17.144524150645772 155.52442509850792 45.312978198324835 -15.855605909288492 -15.306537014830347 -51.267223842529688 -32.208504562371182 -33.720966024696828 -7.8183761064006418 58.570451507247803 123.25587158203126 19.315825715867231 207.37075611720576 150.19401439722034 50.909997834355003 -51.339361174299917 -31.706541196710759 26.046235954249564 98.576383891858555 90.314327460394964 63.780369465612957 -1.5436897703619785 15.552432764273309 -45.694619905031651 -4.2424978955191852 138.75259154183524 70.845469770898362 -55.321992645740515 168.49010900878909 166.39143662563592 -39.391887133731693 32.320056772807327 80.795877538860168 -76.813546941051754 141.91313008626304 8.805491398113217 -22.196978357309877 -60.463923628745015 43.794241049407731 62.738530167289404
leaf_weight=312 130 175 96 510 36 56 37 721 101 35 459 175 177 96 72 990 202 60 42 37 86 314 919 86 195 743 51 136 706 180 1206 119 70 477 107 69 83 370 609 326 57 90 173 634 633 52 151 112 286 1200 100 86 758 373 181 730 30 555 563 753 505 138
leaf_count=312 130 175 96 510 36 56 37 721 101 35 459 175 177 96 72 990 202 60 42 37 86 314 919 86 195 743 51 136 706 180 1206 119 70 477 107 69 83 370 609 326 57 90 173 634 633 52 151 112 286 1200 100 86 758 373 181 730 30 555 563 753 505 138
internal_value=0.203537 -24.2775 89.3217 -3.0868 62.0326 -56.0272 168.582 12.3992 -15.6902 48.2293 88.4696 -43.6172 145.692 202.417 196.589 -70.946 83.5146 57.0461 157.76 187.261 23.7065 -8.69676 -10.6833 181.126 33.4925 -23.948 4.14284 -27.7534 -30.0416 -51.5953 -12.66 37.964 95.9056 29.5774 191.972 134.197 27.3254 -37.6253 -39.2423 33.2574 72.6366 71.0092 49.8923 6.926 13.0606 -18.6735 6.39312 125.155 65.9877 -54.157 152.427 146.319 -43.3108 25.0224 90.9068 -80.5282 113.068 3.25967 -27.7668 -65.2176 46.3486 47.86
internal_weight=19531 15322 4209 9189 3131 6133 1078 4123 5066 2057 1074 3348 643 435 398 2785 969 1287 405 326 1740 2743 2429 289 770 2323 2383 1580 1405 1436 2177 640 453 1019 203 105 933 1912 1737 521 516 436 851 1873 684 971 252 238 346 1256 363 263 1128 850 383 1042 126 1189 1269 1743 678 643
internal_count=19531 15322 4209 9189 3131 6133 1078 4123 5066 2057 1074 3348 643 435 398 2785 969 1287 405 326 1740 2743 2429 289 770 2323 2383 1580 1405 1436 2177 640 453 1019 203 105 933 1912 1737 521 516 436 851 1873 684 971 252 238 346 1256 363 263 1128 850 383 1042 126 1189 1269 1743 678 643
cat_boundaries=0 1 2
cat_threshold=9 2134
is_linear=0
shrinkage=0.05


Tree=13
num_leaves=63
num_cat=0
split_feature=6 0 7 5 0 5 5 6 6 5 5 5 6 5 18 18 0 18 18 18 15 8 0 11 18 5 6 15 0 18 0 19 18 8 4 19 17 19 18 18 17 17 17 18 18 4 19 22 18 16 18 5 19 17 5 16 15 17 15 4 18 6
split_gain=1.53859e+10 3.67801e+09 3.33968e+09 5.617e+08 4.76445e+08 4.4316e+08 3.05534e+08 1.05907e+08 1.02479e+08 9.9987e+07 7.44533e+07 7.30945e+07 6.63007e+07 5.99273e+07 5.78933e+07 5.21521e+07 5.17751e+07 4.34646e+07 4.77701e+07 3.88962e+07 3.782e+07 3.58434e+07 3.19367e+07 2.92949e+07 2.92556e+07 2.8105e+07 2.69394e+07 2.67068e+07 2.63591e+07 2.62686e+07 2.54334e+07 2.46597e+07 2.77048e+07 2.55161e+07 2.31926e+07 2.27433e+07 2.08235e+07 1.98589e+07 1.92397e+07 1.79387e+07 1.75803e+07 1.72769e+07 1.68813e+07 1.68005e+07 1.62994e+07 2.39661e+07 1.60894e+07 1.57999e+07 1.57708e+07 1.52966e+07 1.50446e+07 1.46835e+07 1.45023e+07 1.4328e+07 1.37425e+07 1.34966e+07 1.34116e+07 1.32709e+07 1.28072e+07 1.23638e+07 1.19288e+07 1.15355e+07
threshold=5439.8750000000009 3139.5000000000005 8538.9375000000018 4094.5000000000005 2159.5000000000005 6544.5000000000009 10712.500000000002 7310.7500000000009 4576.8750000000009 3511.5000000000005 5490.5000000000009 1508.5000000000002 9371.5000000000018 2565.5000000000005 6.5000000000000009 5.5000000000000009 11358.000000000002 4.5000000000000009 46.500000000000007 47.500000000000007 0.30621050898552954 10822.083333333336 6138.5000000000009 904.85721432381922 41.500000000000007 12741.500000000002 3739.8750000000005 0.23595118267385309 5767.5000000000009 37.500000000000007 3997.5000000000005 10.500000000000002 4.5000000000000009 3320.5000000000005 4003.5000000000005 10.500000000000002 4.1950000000000012 9.5000000000000018 3.5000000000000004 48.500000000000007 4.7250000000000005 5.245000000000001 2.4450000000000007 47.500000000000007 5.5000000000000009 2157.5000000000005 10.500000000000002 15.350000000000001 3.5000000000000004 6.455000000000001 4.5000000000000009 1107.5000000000002 9.5000000000000018 2.6650000000000005 4798.5000000000009 7.1350000000000007 0.26493455861876919 4.245000000000001 0.24918186410524851 2804.5000000000005 8.5000000000000018 2868.6250000000005
decision_type=2 2 2 2 2 2 2 2 2 2 2 2 2 2 2 2 2 2 2 2 2 2 2 2 2 2 2 2 2 2 2 2 2 2 2 2 2 2 2 2 2 2 2 2 2 2 2 2 2 2 2 2 2 2 2 2 2 2 2 2 2 2
left_child=1 4 5 9 11 10 12 28 20 31 34 51 29 39 55 -14 27 36 47 21 26 -17 58 -18 -16 -25 -5 -8 -7 -4 56 32 41 -34 -2 -13 -10 44 -30 50 -22 -3 -20 -40 -15 -46 48 54 -28 -38 -6 -1 -24 -41 -19 -9 59 -58 -12 -11 -36 -47
right_child=2 3 6 8 13 7 16 14 17 30 22 35 15 37 24 19 23 18 42 -21 40 -23 52 25 -26 -27 46 -29 38 -31 -32 -33 33 -35 60 -37 49 -39 43 53 -42 -43 -44 -45 45 61 -48 -49 -50 -51 -52 -53 -54 -55 -56 -57 57 -59 -60 -61 -62 -63
leaf_value=-84.758576026329635 3.4787926348104872 -15.36578882322079 107.75889647483825 -21.29596821921217 -28.899357507761245 37.095247320830822 165.54629559854823 149.67986999511717 27.519396457567321 -35.921361361168053 39.112108583079134 -62.387274806844381 214.25138864824851 -22.349725166318333 84.672832984555811 131.60804997704895 250.97457101004466 12.262007749891723 27.58178788385608 191.89626242897728 7.0790718817981819 162.62813357906742 54.340006308572107 191.87600798059682 118.53243212890625 238.48928833007812 20.250488710585572 217.31012218844509 99.328098007484726 145.04990790068214 -1.2243753817314056 -9.0091193521054418 -35.352534793475471 -21.306746889289784 55.08112958941544 -48.722154926052148 89.959492443453883 -24.106970008198857 64.574582021458809 -48.247666061756227 34.385121912843601 21.476546511283289 56.605844703608241 91.197420131458955 -64.281600933310429 -43.124208434073481 17.074277757420955 0.38046716409908243 -1.5933575395033193 45.423740592657353 -48.732518329972898 -72.149259968383888 73.000234006145817 -10.809762494526213 21.73895189478284 113.12262094535079 -5.8514299463807493 27.026619754234954 63.741064689118986 -11.509871651440905 31.051666599967263 -31.985206321757836
leaf_weight=312 73 82 160 133 103 64 127 50 91 54 501 1583 31 193 427 267 42 824 110 44 110 143 578 122 75 44 90 31 54 67 1230 377 424 1362 57 377 31 514 461 43 127 52 92 68 81 364 162 165 1009 51 1334 888 127 63 714 51 114 42 59 1314 550 643
leaf_count=312 73 82 160 133 103 64 127 50 91 54 501 1583 31 193 427 267 42 824 110 44 110 143 578 122 75 44 90 31 54 67 1230 377 424 1362 57 377 31 514 461 43 127 52 92 68 81 364 162 165 1009 51 1334 888 127 63 714 51 114 42 59 1314 550 643
internal_value=0.193781 -23.291 84.053 -2.14804 -51.7939 58.3768 160.153 81.6053 12.6271 -12.9975 43.4486 -65.709 141.068 -38.6209 96.6807 151.506 197.28 19.9902 17.811 147.222 3.24594 142.427 50.6209 213.67 89.7315 204.231 0.106539 175.702 67.5551 118.765 -6.57286 -20.7004 -22.9961 -24.6412 30.1059 -59.7588 43.9862 -32.4095 70.8988 -45.8467 21.7114 -1.06876 40.8007 67.9968 -35.7408 -38.1163 2.3639 15.0841 0.195492 62.2604 -47.3109 -75.4277 57.7015 -25.9968 16.6616 131.22 -10.8895 3.00035 41.7069 -12.4735 33.3081 -36.0116
internal_weight=19531 15258 4273 8760 6498 3195 1078 1250 3709 5051 1945 3160 712 3338 603 485 366 2078 1905 454 1631 410 1265 208 502 166 1394 158 647 227 2754 2297 1920 1786 680 1960 173 1795 583 1543 237 134 202 529 1281 1088 1261 1703 1099 82 1437 1200 705 106 1538 101 1524 156 560 1368 607 1007
internal_count=19531 15258 4273 8760 6498 3195 1078 1250 3709 5051 1945 3160 712 3338 603 485 366 2078 1905 454 1631 410 1265 208 502 166 1394 158 647 227 2754 2297 1920 1786 680 1960 173 1795 583 1543 237 134 202 529 1281 1088 1261 1703 1099 82 1437 1200 705 106 1538 101 1524 156 560 1368 607 1007
is_linear=0
shrinkage=0.05


Tree=14
num_leaves=63
num_cat=3
split_feature=6 6 8 5 5 5 5 5 0 6 6 0 18 18 5 18 18 0 27 1 18 18 17 18 18 15 4 27 8 19 19 1 7 18 8 0 4 4 4 12 17 6 6 18 22 0 27 4 17 17 19 17 9 8 17 8 17 4 17 17 4 15
split_gain=1.38952e+10 3.81376e+09 2.4767e+09 6.40462e+08 5.19266e+08 3.04863e+08 2.42119e+08 1.21407e+08 1.01931e+08 8.05417e+07 7.59895e+07 6.39111e+07 5.80502e+07 5.31688e+07 4.75554e+07 4.40328e+07 4.16913e+07 4.03759e+07 3.88243e+07 3.73821e+07 3.61751e+07 3.26454e+07 2.97566e+07 2.85686e+07 2.80876e+07 2.77318e+07 2.43368e+07 2.54157e+07 2.27319e+07 2.22877e+07 2.2096e+07 2.18382e+07 2.09717e+07 2.09137e+07 2.01754e+07 1.90335e+07 1.86726e+07 1.76516e+07 1.74129e+07 1.83241e+07 1.7137e+07 1.69219e+07 1.67778e+07 1.63882e+07 1.63426e+07 1.5281e+07 1.51373e+07 1.3787e+07 1.34275e+07 1.30078e+07 1.27086e+07 1.27044e+07 1.20881e+07 1.20814e+07 1.74269e+07 1.20645e+07 1.18528e+07 1.15464e+07 1.13597e+07 1.12415e+07 1.86873e+07 1.10959e+07
threshold=5812.5000000000009 3274.3750000000005 8797.7500000000018 4410.5000000000009 2156.5000000000005 6751.5000000000009 10712.500000000002 3766.5000000000005 4963.5000000000009 7492.7500000000009 1659.2500000000002 2795.5000000000005 5.5000000000000009 6.5000000000000009 5979.5000000000009 4.5000000000000009 43.500000000000007 11358.000000000002 0 9427.5000000000018 45.500000000000007 4.5000000000000009 4.7250000000000005 42.500000000000007 47.500000000000007 0.19385217896808804 3086.5000000000005 1 10822.083333333336 11.500000000000002 1.5000000000000002 4313.5000000000009 12634.562500000002 36.500000000000007 3975.9166666666674 6138.5000000000009 2383.5000000000005 4526.5000000000009 3939.5000000000005 5.2950000000000008 4.9650000000000007 4515.3750000000009 1162.5000000000002 47.500000000000007 6.7100000000000009 2393.5000000000005 2 2665.5000000000005 5.5500000000000007 4.8100000000000014 11.500000000000002 1.9950000000000003 490.90282468857987 3838.6250000000005 4.8550000000000013 2634.1250000000005 2.1550000000000007 2665.5000000000005 3.8950000000000005 5.1800000000000006 3722.5000000000005 0.15571361637352107
decision_type=2 2 2 2 2 2 2 2 2 2 2 2 2 2 2 2 2 2 1 2 2 2 2 2 2 2 2 1 2 2 2 2 2 2 2 2 2 2 2 2 2 2 2 2 2 2 1 2 2 2 2 2 2 2 2 2 2 2 2 2 2 2
left_child=1 4 5 7 10 14 12 18 26 44 42 29 -4 -11 37 40 38 25 36 33 52 22 -13 55 28 -8 61 59 -21 45 -19 46 -32 -14 47 -16 -3 -2 -17 -40 -10 -29 -1 48 -7 -6 57 -20 -12 -18 -37 -31 -15 54 -38 -23 -45 -9 -46 60 -28 -5
right_child=2 3 6 8 11 9 17 31 15 13 43 21 19 20 35 16 49 30 34 24 -22 23 -24 -25 -26 -27 27 41 -30 51 32 -33 -34 -35 -36 50 53 -39 39 -41 -42 -43 -44 56 58 -47 -48 -49 -50 -51 -52 -53 -54 -55 -56 -57 -58 -59 -60 -61 -62 -63
leaf_value=-80.406583313372153 17.171682789998179 -30.585601769685749 204.19088016633066 -29.057745322355856 -48.407562591844062 64.630612459375456 157.31453162883892 -25.452545078380691 36.63258831601464 129.41337232867491 -57.113612183562751 -26.254949994482729 105.58643484742102 93.837704320107747 42.980979010293431 4.9210358664729545 40.314550591864673 241.92678340788814 -45.45627811976842 128.9753732512718 131.45004750127379 -49.443170342748537 12.755569698148305 -18.856696584985126 186.78907919491041 208.66405926872704 -5.3090577431667008 -3.8494462462988768 154.75394579390405 -41.138212884830523 182.57248859930476 5.2293149156266576 217.95640169031481 137.15767786362593 -11.776125938144942 59.633188712074812 -9.5814328888886315 42.313562028049532 21.603313808701298 41.924375279212569 67.489890091235822 11.392406734313937 -67.451148083972029 -57.249325245824359 75.929731241394492 -38.805010739119602 -8.1381198779745656 -21.497375522023066 -26.65613182170971 74.990296985257061 87.562651963667449 -15.677468179362689 76.274489884675987 7.2180187243449545 19.226828363963538 -32.421805578969384 -28.621348293622333 3.2712753981351854 108.27126188535949 32.541227559372786 20.847533354348151 5.2724463839863631
leaf_weight=318 78 80 31 52 694 399 116 37 89 103 1646 107 137 186 176 133 212 31 63 215 46 116 90 417 34 34 81 264 142 79 109 1072 68 85 630 548 839 665 877 127 91 587 1167 58 102 1028 917 1280 37 31 44 129 207 158 56 1015 96 643 37 144 435 43
leaf_count=318 78 80 31 52 694 399 116 37 89 103 1646 107 137 186 176 133 212 31 63 215 46 116 90 417 34 34 81 264 142 79 109 1072 68 85 630 548 839 665 877 127 91 587 1167 58 102 1028 917 1280 37 31 44 129 207 158 56 1015 96 643 37 144 435 43
internal_value=0.184092 -19.84 89.0078 1.79681 -47.4882 63.1925 155.762 -8.11158 19.8704 83.4791 -61.8146 -34.5379 137.437 97.0829 48.6925 28.9732 25.9394 188.727 -14.8319 134.061 89.4973 -27.6035 -8.43289 -30.0431 143.365 168.954 11.0283 12.5716 139.229 -40.8076 202.986 -0.290943 196.166 117.675 -19.0617 57.4172 -7.23405 39.6742 21.9217 24.1738 52.2327 6.58663 -70.2254 -55.0155 69.7741 -42.675 -3.99646 -22.6213 -56.444 44.7382 61.709 -25.3477 84.5869 -5.52865 -7.7789 -34.1676 -39.4033 1.6836 84.5386 19.8874 16.7416 -13.5188
internal_weight=19531 15938 3593 8941 6997 2591 1002 5775 3166 1080 3322 3675 644 542 1511 1560 1380 358 3106 613 439 1745 197 1548 391 150 1606 1511 357 1930 208 2669 177 222 1973 768 1133 743 1137 1004 180 851 1485 1837 538 1722 1597 1343 1683 243 592 208 393 1053 895 1131 154 680 139 660 516 95
internal_count=19531 15938 3593 8941 6997 2591 1002 5775 3166 1080 3322 3675 644 542 1511 1560 1380 358 3106 613 439 1745 197 1548 391 150 1606 1511 357 1930 208 2669 177 222 1973 768 1133 743 1137 1004 180 851 1485 1837 538 1722 1597 1343 1683 243 592 208 393 1053 895 1131 154 680 139 660 516 95
cat_boundaries=0 1 2 3
cat_threshold=9 9 9
is_linear=0
shrinkage=0.05


Tree=15
num_leaves=63
num_cat=0
split_feature=6 5 8 0 0 6 0 5 5 0 15 5 5 18 18 18 5 8 18 18 18 4 12 18 17 17 4 18 4 18 18 18 1 18 6 18 18 17 18 17 17 13 12 18 18 2 16 17 5 4 12 18 12 1 17 17 18 1 18 17 1 1
split_gain=1.27331e+10 3.46778e+09 2.18685e+09 6.09026e+08 4.21719e+08 2.88688e+08 2.11763e+08 1.6044e+08 6.67162e+07 6.47023e+07 6.39575e+07 6.03826e+07 5.63973e+07 5.28152e+07 4.6454e+07 4.74189e+07 4.43131e+07 3.29234e+07 3.88392e+07 2.76178e+07 2.67944e+07 2.65925e+07 2.58844e+07 2.56219e+07 2.58806e+07 2.48782e+07 2.35988e+07 2.29167e+07 2.23076e+07 2.33439e+07 2.32376e+07 2.11377e+07 2.30092e+07 2.11089e+07 2.02883e+07 2.01785e+07 1.97306e+07 1.91878e+07 1.83259e+07 1.8294e+07 1.82284e+07 1.75051e+07 1.71729e+07 1.64102e+07 1.69883e+07 1.58257e+07 1.57556e+07 1.52162e+07 1.48289e+07 1.46221e+07 1.55864e+07 1.46195e+07 1.43174e+07 1.39445e+07 1.37498e+07 1.35794e+07 1.34692e+07 1.33775e+07 1.35372e+07 1.33369e+07 1.32124e+07 1.28736e+07
threshold=5812.5000000000009 3099.5000000000005 8797.7500000000018 4194.5000000000009 2159.5000000000005 7310.7500000000009 10691.500000000002 4680.5000000000009 6171.5000000000009 3651.5000000000005 0.19385217896808804 1482.5000000000002 2612.5000000000005 5.5000000000000009 3.5000000000000004 42.500000000000007 9407.5000000000018 12509.04166666667 43.500000000000007 46.500000000000007 4.5000000000000009 4021.5000000000005 4.9650000000000007 47.500000000000007 2.1550000000000007 4.1950000000000012 2982.5000000000005 6.5000000000000009 5139.5000000000009 8.5000000000000018 45.500000000000007 2.5000000000000004 3034.5000000000005 4.5000000000000009 3973.1250000000005 21.500000000000004 41.500000000000007 4.6250000000000009 35.500000000000007 2.3250000000000006 4.8550000000000013 4.9350000000000014 7.1400000000000015 46.500000000000007 4.5000000000000009 4718.5000000000009 3.7850000000000006 4.8550000000000013 6751.5000000000009 4413.5000000000009 5.5500000000000007 43.500000000000007 4.3250000000000011 3943.5000000000005 5.245000000000001 2.5250000000000004 39.500000000000007 2907.5000000000005 46.500000000000007 2.2450000000000006 4995.5000000000009 4397.5000000000009
decision_type=2 2 2 2 2 2 2 2 2 2 2 2 2 2 2 2 2 2 2 2 2 2 2 2 2 2 2 2 2 2 2 2 2 2 2 2 2 2 2 2 2 2 2 2 2 2 2 2 2 2 2 2 2 2 2 2 2 2 2 2 2 2
left_child=1 4 5 9 11 8 16 20 49 19 27 -1 43 -8 25 21 56 18 35 31 40 42 60 33 -25 -9 -22 -7 -10 -30 -31 47 -33 54 -35 -15 48 51 61 -21 -5 -12 -16 44 -6 -27 -19 -3 -29 -2 -51 -13 -18 -40 -11 -45 -4 -14 -59 -32 -23 -28
right_child=2 3 6 7 12 10 13 14 28 23 41 37 57 17 15 -17 52 46 -20 39 26 22 -24 24 -26 45 38 36 29 30 59 32 -34 34 -36 -37 -38 -39 53 -41 -42 -43 -44 55 -46 -47 -48 -49 -50 50 -52 -53 -54 -55 -56 -57 -58 58 -60 -61 -62 -63
leaf_value=-68.583427637579163 18.515453689779555 -14.395853211586937 107.26703145581624 10.428101474242133 -23.791927195817998 109.90498354472811 216.34754874936999 26.11946214437485 36.755247291922572 -0.20931981548186271 96.715907854352679 -57.329953931325896 -33.299327276187128 161.87536245227534 -6.2225465533262252 37.918871627980721 135.26836044176488 177.12807723335598 206.98496176229943 -15.644770330525517 -23.542678202115574 10.867585057946968 37.801128947366145 -2.7359627575792884 30.623860553332737 48.6175123890241 -4.0514377648047981 55.042989069149819 78.666684040270354 53.509078124393938 64.697774983795597 -34.856970854898684 -18.66030699983828 -14.313722424552754 -4.3188061538452969 132.23597842945773 101.81923798895502 -30.942143252316647 -3.9800051882445255 7.2208831337302231 41.256373003464716 141.07568364377883 18.821100851276825 -40.878906102334298 -43.569233339144112 87.842623634338395 223.2463351341986 24.744077915495094 78.326684838818537 39.719041519198605 60.224538965045284 -46.40487593823358 161.89631056565506 16.106015834637102 28.510596800687026 -14.70056594452768 132.38445193868287 -26.166722445034317 -6.2913796906775623 99.490707600911463 22.114978224610823 5.3489974688682018
leaf_weight=1135 70 57 215 122 117 63 62 80 96 155 35 1577 703 177 167 365 226 46 37 178 78 410 194 161 91 72 602 81 171 535 71 253 1645 967 1069 85 77 85 107 172 79 61 116 93 1509 40 31 44 439 737 106 380 65 449 57 106 71 967 94 45 719 922
leaf_count=1135 70 57 215 122 117 63 62 80 96 155 35 1577 703 177 167 365 226 46 37 178 78 410 194 161 91 72 602 81 171 535 71 253 1645 967 1069 85 77 85 107 172 79 61 116 93 1509 40 31 44 439 737 106 380 65 449 57 106 71 967 94 45 719 922
internal_value=0.180952 -18.792 85.1799 0.903089 -46.0699 60.7769 147.377 14.1025 50.0444 -11.4062 86.7707 -59.3376 -34.3253 173.59 23.938 21.6511 127.479 166.54 159.032 -17.3647 5.08423 17.9538 20.9296 -5.80769 9.31064 47.4152 3.45793 81.2242 59.5626 62.2263 57.9078 -19.6332 -20.8193 -7.50245 -9.0659 152.26 78.1976 -54.1985 4.47046 -4.40793 22.5447 124.903 4.04269 -40.4875 -42.1461 62.6265 195.695 2.65521 74.6998 40.4741 42.2974 -55.2086 141.216 12.2405 7.51254 -26.9347 113.502 -27.9501 -24.4059 78.195 18.0305 1.6357
internal_weight=19739 16137 3602 9371 6766 2587 1015 4522 1831 4849 756 3177 3589 438 2163 1971 577 376 299 2349 2359 1606 1323 2500 252 192 2158 660 918 822 651 1999 1898 2248 2036 262 597 2042 2080 350 201 96 283 1825 1626 112 77 101 520 913 843 1957 291 556 212 199 286 1764 1061 116 1129 1524
internal_count=19739 16137 3602 9371 6766 2587 1015 4522 1831 4849 756 3177 3589 438 2163 1971 577 376 299 2349 2359 1606 1323 2500 252 192 2158 660 918 822 651 1999 1898 2248 2036 262 597 2042 2080 350 201 96 283 1825 1626 112 77 101 520 913 843 1957 291 556 212 199 286 1764 1061 116 1129 1524
is_linear=0
shrinkage=0.05


Tree=16
num_leaves=63
num_cat=0
split_feature=6 0 6 5 0 6 5 0 5 5 5 5 5 18 18 5 18 19 15 19 18 0 8 0 18 7 15 17 6 19 19 19 17 18 4 18 18 4 19 18 18 17 11 6 6 16 17 13 18 4 17 18 4 22 18 18 4 0 17 1 16 0
split_gain=1.14931e+10 3.22899e+09 1.86927e+09 5.2426e+08 4.55746e+08 2.75919e+08 1.58647e+08 8.70898e+07 8.57308e+07 7.29433e+07 5.56755e+07 5.38871e+07 5.16515e+07 4.19841e+07 4.06845e+07 3.82331e+07 3.39724e+07 3.07377e+07 2.82861e+07 2.653e+07 2.64432e+07 2.46106e+07 2.29442e+07 2.23006e+07 2.21373e+07 2.23379e+07 2.19706e+07 2.18743e+07 2.14566e+07 2.12874e+07 2.07086e+07 1.83127e+07 1.81779e+07 1.71378e+07 1.71208e+07 1.7047e+07 1.67846e+07 1.74554e+07 1.63351e+07 1.62973e+07 1.59116e+07 1.51939e+07 1.45936e+07 1.55487e+07 1.45723e+07 1.44465e+07 1.40391e+07 1.35284e+07 1.3096e+07 1.25236e+07 1.24187e+07 1.22559e+07 1.63107e+07 1.22313e+07 1.20742e+07 1.2035e+07 1.87534e+07 1.18108e+07 1.16956e+07 1.15546e+07 1.15287e+07 1.14684e+07
threshold=5903.6250000000009 3313.5000000000005 9132.1250000000018 4391.5000000000009 2159.5000000000005 7310.7500000000009 11083.000000000002 5011.5000000000009 3766.5000000000005 2701.5000000000005 1559.5000000000002 6171.5000000000009 7883.5000000000009 4.5000000000000009 4.5000000000000009 9407.5000000000018 41.500000000000007 9.5000000000000018 0.23595118267385309 10.500000000000002 4.5000000000000009 11358.000000000002 3300.8750000000005 4194.5000000000009 37.500000000000007 11500.062500000002 0.26493455861876919 5.245000000000001 4082.6250000000005 9.5000000000000018 8.5000000000000018 10.500000000000002 4.245000000000001 4.5000000000000009 4021.5000000000005 48.500000000000007 4.5000000000000009 2157.5000000000005 10.500000000000002 4.5000000000000009 44.500000000000007 2.4050000000000007 904.85721432381922 12000.375000000002 1162.5000000000002 4.6450000000000005 4.5250000000000012 5.3050000000000006 5.5000000000000009 5174.5000000000009 2.2450000000000006 6.5000000000000009 6617.5000000000009 35.125000000000007 8.5000000000000018 5.5000000000000009 3631.5000000000005 5962.5000000000009 3.6450000000000005 3675.5000000000005 4.3450000000000006 10153.000000000002
decision_type=2 2 2 2 2 2 2 2 2 2 2 2 2 2 2 2 2 2 2 2 2 2 2 2 2 2 2 2 2 2 2 2 2 2 2 2 2 2 2 2 2 2 2 2 2 2 2 2 2 2 2 2 2 2 2 2 2 2 2 2 2 2
left_child=1 4 5 8 10 11 14 23 19 35 44 57 51 46 -4 40 34 39 21 20 27 -8 -22 -5 25 -17 28 -3 -10 55 36 33 -28 -13 -15 48 -11 -38 -12 -14 -16 -37 -23 -44 -1 -45 -9 -36 -6 -35 -33 -7 -53 -50 -51 -25 -57 -2 -21 -24 -54 -26
right_child=2 3 6 7 9 12 18 13 26 30 38 31 17 16 15 24 -18 -19 -20 58 22 42 59 29 61 -27 32 -29 -30 -31 -32 50 -34 49 47 41 37 -39 -40 -41 -42 -43 43 45 -46 -47 -48 -49 53 54 -52 52 60 -55 -56 56 -58 -59 -60 -61 -62 -63
leaf_value=-73.278939838350013 29.807085770368577 -8.2090042233467102 181.94081891741072 -0.22084105471872914 -24.800426842715289 101.69355233328685 144.99431762695312 32.998612990379335 -8.3012813042674054 -13.584491791608144 -52.93587229929814 74.772483817206492 120.66041356136925 3.937192171225945 105.16740367640203 121.65130383158839 39.104715737785618 124.61736040900735 209.48008526741194 -5.5560598786241364 -30.628322084224415 208.14772560813213 -18.672385521048614 21.993590341351968 142.35301080322265 154.17088928222657 4.7221433634730596 29.441296193429402 1.6756080592414002 25.016235239462915 -18.2922844611827 61.240844695568086 33.770395414645854 30.310434349188728 19.518812650719767 -40.791918601364387 -50.696960210800171 -28.764096627923578 -41.012271237306571 85.408968176103542 141.29033779568144 -8.3959613425008381 147.16977077907987 166.4931921386719 -61.09064797886986 208.73727614458872 60.801230771200999 35.328696673849358 -36.859671750973014 71.824982709884651 91.478211690611772 49.371514255053377 72.602479879528062 -45.394799511113405 50.943294757488644 -15.896105701986114 9.9856349069317858 43.321340590337634 15.538396824017552 -11.040984689547727 104.95611897786461 178.52730274689506
leaf_weight=321 226 124 35 386 148 35 83 80 829 163 1470 90 38 150 199 215 280 85 47 417 252 33 933 181 50 70 174 56 1540 306 819 80 78 63 848 61 100 977 357 239 36 89 45 50 1039 34 105 161 1044 80 59 73 335 702 514 76 885 568 78 1059 30 39
leaf_count=321 226 124 35 386 148 35 83 80 829 163 1470 90 38 150 199 215 280 85 47 417 252 33 933 181 50 70 174 56 1540 306 819 80 78 63 848 61 100 977 357 239 36 89 45 50 1039 34 105 161 1044 80 59 73 335 702 514 76 885 568 78 1059 30 39
internal_value=0.171905 -17.3897 83.0591 2.64857 -42.1228 60.6098 143.38 17.9247 -6.8866 -31.1047 -56.3078 48.9341 84.1009 26.357 129.518 126.506 23.4745 98.3158 173.95 -12.7805 -14.9345 167.134 -16.4136 10.4579 136.436 129.639 -0.322618 3.50442 -1.81567 13.3046 -24.4623 57.4113 13.7133 54.3105 19.6984 -37.7958 -28.5375 -30.8006 -50.606 90.2449 110.701 -21.5703 178.477 170.887 -63.9674 183.592 48.7785 22.0415 -39.0808 51.5075 74.0754 73.2218 70.9467 -40.2913 53.7556 10.1664 7.9388 39.4747 -2.23208 -14.6153 75.2617 158.205
internal_weight=19739 16288 3451 8998 7290 2515 936 3458 5540 4103 3187 1680 835 1624 644 609 1439 362 292 2919 2424 245 2244 1834 374 285 2621 180 2369 1448 2059 886 252 747 1159 2044 1240 1077 1827 277 235 150 162 129 1360 84 185 1009 1894 657 139 473 438 1746 594 1142 961 794 495 1992 365 89
internal_count=19739 16288 3451 8998 7290 2515 936 3458 5540 4103 3187 1680 835 1624 644 609 1439 362 292 2919 2424 245 2244 1834 374 285 2621 180 2369 1448 2059 886 252 747 1159 2044 1240 1077 1827 277 235 150 162 129 1360 84 185 1009 1894 657 139 473 438 1746 594 1142 961 794 495 1992 365 89
is_linear=0
shrinkage=0.05


Tree=17
num_leaves=63
num_cat=2
split_feature=6 5 8 6 5 5 5 5 6 6 5 22 17 27 6 24 17 18 18 18 18 18 6 18 17 1 4 17 18 4 18 17 17 6 17 22 4 18 16 18 18 4 19 1 18 5 16 17 16 17 18 8 16 17 11 17 5 7 8 6 13 6
split_gain=1.03743e+10 2.83288e+09 1.78704e+09 4.80956e+08 3.62968e+08 1.98473e+08 1.96947e+08 9.77488e+07 7.09212e+07 5.55275e+07 5.339e+07 4.82238e+07 5.23368e+07 4.81647e+07 4.59213e+07 4.26228e+07 3.69694e+07 3.62829e+07 3.65349e+07 3.36099e+07 3.40756e+07 2.56016e+07 2.46131e+07 2.43851e+07 2.28628e+07 2.22893e+07 2.14284e+07 2.10493e+07 2.07119e+07 2.05858e+07 2.02574e+07 1.98721e+07 1.96635e+07 1.87732e+07 1.86618e+07 1.76701e+07 1.71564e+07 1.67919e+07 1.64693e+07 1.62012e+07 1.55426e+07 1.53794e+07 1.50083e+07 1.86504e+07 1.49839e+07 1.49434e+07 1.41055e+07 1.36347e+07 1.35759e+07 1.20463e+07 1.20368e+07 1.16964e+07 1.13723e+07 1.08051e+07 1.07586e+07 1.05984e+07 1.04882e+07 1.01636e+07 1.01189e+07 1.00532e+07 9.99597e+06 9.80559e+06
threshold=5812.5000000000009 3133.5000000000005 8519.7500000000018 4392.1250000000009 2128.5000000000005 6911.5000000000009 10712.500000000002 4855.5000000000009 3772.3750000000005 1681.6250000000002 9407.5000000000018 6.7100000000000009 4.6250000000000009 0 2932.0000000000005 1 4.5150000000000006 2.5000000000000004 47.500000000000007 3.5000000000000004 47.500000000000007 3.5000000000000004 6421.6250000000009 36.500000000000007 4.8550000000000013 3034.5000000000005 10029.500000000002 1.7550000000000001 18.500000000000004 2716.5000000000005 40.500000000000007 4.8550000000000013 4.5250000000000012 7629.8750000000009 4.9350000000000014 4.3850000000000007 3294.5000000000005 45.500000000000007 7.1350000000000007 46.500000000000007 46.500000000000007 11640.500000000002 8.5000000000000018 10676.500000000002 4.5000000000000009 1107.5000000000002 4.7250000000000005 3.0750000000000006 6.0150000000000015 1.7550000000000001 47.500000000000007 2463.6666666666674 7.0200000000000005 5.5500000000000007 840.67021162274193 2.4450000000000007 5126.5000000000009 4122.5000000000009 3913.0833333333335 3496.8750000000005 5.1800000000000006 10043.875000000002
decision_type=2 2 2 2 2 2 2 2 2 2 2 2 2 1 2 1 2 2 2 2 2 2 2 2 2 2 2 2 2 2 2 2 2 2 2 2 2 2 2 2 2 2 2 2 2 2 2 2 2 2 2 2 2 2 2 2 2 2 2 2 2 2
left_child=1 4 5 8 9 15 10 23 17 45 40 33 37 29 21 22 28 24 25 32 35 31 60 36 -3 -19 -18 -20 41 -10 51 -6 -9 -7 58 56 -5 -13 -36 -16 61 -8 43 -12 -17 -1 47 -24 -38 -22 53 -23 54 -11 -14 -41 -21 -15 -31 -27 -2 -4
right_child=2 3 6 7 14 11 16 19 13 50 42 12 52 57 39 44 26 18 27 20 49 30 46 -25 -26 59 -28 -29 -30 34 -32 -33 -34 -35 38 -37 48 -39 -40 55 -42 -43 -44 -45 -46 -47 -48 -49 -50 -51 -52 -53 -54 -55 -56 -57 -58 -59 -60 -61 -62 -63
leaf_value=-69.613323984086875 38.30086534699214 -8.6475945308804523 95.035415197099965 -15.342769857061407 -33.109903647873431 55.334004186359905 145.64153368719693 27.146773730119072 -25.622037036602315 -48.890489850883561 109.79527823178825 66.69110636200223 142.60887333796575 -12.32479366738928 -24.547454399564103 60.950832292908117 164.46098591197622 -31.609319861311661 -13.386439434868951 17.793812920600175 28.831595832423162 -45.710923077601088 50.024958234940662 18.62466678513703 30.333090298612355 -20.295639747315228 203.81329195792216 10.709531462255946 132.60443912974574 -2.2871308327622017 -28.564928872324227 -0.066397851902049984 65.78247818881519 77.071963412372781 36.125761101038556 15.534573282255526 4.8514525959952204 95.387235329367911 5.3094279312505961 -19.011597241853416 135.39280643463135 183.48166711425782 145.69911697387695 137.26226368439504 28.447538857154967 -57.520107159761167 74.221911535457693 73.566417566935215 20.184420830844353 55.866402488284649 -33.322861714265791 -36.220044244082288 95.332766671908118 -20.396444461626167 103.14645400508758 12.528191040039063 34.017202192166764 -4.5922247230624134 8.2279828252615754 -12.872480127396095 58.586068475412006 117.46398615432997
leaf_weight=322 388 80 280 96 91 336 58 60 52 1551 131 224 39 779 1246 38 88 266 175 160 76 483 422 423 71 813 57 188 114 397 621 91 73 141 92 909 1397 66 82 57 32 50 100 117 530 1236 98 72 161 90 147 990 59 34 31 50 264 935 540 1039 72 59
leaf_count=322 388 80 280 96 91 336 58 60 52 1551 131 224 39 779 1246 38 88 266 175 160 76 483 422 423 71 813 57 188 114 397 621 91 73 141 92 909 1397 66 82 57 32 50 100 117 530 1236 98 72 161 90 147 990 59 34 31 50 264 935 540 1039 72 59
internal_value=0.163309 -16.9623 76.8864 1.18765 -41.1431 53.7484 130.491 15.1068 -8.18358 -53.1706 115.279 72.6313 85.0078 -2.7574 -30.239 43.3045 160.295 -14.1149 -15.5632 24.2638 22.1265 -34.5756 49.6798 7.91165 9.68107 -18.075 179.931 -0.906983 147.469 5.08245 -36.139 -16.5882 48.3528 61.7597 6.56531 19.4662 5.17187 73.2219 21.6031 -22.9441 102.083 163.16 129.347 122.753 30.0923 -60.0195 56.8937 53.4561 6.43592 43.489 -47.0099 -39.3321 111.503 -48.2793 125.133 -4.27338 27.8952 -8.0596 3.77281 -16.1311 41.4759 98.9389
internal_weight=19739 16137 3602 9218 6919 2516 1086 3709 5509 3290 719 896 419 2877 3629 1620 367 2632 2481 1632 1499 2276 1052 2077 151 2118 145 363 222 1163 2094 182 133 477 1111 1333 1654 290 174 1353 371 108 348 248 568 1558 592 494 1558 166 1732 1473 129 1585 70 107 424 1714 937 1852 460 339
internal_count=19739 16137 3602 9218 6919 2516 1086 3709 5509 3290 719 896 419 2877 3629 1620 367 2632 2481 1632 1499 2276 1052 2077 151 2118 145 363 222 1163 2094 182 133 477 1111 1333 1654 290 174 1353 371 108 348 248 568 1558 592 494 1558 166 1732 1473 129 1585 70 107 424 1714 937 1852 460 339
cat_boundaries=0 1 2
cat_threshold=9 193
is_linear=0
shrinkage=0.05


Tree=18
num_leaves=63
num_cat=1
split_feature=5 6 7 0 0 0 6 5 5 0 27 0 18 18 6 18 0 18 18 18 18 7 18 8 18 7 18 18 18 8 18 22 8 17 17 8 6 17 2 18 18 18 17 7 17 2 17 18 18 6 17 19 17 7 17 19 19 18 7 0 10 18
split_gain=9.15603e+09 2.2652e+09 1.95432e+09 3.77641e+08 2.58473e+08 2.36546e+08 2.09265e+08 7.35597e+07 6.437e+07 5.67302e+07 4.63849e+07 4.52193e+07 4.42478e+07 4.38428e+07 3.63483e+07 3.07319e+07 2.90092e+07 2.86989e+07 2.95101e+07 2.68438e+07 2.58288e+07 2.49404e+07 2.40331e+07 2.39067e+07 2.35942e+07 2.31771e+07 2.21741e+07 2.12277e+07 2.05438e+07 2.05088e+07 2.00811e+07 1.82046e+07 1.82007e+07 1.81731e+07 1.7719e+07 1.72459e+07 1.71872e+07 1.71344e+07 1.69699e+07 1.69287e+07 1.73444e+07 1.68991e+07 1.61056e+07 1.60144e+07 1.54486e+07 1.47787e+07 1.40498e+07 1.93665e+07 1.26803e+07 1.23948e+07 1.23667e+07 1.49913e+07 1.18281e+07 1.15798e+07 1.15058e+07 1.10431e+07 1.07836e+07 1.06737e+07 1.05898e+07 1.0044e+07 1.00118e+07 1.13189e+07
threshold=5344.5000000000009 3081.2500000000005 8182.6250000000009 4194.5000000000009 1991.5000000000002 10691.500000000002 6621.6250000000009 4680.5000000000009 3539.5000000000005 9039.5000000000018 0 5351.5000000000009 3.5000000000000004 5.5000000000000009 12784.375000000002 47.500000000000007 1413.5000000000002 3.5000000000000004 41.500000000000007 43.500000000000007 2.5000000000000004 11500.062500000002 4.5000000000000009 2660.2500000000005 48.500000000000007 7345.3125000000009 44.500000000000007 4.5000000000000009 38.500000000000007 3897.1666666666674 36.500000000000007 6.7100000000000009 10822.083333333336 5.7900000000000009 4.7250000000000005 2248.5416666666674 3973.1250000000005 4.8550000000000013 4890.5000000000009 47.500000000000007 4.5000000000000009 39.500000000000007 2.4050000000000007 10048.312500000002 4.2950000000000008 3644.5000000000005 4.9350000000000014 2.5000000000000004 4.5000000000000009 3496.8750000000005 4.1250000000000009 2.5000000000000004 4.8550000000000013 5406.4375000000009 3.2850000000000006 9.5000000000000018 10.500000000000002 6.5000000000000009 4805.6875000000009 5457.5000000000009 550.72515663421461 16.500000000000004
decision_type=2 2 2 2 2 2 2 2 2 2 1 2 2 2 2 2 2 2 2 2 2 2 2 2 2 2 2 2 2 2 2 2 2 2 2 2 2 2 2 2 2 2 2 2 2 2 2 2 2 2 2 2 2 2 2 2 2 2 2 2 2 2
left_child=1 4 6 8 16 9 11 27 26 41 35 55 -7 31 19 25 -1 33 38 21 34 -14 -11 -12 36 50 49 37 32 -29 58 -8 -24 -13 -10 48 -22 -5 -19 40 59 -4 -26 -30 53 -44 -37 -48 52 -3 51 -15 -6 -42 -17 -2 -18 -40 -31 -9 61 -27
right_child=2 3 5 7 10 12 13 39 20 22 23 17 14 15 -16 54 56 18 -20 -21 24 -23 28 -25 42 60 -28 29 43 30 -32 -33 -34 -35 -36 46 -38 -39 57 -41 44 -43 45 -45 -46 -47 47 -49 -50 -51 -52 -53 -54 -55 -56 -57 -58 -59 -60 -61 -62 -63
leaf_value=-61.13232459296745 15.156454243016308 -21.809563128136958 80.585400924682631 8.3287410232424737 -37.869128417968753 203.44231612261603 70.787855510947153 26.078486049742924 2.8329836853820347 153.2791832624163 -43.448252579572824 45.474807260202809 116.51764741510779 73.662865842183436 175.40051838642842 69.017409560259651 -51.541396992791128 4.274560854264668 50.166679787943288 175.74238666735198 -12.01657209012809 146.90084342956544 96.162390015865199 -32.670991942738553 -2.6838429713950438 87.771838512705344 -5.3418041260454672 -12.391503219699386 116.93030534224077 -1.3362767320296782 13.434694349498322 107.67035945423864 123.69199392059703 83.877967262268072 40.568802586007628 -23.971033676530165 -3.3504530129555654 38.793684143066407 45.561423393558059 35.654835435055432 13.072098029091556 108.42021472212198 6.0083838771890719 157.61856193542482 -0.01747283482706392 44.575040592447579 23.561755160281535 -18.369983345985414 -37.549424726412852 -14.260737666769812 29.48295487278984 47.034890944732204 -10.90624725874865 23.749495466758933 105.64294037690034 34.899280623956166 -41.786664334752345 30.415532206929296 7.3823829933067886 58.075899004936218 55.593331760734458 62.039531691599706
leaf_weight=789 363 1202 260 120 66 34 81 105 92 35 993 86 143 60 74 51 1452 56 252 38 1260 128 232 1068 136 67 382 201 99 1027 468 57 81 48 47 889 1048 75 136 128 711 69 54 32 154 46 38 100 390 993 84 444 106 395 37 88 352 804 527 32 221 118
leaf_count=789 363 1202 260 120 66 34 81 105 92 35 993 86 143 60 74 51 1452 56 252 38 1260 128 232 1068 136 67 382 201 99 1027 468 57 81 48 47 889 1048 75 136 128 711 69 54 32 154 46 38 100 390 993 84 444 106 395 37 88 352 804 527 32 221 118
internal_value=0.111151 -17.8171 64.8424 -2.04656 -41.065 118.193 43.4356 9.65179 -10.8159 102.409 -32.49 32.756 148.778 59.4812 143.925 56.0961 -53.1355 37.2423 34.8813 136.387 -5.39504 130.868 113.389 -37.6807 -6.54177 53.5889 -16.4597 4.22824 110.245 2.84071 4.35489 86.0219 103.287 59.2312 15.5926 -25.3606 -8.08152 20.046 31.0139 18.2512 16.6566 86.4231 8.51653 126.869 14.8195 23.749 -21.6669 -6.82356 -32.5617 -18.3945 47.2446 50.2049 -21.2525 16.8855 84.4168 19.0087 -49.638 32.6069 1.62044 33.5523 62.7771 71.3588
internal_weight=19724 15446 4278 9203 6243 1225 3053 3943 5260 808 3650 1833 417 1220 383 1082 2593 1382 1248 309 2683 271 479 2061 2544 994 2577 2418 444 2223 2022 138 313 134 139 1589 2308 195 996 1525 1397 329 236 131 1260 100 1027 138 562 2195 588 504 172 1106 88 451 1804 940 1554 137 406 185
internal_count=19724 15446 4278 9203 6243 1225 3053 3943 5260 808 3650 1833 417 1220 383 1082 2593 1382 1248 309 2683 271 479 2061 2544 994 2577 2418 444 2223 2022 138 313 134 139 1589 2308 195 996 1525 1397 329 236 131 1260 100 1027 138 562 2195 588 504 172 1106 88 451 1804 940 1554 137 406 185
cat_boundaries=0 1
cat_threshold=9
is_linear=0
shrinkage=0.05


Tree=19
num_leaves=63
num_cat=3
split_feature=6 7 0 0 7 0 6 27 18 7 11 0 18 18 18 18 6 17 6 8 27 17 18 18 18 8 0 27 7 18 18 17 18 22 17 18 8 18 17 8 16 17 18 8 18 17 17 8 10 16 0 11 18 8 8 17 16 18 17 17 18 17
split_gain=8.26919e+09 1.98915e+09 1.85711e+09 2.96252e+08 2.38723e+08 2.13482e+08 2.04743e+08 5.76463e+07 5.69884e+07 5.35933e+07 5.13954e+07 5.1199e+07 4.99573e+07 3.99337e+07 3.98455e+07 3.92942e+07 3.99926e+07 3.65202e+07 3.28044e+07 3.08394e+07 3.01221e+07 2.75863e+07 2.63025e+07 2.59882e+07 2.42265e+07 2.40406e+07 2.3318e+07 2.32479e+07 2.25087e+07 2.16899e+07 2.02586e+07 2.19391e+07 1.85408e+07 1.80731e+07 1.76901e+07 1.65538e+07 1.64262e+07 1.52514e+07 1.51048e+07 1.46695e+07 1.43333e+07 1.40812e+07 1.46934e+07 1.39208e+07 1.42703e+07 1.28401e+07 1.26182e+07 1.23048e+07 1.22965e+07 1.21534e+07 1.15467e+07 1.1523e+07 1.15112e+07 1.10731e+07 1.05632e+07 1.03419e+07 9.97122e+06 9.27346e+06 1.51899e+07 8.68166e+06 8.48341e+06 1.51679e+07
threshold=5225.3750000000009 8182.6250000000009 2973.5000000000005 3933.5000000000005 6405.5625000000009 10691.500000000002 1946.0000000000002 0 4.5000000000000009 4508.5625000000009 803.4561052249868 9039.5000000000018 6.5000000000000009 3.5000000000000004 47.500000000000007 47.500000000000007 3496.8750000000005 4.8550000000000013 12784.375000000002 6975.5833333333348 1 2.3250000000000006 43.500000000000007 3.5000000000000004 43.500000000000007 2566.6250000000005 1354.5000000000002 2 11500.062500000002 4.5000000000000009 6.5000000000000009 4.410000000000001 38.500000000000007 6.7100000000000009 5.6550000000000002 6.5000000000000009 10822.083333333336 39.500000000000007 4.6450000000000005 9798.1666666666697 5.3050000000000006 3.7250000000000005 16.500000000000004 3745.8750000000005 18.500000000000004 4.3450000000000006 2.3650000000000007 2566.6250000000005 634.10302215081924 4.6150000000000011 5723.5000000000009 613.37740792988131 48.500000000000007 5994.0833333333348 2660.2500000000005 2.3250000000000006 3.6650000000000005 2.5000000000000004 4.8550000000000013 2.3850000000000002 48.500000000000007 1.9950000000000003
decision_type=2 2 2 2 2 2 2 1 2 2 2 2 2 2 2 2 2 2 2 2 1 2 2 2 2 2 2 1 2 2 2 2 2 2 2 2 2 2 2 2 2 2 2 2 2 2 2 2 2 2 2 2 2 2 2 2 2 2 2 2 2 2
left_child=2 4 6 15 7 11 26 10 17 22 50 37 33 -7 19 16 23 -5 24 41 47 -17 43 34 28 -22 -1 48 56 -13 -18 -32 36 -6 -4 -12 -31 -3 53 -34 -19 42 -14 -10 59 -28 -24 57 -11 -21 -2 -51 -48 -9 -25 -16 -15 58 -8 -45 -59 -62
right_child=1 5 3 8 12 13 20 38 9 27 35 29 14 18 55 21 30 40 -20 49 25 -23 46 54 -26 -27 45 -29 -30 32 31 -33 39 -35 -36 -37 -38 -39 -40 -41 -42 -43 -44 44 -46 -47 52 -49 -50 51 -52 -53 -54 -55 -56 -57 -58 60 -60 -61 61 -63
leaf_value=-59.390040090703884 35.419396953237019 76.556130466461184 -13.414149016309009 9.7095778817931819 66.650572700107219 193.27020102108227 -32.72776855019962 17.252016684260862 -16.359766147630332 22.044778751333556 34.400132992817809 145.61522434779576 56.847084525653294 91.822157733998409 62.360393557315923 -10.12717806246912 5.0948953798443233 63.041603582555595 166.63049324654244 53.193938537695715 -42.265930131149695 14.720777962811292 2.103501906695445 -38.415966911726102 166.95526620965256 -31.574674175584409 -49.02049686319814 5.7126755294793199 139.55580177307129 91.354270504877491 -10.457238044889211 -35.086093095478262 108.01037841070266 101.04518594893199 20.687201836957769 3.1607184501151084 117.50739527572821 102.99920351332513 -6.9304614688835899 142.89420471191406 30.659515102860198 23.904171546574297 37.166451007006117 6.0072993767970786 -7.2021529052505464 -26.553131149031902 6.3020407902888769 -18.789621285403317 1.8216500909118865 97.320361804962161 48.321010223208674 54.547628728805051 32.97681425412496 27.726483523506836 -21.071149189204284 95.410255718231213 119.93001011212667 -33.577854451210264 7.367914325540716 -6.7206333038627468 -41.028454147560012 -12.317053005574408
leaf_weight=627 281 260 107 276 97 34 51 725 227 432 65 35 140 47 41 253 199 44 74 603 953 200 242 93 38 1173 1743 1376 128 232 1876 95 84 63 59 122 81 69 51 47 153 116 294 479 904 66 78 440 91 32 453 31 84 387 1564 56 96 620 44 186 69 138
leaf_count=627 281 260 107 276 97 34 51 725 227 432 65 35 140 47 41 253 199 44 74 603 953 200 242 93 38 1173 1743 1376 128 232 1876 95 84 63 59 122 81 69 51 47 153 116 294 479 904 66 78 440 91 32 453 31 84 387 1564 56 96 620 44 186 69 138
internal_value=0.105594 57.3329 -18.2093 -3.92245 38.4084 112.284 -39.9579 27.5184 5.01425 3.11798 37.0181 97.2887 53.8155 141.339 50.6012 -13.1124 -14.6957 21.4473 136.729 48.1411 -32.1898 0.843222 -2.19377 -20.1551 129.568 -36.1969 -51.0808 9.27166 124.325 107.72 -10.1093 -11.6443 104.732 80.1935 -1.29379 14.0193 98.1223 82.1019 19.5093 120.526 37.8921 39.3789 43.515 -4.78672 -3.11236 -48.2008 9.33331 -25.482 18.1785 55.3771 43.3818 76.2735 20.1334 20.8974 -22.0446 81.4407 110.692 -28.9522 -14.1571 2.44731 -30.6517 -21.8875
internal_weight=19724 4782 14942 9018 3557 1225 5924 2084 4572 4099 921 808 1473 417 1313 4446 3993 473 383 1216 3488 453 2200 1823 309 2126 2436 1899 271 479 2170 1971 444 160 166 187 313 329 1163 131 197 550 434 1796 1569 1809 404 1362 523 666 734 63 162 1112 1657 97 143 922 95 665 827 207
internal_count=19724 4782 14942 9018 3557 1225 5924 2084 4572 4099 921 808 1473 417 1313 4446 3993 473 383 1216 3488 453 2200 1823 309 2126 2436 1899 271 479 2170 1971 444 160 166 187 313 329 1163 131 197 550 434 1796 1569 1809 404 1362 523 666 734 63 162 1112 1657 97 143 922 95 665 827 207
cat_boundaries=0 1 2 3
cat_threshold=9 9 9
is_linear=0
shrinkage=0.05


Tree=20
num_leaves=63
num_cat=1
split_feature=5 0 7 5 5 0 7 0 5 0 15 5 0 18 5 4 6 15 18 18 18 18 19 18 5 16 27 3 1 4 7 4 15 7 19 18 16 19 18 4 18 6 17 5 18 18 18 18 17 15 17 16 17 17 18 16 18 17 7 15 17 6
split_gain=7.46967e+09 1.84901e+09 1.58868e+09 2.64605e+08 2.5725e+08 1.92668e+08 1.70327e+08 5.32441e+07 4.82449e+07 4.62071e+07 3.97919e+07 3.91061e+07 3.74498e+07 3.60401e+07 3.58856e+07 3.15575e+07 3.00847e+07 2.87109e+07 2.84183e+07 2.80082e+07 2.36954e+07 1.93381e+07 1.79182e+07 1.79558e+07 1.73312e+07 1.71767e+07 1.63939e+07 1.63387e+07 1.60951e+07 1.49645e+07 1.47912e+07 1.46273e+07 1.42006e+07 1.91973e+07 1.393e+07 1.37644e+07 1.37612e+07 1.35417e+07 1.32596e+07 1.2937e+07 1.81906e+07 1.2236e+07 1.21213e+07 1.20697e+07 1.19821e+07 1.19803e+07 1.17019e+07 1.14075e+07 1.11665e+07 1.49551e+07 1.08616e+07 1.864e+07 1.04743e+07 1.03587e+07 1.0294e+07 1.01132e+07 9.75913e+06 9.66009e+06 9.60304e+06 9.2973e+06 9.17882e+06 9.14247e+06
threshold=5344.5000000000009 3217.5000000000005 8182.6250000000009 2077.5000000000005 4094.5000000000005 10691.500000000002 6342.5000000000009 4659.5000000000009 7001.0000000000009 9039.5000000000018 0.23595118267385309 3539.5000000000005 2750.5000000000005 3.5000000000000004 1654.5000000000002 4634.5000000000009 12000.375000000002 0.29275577515509837 5.5000000000000009 43.500000000000007 10.500000000000002 45.500000000000007 10.500000000000002 4.5000000000000009 4726.5000000000009 3.0950000000000002 0 4234.5000000000009 3975.5000000000005 2553.5000000000005 11500.062500000002 2428.5000000000005 0.29275577515509837 3733.8125000000005 9.5000000000000018 39.500000000000007 4.7250000000000005 8.5000000000000018 37.500000000000007 6133.5000000000009 16.500000000000004 1162.5000000000002 5.245000000000001 9407.5000000000018 41.500000000000007 4.5000000000000009 2.5000000000000004 47.500000000000007 2.4050000000000007 -0.15701273539950222 2.6850000000000005 5.3050000000000006 4.7250000000000005 2.5650000000000004 8.5000000000000018 7.1000000000000005 47.500000000000007 4.8550000000000013 6996.6875000000009 -0.16698754458866119 1.7550000000000001 3334.3750000000005
decision_type=2 2 2 2 2 2 2 2 2 2 2 2 2 2 2 2 2 2 2 2 2 2 2 2 2 2 1 2 2 2 2 2 2 2 2 2 2 2 2 2 2 2 2 2 2 2 2 2 2 2 2 2 2 2 2 2 2 2 2 2 2 2
left_child=1 3 6 14 11 9 10 32 36 35 15 22 34 -7 41 54 19 43 -10 30 -17 39 23 42 -9 -18 31 -12 -28 -25 -15 -13 33 -6 46 -4 38 -14 58 -20 -41 -1 -3 -11 -22 -26 57 -47 -33 -50 -29 -52 -34 -38 55 -2 -35 -5 -8 -27 -58 -31
right_child=2 4 5 12 7 13 8 24 18 17 27 26 37 16 -16 20 25 -19 21 -21 44 -23 -24 29 45 59 28 50 -30 61 -32 48 52 56 -36 -37 53 -39 -40 40 -42 -43 -44 -45 -46 47 -48 -49 49 -51 51 -53 -54 -55 -56 -57 60 -59 -60 -61 -62 -63
leaf_value=-60.300656860753115 30.080227759602952 -7.9199827556368678 72.728324032013234 -31.020971971399646 -16.734151918799789 183.60669044045844 32.900440297126771 9.3441094329222469 87.161243025461829 89.111186148505666 22.09902484416962 -25.365293929690409 -24.612229512741134 102.43875971327735 -40.40325178375663 42.959503952356492 114.68236704508463 141.31305109068407 26.959919130234496 158.60750322843853 20.42897029283705 80.534126430362846 -2.8459349767604785 -32.652507643266162 36.130666830228726 142.98249037606377 -10.835741282933688 38.736991561342172 -1.8536788630995666 -22.91482402888478 131.10620426918146 0.80081442597793573 4.592417554440706 1.9419258018203132 -24.581606914095417 97.849243584232056 68.353662994929721 -15.50415124320439 53.914910055507313 69.854927933456111 47.522719941056792 -49.212208071729563 25.586618267036069 105.86896338853681 35.394981605294106 15.655857013669939 -34.632489769872443 33.652271596918403 -14.170461461320521 24.045438428131458 93.99842748334332 49.168211435235065 26.602099521721115 39.646580143769583 -5.7187743753284579 6.8564665123706563 2.7874014854431155 7.9059905719757086 45.808286591909706 171.92489180131395 35.270868073810234 -13.285431392390121
leaf_weight=304 73 79 260 34 135 34 370 832 96 192 66 42 1064 137 1412 208 30 43 42 38 578 77 351 132 92 56 996 108 999 305 67 405 115 1359 587 69 91 662 165 149 235 1370 41 244 174 955 1414 97 32 128 31 92 102 48 83 131 43 30 236 55 44 1285
leaf_count=304 73 79 260 34 135 34 370 832 96 192 66 42 1064 137 1412 208 30 43 42 38 578 77 351 132 92 56 996 108 999 305 67 405 115 1359 587 69 91 662 165 149 235 1370 41 244 174 955 1414 97 32 128 31 92 102 48 83 131 43 30 236 55 44 1285
internal_value=0.100459 -16.0928 58.5674 -35.4035 -0.595185 106.669 39.2668 9.1699 51.2129 92.4243 27.5915 -8.28099 -26.5546 134.272 -46.274 23.6741 129.892 102.334 62.2323 119.195 28.0232 57.4745 -13.1995 -15.1724 14.835 148.251 -4.13562 44.0389 -6.30635 -16.4756 111.854 3.05243 2.94399 1.29775 -31.098 77.9968 43.9594 -21.1189 41.3487 53.3064 56.1881 -51.2259 3.52811 98.4894 23.8919 18.8284 -33.686 17.3152 5.21892 16.4023 50.3075 60.4669 14.938 58.4404 9.12681 15.1669 2.98123 -12.774 37.9273 157.323 19.2158 -15.1326
internal_weight=19724 15446 4278 6877 8569 1225 3053 3774 1509 808 1544 4795 3791 417 3086 1247 383 479 599 242 960 503 2193 1842 1976 141 2602 297 1995 1722 204 607 1798 1581 2065 329 910 1726 771 426 384 1674 120 436 752 1144 1478 1052 565 160 231 123 217 139 287 204 1446 64 606 111 87 1590
internal_count=19724 15446 4278 6877 8569 1225 3053 3774 1509 808 1544 4795 3791 417 3086 1247 383 479 599 242 960 503 2193 1842 1976 141 2602 297 1995 1722 204 607 1798 1581 2065 329 910 1726 771 426 384 1674 120 436 752 1144 1478 1052 565 160 231 123 217 139 287 204 1446 64 606 111 87 1590
cat_boundaries=0 1
cat_threshold=8
is_linear=0
shrinkage=0.05


Tree=21
num_leaves=63
num_cat=5
split_feature=6 5 6 6 5 6 5 6 27 6 27 27 0 4 4 27 11 19 5 19 8 8 18 17 8 24 15 9 18 15 4 12 17 2 18 8 6 8 8 8 18 17 18 9 6 17 11 18 17 8 11 18 15 16 1 18 18 17 18 18 17 12
split_gain=6.8241e+09 1.63149e+09 1.52196e+09 2.24418e+08 2.03653e+08 1.88036e+08 1.65819e+08 6.48141e+07 5.57463e+07 4.6479e+07 4.28199e+07 3.74951e+07 3.47815e+07 3.205e+07 3.18497e+07 2.74951e+07 2.6106e+07 2.51471e+07 2.49811e+07 2.29853e+07 2.25935e+07 2.08986e+07 2.06084e+07 2.5137e+07 2.01806e+07 1.96932e+07 2.23616e+07 1.94987e+07 1.76764e+07 1.67027e+07 1.65996e+07 1.74925e+07 1.62261e+07 1.61817e+07 1.58686e+07 1.50813e+07 1.49491e+07 1.43735e+07 1.4031e+07 1.39339e+07 1.39114e+07 1.33374e+07 1.32184e+07 1.31309e+07 1.37845e+07 1.25867e+07 1.59976e+07 1.24285e+07 1.2119e+07 1.18216e+07 1.16112e+07 1.09557e+07 1.07548e+07 1.00692e+07 1.00309e+07 9.68667e+06 9.46562e+06 8.72818e+06 1.01635e+07 8.64699e+06 8.49991e+06 8.21719e+06
threshold=5225.3750000000009 7883.5000000000009 3061.6250000000005 4066.7500000000005 10712.500000000002 2028.1250000000002 5979.5000000000009 9371.5000000000018 0 6883.1250000000009 1 2 11358.000000000002 4593.5000000000009 3062.5000000000005 3 840.67021162274193 9.5000000000000018 1348.5000000000002 11.500000000000002 4624.8333333333348 3616.416666666667 2.5000000000000004 4.8550000000000013 3397.4583333333335 4 0.19043062200956926 671.48461138688128 6.5000000000000009 0.23595118267385309 4655.5000000000009 4.5250000000000012 4.3450000000000006 12237.500000000002 47.500000000000007 10020.625000000002 7310.7500000000009 2777.3750000000005 4601.9583333333348 6264.1250000000009 4.5000000000000009 4.8550000000000013 6.5000000000000009 502.19430273945625 7629.8750000000009 9.8100000000000005 469.38193514031849 5.5000000000000009 3.6050000000000004 5893.0833333333348 531.22112040396325 6.5000000000000009 0.042694535585530914 6.4750000000000005 9427.5000000000018 2.5000000000000004 46.500000000000007 1.7550000000000001 18.500000000000004 43.500000000000007 2.3250000000000006 3.6350000000000002
decision_type=2 2 2 2 2 2 2 2 1 2 1 1 2 2 2 1 2 2 2 2 2 2 2 2 2 1 2 2 2 2 2 2 2 2 2 2 2 2 2 2 2 2 2 2 2 2 2 2 2 2 2 2 2 2 2 2 2 2 2 2 2 2
left_child=2 6 5 8 7 18 13 17 22 30 14 25 29 42 52 -15 -14 36 -1 28 57 50 23 -4 45 -7 34 -18 -9 -6 -8 39 56 -29 -27 61 -3 -13 40 -32 41 -16 -2 44 59 46 -24 -38 -19 -17 -10 -48 -5 -43 -37 -28 -20 58 -12 -11 -58 -30
right_child=1 4 3 10 12 11 9 19 21 43 20 37 16 15 38 49 27 48 32 -21 -22 -23 24 -25 -26 26 55 33 35 -31 31 -33 -34 -35 -36 54 47 -39 -40 -41 -42 53 -44 -45 -46 -47 51 -49 -50 -51 -52 -53 -54 -55 -56 -57 60 -59 -60 -61 -62 -63
leaf_value=-53.387247452834565 28.981392930529339 42.82833656393565 -2.4104323941597841 -24.570614614486697 105.76347226954218 -25.791532280237778 18.619585639296229 131.86874210133271 -19.235602568934716 50.715024560035729 5.8945650803450071 -36.144308650706314 185.83518066406251 37.099050602417769 10.840422220841566 15.287495464901733 111.72479454323098 80.701371522103599 -44.957359855419021 141.73713103263609 6.2149610262655806 -11.706984945166818 -9.4469565884295399 33.054714743296309 -1.4161150491959438 -24.51513304538976 25.285789160728456 129.30128219604492 91.924299917648099 145.00322660558365 23.629673784706327 51.138603057675681 -22.590611279871048 165.72553612493701 -1.4854478061801257 74.3059321641922 95.188261318206798 -27.515363888664758 21.592257286780686 40.394230504532409 7.4433648378612709 53.917159061431882 1.4460331753322058 47.344530323447373 74.516141058603921 18.773483607172967 -13.416519940205109 67.513218726820625 114.57337724436884 26.088404531919977 -39.162800173216226 -39.222757251783349 9.6822007843942366 22.705643220796979 104.00446701423796 -4.0917731477859176 -43.397034957057748 -9.3352885680570648 -5.2626010416919353 74.781228741732519 -24.90897330487768 66.335281372070312
leaf_weight=725 55 52 139 75 134 910 103 34 979 246 362 1177 32 433 145 478 54 62 1622 31 1239 1637 601 78 1057 306 40 60 67 34 180 244 97 62 99 32 48 818 432 398 762 40 210 378 120 32 78 262 46 539 79 87 33 73 255 94 129 407 468 44 120 59
leaf_count=725 55 52 139 75 134 910 103 34 979 246 362 1177 32 433 145 478 54 62 1622 31 1239 1637 601 78 1057 306 40 60 67 34 180 244 97 62 99 32 48 818 432 398 762 40 210 378 120 32 78 262 46 539 79 87 33 73 255 94 129 407 468 44 120 59
internal_value=0.157684 52.3474 -16.4424 -3.11768 99.4885 -35.5556 34.14 87.1387 -10.4634 45.1432 5.55854 -27.8164 130.626 23.1496 12.0143 26.0717 144.293 73.9541 -45.4531 100.103 1.43677 -15.1903 -4.22159 10.3374 -5.94748 -21.0761 -12.7903 136.74 97.2152 113.705 37.5415 39.9125 -42.5302 147.812 -18.8857 94.3623 67.6369 -32.4436 14.0398 35.1734 10.8411 20.8762 7.16092 54.0665 60.2639 -11.9495 -13.233 71.7984 95.1283 20.8073 -20.7236 -27.0234 -14.1045 33.754 100.693 4.67765 -43.5639 -3.33753 -0.396464 54.3664 -34.4871 79.9421
internal_weight=19692 4752 14940 8803 1324 6137 3428 948 4767 1713 4036 3444 376 1715 1560 1450 208 470 2693 478 2476 2695 2072 217 1855 1449 539 176 447 168 925 822 1968 122 405 413 362 1995 1452 578 1020 258 265 788 410 798 766 310 108 1017 1058 165 108 113 287 134 1871 1237 830 290 249 126
internal_count=19692 4752 14940 8803 1324 6137 3428 948 4767 1713 4036 3444 376 1715 1560 1450 208 470 2693 478 2476 2695 2072 217 1855 1449 539 176 447 168 925 822 1968 122 405 413 362 1995 1452 578 1020 258 265 788 410 798 766 310 108 1017 1058 165 108 113 287 134 1871 1237 830 290 249 126
cat_boundaries=0 1 2 3 4 5
cat_threshold=9 9 9 9 1832
is_linear=0
shrinkage=0.05


Tree=22
num_leaves=63
num_cat=3
split_feature=6 0 5 6 6 7 5 0 5 6 27 5 11 27 5 15 0 7 18 15 18 18 19 17 19 17 19 11 5 18 18 17 19 24 13 6 17 8 8 8 18 17 17 22 18 7 22 18 17 9 18 18 19 7 7 12 18 17 18 11 19 17
split_gain=6.164e+09 1.63798e+09 1.15851e+09 2.8658e+08 1.96185e+08 1.48601e+08 1.2309e+08 5.44795e+07 4.85771e+07 3.76256e+07 3.22128e+07 3.1367e+07 3.02352e+07 2.88184e+07 2.61427e+07 2.48888e+07 2.5326e+07 2.26765e+07 2.07748e+07 2.07413e+07 2.01575e+07 2.34618e+07 1.97766e+07 1.68527e+07 1.67937e+07 1.63818e+07 1.60974e+07 1.60019e+07 1.80617e+07 1.53184e+07 1.48559e+07 1.47857e+07 1.42413e+07 1.42848e+07 1.41311e+07 1.37623e+07 1.36879e+07 1.35064e+07 1.28955e+07 1.28205e+07 1.2251e+07 1.42081e+07 1.21991e+07 1.13582e+07 1.0852e+07 1.04344e+07 1.02843e+07 1.00708e+07 9.988e+06 1.04972e+07 9.14209e+06 9.12277e+06 9.31373e+06 9.03073e+06 8.67926e+06 1.30908e+07 8.56657e+06 8.37979e+06 8.29684e+06 1.68443e+07 7.93345e+06 1.36971e+07
threshold=5681.5000000000009 3139.5000000000005 8547.0000000000018 4392.1250000000009 2028.1250000000002 6915.5625000000009 11083.000000000002 3775.5000000000005 4726.5000000000009 9371.5000000000018 0 2402.5000000000005 712.40936423638516 1 7487.5000000000009 0.23595118267385309 11358.000000000002 1371.4375000000002 4.5000000000000009 0.26493455861876919 3.5000000000000004 47.500000000000007 11.500000000000002 4.9250000000000007 8.5000000000000018 5.245000000000001 8.5000000000000018 904.85721432381922 12741.500000000002 36.500000000000007 2.5000000000000004 4.3450000000000006 8.5000000000000018 2 3.4450000000000007 12000.375000000002 4.8550000000000013 3745.8750000000005 5843.1250000000009 5994.0833333333348 4.5000000000000009 1.6350000000000002 1.7550000000000001 15.350000000000001 42.500000000000007 3948.6875000000005 15.350000000000001 46.500000000000007 5.8700000000000001 627.51689791653791 13.500000000000002 4.5000000000000009 3.5000000000000004 3494.8125000000005 6342.5000000000009 5.4250000000000007 11.500000000000002 2.3250000000000006 14.500000000000002 531.22112040396325 11.500000000000002 2.4050000000000007
decision_type=2 2 2 2 2 2 2 2 2 2 1 2 2 1 2 2 2 2 2 2 2 2 2 2 2 2 2 2 2 2 2 2 2 1 2 2 2 2 2 2 2 2 2 2 2 2 2 2 2 2 2 2 2 2 2 2 2 2 2 2 2 2
left_child=1 4 5 7 17 10 9 19 29 24 12 44 54 30 -7 16 -8 -1 -11 32 25 43 35 -21 -4 -10 40 -18 -29 46 36 47 33 51 -26 -20 -9 -32 -14 -12 -13 -42 -23 58 -6 -15 -5 -19 49 -16 -43 -3 -53 -34 55 -2 -35 -49 59 -22 -39 -62
right_child=2 3 6 8 11 14 15 13 20 18 39 26 38 45 48 -17 27 31 22 23 21 42 -24 -25 34 -27 -28 28 -30 -31 37 -33 53 56 -36 -37 -38 60 -40 -41 41 50 -44 -45 -46 -47 -48 57 -50 -51 -52 52 -54 -55 -56 -57 -58 -59 -60 -61 61 -63
leaf_value=-51.440352357879398 33.767406604149073 0.25206126915781119 64.233731499878147 5.0465747633369622 -33.223200926398924 48.792811053934912 101.98121816614173 5.6033834649067309 21.022077089474525 137.6412965297699 14.653517660462715 -12.921869258459104 16.524514332065333 -14.047095399698458 67.85375758214596 164.26827080305233 165.97866913766575 -42.944816084435423 90.823702951454266 -7.9943223465987252 29.607961004998039 18.790010217616434 134.01300411224366 17.134968435423716 75.146591108672482 56.009354012472592 -16.463066507417558 115.07431804698001 155.61233113606772 14.777934835742585 -5.6579432189176622 -21.366948686147992 -12.82470004506424 -4.4861298041813304 117.09918226354262 123.91199955659755 34.314711690630233 2.9536111516691408 39.446281333063162 27.82724586358437 -20.944313013783272 -40.351909708059758 46.13683239113201 -1.571795945374862 -22.405393383386254 -4.3101387090037262 -5.9436789979120253 -41.074657783799502 89.064219235151256 49.339636438864254 -27.88921872161729 -33.930960087622367 -19.577116898364494 -3.2524862172687521 55.655347014557236 53.171666391272304 -14.643827793051237 -22.902135229498391 12.046712084826741 9.7186787694084416 4.4323378861577885 35.785840981223366
leaf_weight=635 203 38 148 1135 1224 634 91 102 81 32 249 181 154 357 263 43 33 1709 415 183 233 76 32 105 49 57 855 93 39 343 414 95 503 264 34 34 70 549 102 715 571 208 88 115 286 1200 262 131 39 108 503 186 288 483 176 152 971 123 884 196 95 55
leaf_count=635 203 38 148 1135 1224 634 91 102 81 32 249 181 154 357 263 43 33 1709 415 183 233 76 32 105 49 57 855 93 39 343 414 95 503 264 34 34 70 549 102 715 571 208 88 115 286 1200 262 131 39 108 503 186 288 483 176 152 971 123 884 196 95 55
internal_value=0.150087 -13.6138 57.0057 -0.17989 -32.8406 40.2247 101.975 -6.92032 11.2089 91.0859 31.3225 -25.5665 39.2729 -1.95108 55.1555 129.07 123.158 -43.1804 98.6312 -11.5951 17.1419 15.5528 96.0359 1.1674 74.3296 35.4733 -21.9135 134.837 127.051 5.31003 3.58457 -40.6318 -12.94 -15.6516 92.332 93.3293 17.2882 1.49905 25.6574 24.1737 -25.0988 -26.818 33.4639 13.4958 -31.1743 -6.50094 2.98541 -41.5642 64.9944 62.4642 -31.5351 -22.8732 -25.2096 -8.13567 46.5767 42.0757 -12.3723 -32.2746 14.8155 20.521 5.73795 15.9286
internal_weight=19692 15854 3838 9333 6521 2795 1043 5863 3470 744 1751 3828 787 2842 1044 299 256 2693 513 3021 1730 1592 481 288 231 138 2318 165 132 1740 1285 2058 2733 1747 83 449 172 1113 256 964 1463 1282 164 1428 1510 1557 1397 1963 410 371 711 512 474 986 531 355 1235 254 1313 429 699 150
internal_count=19692 15854 3838 9333 6521 2795 1043 5863 3470 744 1751 3828 787 2842 1044 299 256 2693 513 3021 1730 1592 481 288 231 138 2318 165 132 1740 1285 2058 2733 1747 83 449 172 1113 256 964 1463 1282 164 1428 1510 1557 1397 1963 410 371 711 512 474 986 531 355 1235 254 1313 429 699 150
cat_boundaries=0 1 2 3
cat_threshold=9 9 28
is_linear=0
shrinkage=0.05


Tree=23
num_leaves=63
num_cat=2
split_feature=6 5 1 0 0 1 7 5 0 27 11 5 27 5 18 18 18 18 17 18 5 17 15 8 18 6 17 0 18 8 18 19 22 17 0 17 17 17 18 17 8 17 12 2 18 7 19 0 18 9 1 17 1 18 1 9 5 17 16 11 8 18
split_gain=5.56867e+09 1.32925e+09 1.24816e+09 1.81889e+08 1.66831e+08 1.56255e+08 1.38337e+08 5.13684e+07 4.79049e+07 3.45171e+07 3.61344e+07 3.39614e+07 3.33805e+07 3.21784e+07 2.36799e+07 2.29238e+07 2.3177e+07 2.24054e+07 2.83411e+07 2.00528e+07 1.98454e+07 1.89267e+07 1.811e+07 1.65615e+07 1.61311e+07 1.57908e+07 1.53852e+07 1.51599e+07 1.45534e+07 1.42073e+07 1.31389e+07 1.36609e+07 1.27427e+07 1.23573e+07 1.2222e+07 1.21726e+07 1.13624e+07 1.13577e+07 1.10849e+07 1.8998e+07 1.11218e+07 1.10386e+07 1.1032e+07 2.01847e+07 1.0592e+07 1.07216e+07 1.03886e+07 1.02109e+07 1.01693e+07 1.1569e+07 1.12101e+07 1.0097e+07 9.80979e+06 9.49618e+06 9.06899e+06 8.98277e+06 8.62319e+06 8.39535e+06 9.08795e+06 8.30332e+06 8.03089e+06 6.8804e+06
threshold=5225.3750000000009 7883.5000000000009 3052.5000000000005 3869.5000000000005 10691.500000000002 1991.5000000000002 6342.5000000000009 4284.5000000000009 8411.0000000000018 0 712.40936423638516 11475.500000000002 1 6417.5000000000009 47.500000000000007 3.5000000000000004 47.500000000000007 5.5000000000000009 4.3450000000000006 2.5000000000000004 1348.5000000000002 1.7550000000000001 0.1282251271331856 10020.625000000002 43.500000000000007 3496.8750000000005 4.8550000000000013 12274.500000000002 6.5000000000000009 2566.6250000000005 4.5000000000000009 11.500000000000002 15.350000000000001 4.5250000000000012 6881.0000000000009 3.8950000000000005 1.0000000180025095e-35 5.1800000000000006 2.5000000000000004 4.8550000000000013 2798.4166666666674 5.245000000000001 6.6250000000000009 13037.500000000002 13.500000000000002 4734.4375000000009 10.500000000000002 5818.5000000000009 6.5000000000000009 509.20931337257105 7557.5000000000009 2.4050000000000007 4133.5000000000009 41.500000000000007 7178.5000000000009 539.53417355039153 9647.5000000000018 4.7250000000000005 6.3850000000000007 1081.975543674517 4919.291666666667 3.5000000000000004
decision_type=2 2 2 2 2 2 2 2 2 1 2 2 1 2 2 2 2 2 2 2 2 2 2 2 2 2 2 2 2 2 2 2 2 2 2 2 2 2 2 2 2 2 2 2 2 2 2 2 2 2 2 2 2 2 2 2 2 2 2 2 2 2
left_child=2 6 5 14 8 20 9 30 53 10 37 22 38 -8 17 -10 23 57 25 26 -1 -16 27 -17 32 -19 -9 56 -12 -14 41 33 44 52 -15 55 -26 -2 39 -7 -40 -5 43 59 -21 -46 61 -39 -36 50 -50 -33 -32 54 -3 -11 -6 -4 -59 -13 -30 -22
right_child=1 4 3 7 11 12 13 19 15 35 28 42 29 34 21 16 -18 18 -20 24 46 -23 -24 -25 36 -27 -28 -29 60 -31 31 51 -34 -35 48 -37 -38 47 40 -41 -42 -43 -44 -45 45 -47 -48 -49 49 -51 -52 -53 -54 -55 -56 -57 -58 58 -60 -61 -62 -63
leaf_value=-48.286014811900444 33.500875951414528 34.746358435683781 -5.53153099310848 3.6337904496784632 67.937951583862315 -22.430468097574572 32.933676321671037 11.601930726348581 121.79921444623899 21.316973574145969 28.522664314786965 129.64947033393673 -34.611906074396501 39.299794407344578 -9.3687724920132975 71.469868129950314 111.41691639384285 -16.305628944395508 -32.153483174843764 13.40597746056387 -25.27116898012833 12.742384852164358 134.87353571841592 89.383621170737527 8.8477143782294458 -8.9502524896594409 44.112810861027761 120.93651478107159 -7.992975429807391 -26.189472617860662 -5.9150374922603373 2.9923108349505227 -4.0157454816734086 -18.19726773970055 70.444715539732982 2.7851473434598417 26.792274321434817 32.955938872836889 -23.017624202477506 12.475334872470961 -12.087975629485481 29.982036134174894 152.72707607693141 153.90466732862521 -1.9771985947769579 8.5217573154298929 -31.423766136881131 65.212073674848526 48.021479844318051 41.82502517094688 66.774315308162144 29.238759669551143 1.0711025854458314 81.22953227043152 60.036596551198443 10.700729730243946 95.944444841146478 33.883669534325598 2.5192019471202993 100.45577814737956 14.876662600881914 -41.214703608683514
leaf_weight=724 529 45 212 137 35 85 547 77 39 632 107 41 827 268 208 312 61 1302 189 538 71 181 38 220 180 1660 69 52 70 1269 1000 114 272 132 67 154 173 42 1004 72 303 56 45 41 377 685 402 59 185 252 140 54 1010 40 167 291 128 32 83 60 85 1442
leaf_count=724 529 45 212 137 35 85 547 77 39 632 107 41 827 268 208 312 61 1302 189 538 71 181 38 220 180 1660 69 52 70 1269 1000 114 272 132 67 154 173 42 1004 72 303 56 45 41 377 685 402 59 185 252 140 54 1010 40 167 291 128 32 83 60 85 1442
internal_value=0.142582 47.2878 -14.853 -2.68247 89.839 -32.0143 30.8532 3.742 77.3173 22.2071 29.6126 114.996 -25.1796 42.5217 -10.7799 84.6671 82.225 -12.0885 -13.3813 9.01599 -41.2343 0.919452 103.054 78.8778 7.83811 -12.1834 26.9667 97.4298 14.3394 -29.3725 -1.25386 -2.30097 5.98939 -3.37781 48.2724 15.6533 17.6421 36.4343 -18.8472 -6.42271 -20.4838 11.2789 131.154 124.317 7.69026 4.79473 -38.5683 51.7986 52.0063 49.8653 56.0996 11.4287 -2.40459 58.8844 54.6684 17.9699 89.9308 0.369072 11.2467 112.307 4.54844 -40.4665
internal_weight=19692 4752 14940 8741 1324 6199 3428 4874 884 1969 892 440 3560 1459 3867 632 593 3478 3151 2371 2639 389 253 532 2225 2962 146 215 262 2096 2503 2310 1872 2142 912 1077 353 630 1464 157 1307 193 187 142 1600 1062 1915 101 644 577 325 168 2010 252 212 923 163 327 115 101 155 1513
internal_count=19692 4752 14940 8741 1324 6199 3428 4874 884 1969 892 440 3560 1459 3867 632 593 3478 3151 2371 2639 389 253 532 2225 2962 146 215 262 2096 2503 2310 1872 2142 912 1077 353 630 1464 157 1307 193 187 142 1600 1062 1915 101 644 577 325 168 2010 252 212 923 163 327 115 101 155 1513
cat_boundaries=0 1 2
cat_threshold=9 9
is_linear=0
shrinkage=0.05


Tree=24
num_leaves=63
num_cat=7
split_feature=5 1 7 5 5 0 5 7 0 15 5 4 27 4 27 13 17 0 11 24 16 15 27 24 17 15 5 15 8 0 5 1 15 7 2 12 24 27 11 11 17 20 12 8 4 8 17 16 9 4 8 17 5 13 12 20 7 1 15 15 8 20
split_gain=5.07907e+09 1.16058e+09 1.11838e+09 2.11215e+08 1.37771e+08 1.17145e+08 1.07519e+08 5.52221e+07 3.40694e+07 2.98671e+07 2.46601e+07 2.45058e+07 2.37204e+07 2.62138e+07 2.36176e+07 2.32808e+07 2.21679e+07 2.20178e+07 2.21514e+07 2.17929e+07 2.54435e+07 1.54943e+07 1.48045e+07 1.47173e+07 1.43457e+07 1.50787e+07 1.43408e+07 1.40329e+07 1.36961e+07 1.26383e+07 1.24126e+07 1.17276e+07 1.15983e+07 1.10903e+07 1.09374e+07 1.06469e+07 1.04334e+07 1.86063e+07 1.02224e+07 1.00098e+07 9.48378e+06 9.46778e+06 8.7169e+06 8.28885e+06 8.21483e+06 7.85552e+06 7.54798e+06 7.50414e+06 7.41918e+06 7.24239e+06 7.0854e+06 6.92538e+06 6.61565e+06 6.46404e+06 6.32724e+06 6.17836e+06 5.96281e+06 5.91006e+06 1.11328e+07 7.43308e+06 5.78253e+06 5.69032e+06
threshold=5234.5000000000009 2907.5000000000005 8182.6250000000009 3766.5000000000005 10712.500000000002 6411.0000000000009 1808.5000000000002 4734.4375000000009 9039.5000000000018 0.25673296954761499 3204.5000000000005 4655.5000000000009 0 2962.5000000000005 1 4.7250000000000005 4.6250000000000009 11358.000000000002 904.85721432381922 2 4.6150000000000011 0.28112173816422431 3 4 2.4050000000000007 0.051161820097870528 12741.500000000002 0.23595118267385309 2441.9583333333335 1143.5000000000002 4630.5000000000009 9220.0000000000018 -0.035888697364132291 4171.5625000000009 6784.5000000000009 3.4950000000000006 5 6 523.97751781380578 727.43195815120146 5.6550000000000002 3.5000000000000004 7.5750000000000011 3838.6250000000005 3845.5000000000005 6834.791666666667 3.0550000000000002 5.3050000000000006 671.48461138688128 6617.5000000000009 3779.2500000000005 6.0150000000000015 5979.5000000000009 4.5250000000000012 3.0850000000000004 3.5000000000000004 3719.6875000000005 10126.500000000002 0.035346296824502493 -0.037443834248627648 5893.0833333333348 3.5000000000000004
decision_type=2 2 2 2 2 2 2 2 2 2 2 2 1 2 1 2 2 2 2 1 2 2 1 1 2 2 2 2 2 2 2 2 2 2 2 2 1 1 2 2 2 2 2 2 2 2 2 2 2 2 2 2 2 2 2 2 2 2 2 2 2 2
left_child=1 6 5 10 8 11 29 12 55 19 38 27 13 32 36 23 -11 54 -19 20 46 31 43 45 50 35 48 -2 -16 -1 -9 -10 -5 -14 -22 -26 -8 -38 40 51 -3 57 44 -12 -32 -13 53 -27 -20 -18 -15 60 -29 -7 -6 -4 -24 58 -33 -59 -17 -31
right_child=2 3 4 7 17 9 14 30 21 16 22 15 33 24 28 39 49 18 26 -21 34 -23 56 -25 25 47 -28 52 -30 61 42 41 -34 -35 -36 -37 37 -39 -40 -41 -42 -43 -44 -45 -46 -47 -48 -49 -50 -51 -52 -53 -54 -55 -56 -57 -58 59 -60 -61 -62 -63
leaf_value=-49.607538337707524 6.2134892072287036 -14.671760105818279 59.307128679560073 -27.806723100366725 79.912323314121807 35.767149749280655 -24.276674280075596 5.7748940145580479 66.717356679222803 44.337280276455459 -5.3826031010818474 26.795593272076282 -7.6283873824407298 -6.1823999434944215 -34.946416488788259 33.363628559816078 69.140497722182161 156.26517959222562 87.099044344160291 23.226409289036418 44.97178963528404 114.71551564706338 -14.873738498517032 15.575707520581012 31.536382503509522 37.873874323708669 138.42237033843995 18.316804441017442 -26.649826153017258 -40.601018511402053 -10.34305745806013 62.525382151884202 -1.0325367235122844 -0.28721316597378216 68.929704862336322 -1.6847807663242993 -3.1078950607627007 -22.4602813787399 -24.49351211205072 15.911843751606188 13.283663147880185 100.65395276033426 35.712637414102971 6.8898767007804071 14.310428086054362 44.46971501363835 49.010539086659747 18.365475834895225 114.18099385878621 100.84431949738534 7.0507889980971221 62.237199898463928 43.484968654314684 54.454705078125009 103.94326225311039 78.262824190579934 -8.6773878042267043 94.822906237690404 94.247099862447612 76.067521161531147 52.891477120139385 -34.435291571744528
leaf_weight=320 293 1421 248 71 35 621 991 682 110 79 946 549 810 127 867 122 43 41 36 267 79 37 666 521 30 77 48 79 1167 1309 35 85 94 1410 120 123 229 301 281 38 31 79 46 161 977 71 168 137 85 31 497 41 39 50 126 52 931 119 41 95 55 524
leaf_count=320 293 1421 248 71 35 621 991 682 110 79 946 549 810 127 867 122 43 41 36 267 79 37 666 521 30 77 48 79 1167 1309 35 85 94 1410 120 123 229 301 281 38 31 79 46 161 977 71 168 137 85 31 497 41 39 50 126 52 931 119 41 95 55 524
internal_value=-0.0146913 -13.7831 46.6475 -3.12479 87.1365 31.3123 -31.6211 3.79897 76.2148 41.8572 -11.1081 22.8087 0.0696088 5.84817 -26.2807 25.9661 62.7573 112.63 123.296 39.4069 42.9315 83.4349 -8.12398 22.9087 8.97104 16.8153 115.297 12.0766 -30.0386 -40.439 11.0348 81.2471 -12.5536 -2.95245 59.4188 4.82917 -20.9202 -14.311 -15.7643 39.5928 -14.0749 85.0616 14.4254 -3.56551 13.4578 28.3621 39.5327 25.3849 106.124 82.4218 4.3575 43.7207 26.6351 37.1597 98.7191 62.5928 -11.1914 81.4386 72.8475 86.4969 39.4316 -38.8384
internal_weight=19764 15261 4503 9553 1237 3266 5708 5116 866 1458 4437 1808 3376 1156 3555 1397 153 371 210 1305 1038 566 2704 1141 991 367 169 411 2034 2153 1740 529 165 2220 199 153 1521 530 1733 256 1452 419 1058 1107 1012 620 839 214 121 74 624 218 118 671 161 300 1597 340 126 214 177 1833
internal_count=19764 15261 4503 9553 1237 3266 5708 5116 866 1458 4437 1808 3376 1156 3555 1397 153 371 210 1305 1038 566 2704 1141 991 367 169 411 2034 2153 1740 529 165 2220 199 153 1521 530 1733 256 1452 419 1058 1107 1012 620 839 214 121 74 624 218 118 671 161 300 1597 340 126 214 177 1833
cat_boundaries=0 1 2 3 4 5 6 7
cat_threshold=8 9 193 9 193 1832 8
is_linear=0
shrinkage=0.05


Tree=25
num_leaves=63
num_cat=4
split_feature=5 1 6 5 5 0 6 0 7 5 18 18 22 27 1 0 11 15 18 18 17 18 18 1 18 17 24 15 18 18 18 4 27 18 18 4 1 1 22 1 7 12 17 22 18 17 4 27 8 17 15 7 12 15 11 17 13 15 12 1 8 12
split_gain=4.58481e+09 1.04889e+09 1.01156e+09 1.68371e+08 1.36712e+08 1.19486e+08 9.74311e+07 3.8637e+07 3.58626e+07 3.11963e+07 2.82084e+07 2.71401e+07 2.40125e+07 2.39543e+07 2.31869e+07 1.9992e+07 1.99916e+07 1.82778e+07 1.75081e+07 1.76578e+07 1.71116e+07 2.57041e+07 1.66095e+07 1.62159e+07 1.56996e+07 1.46187e+07 1.37947e+07 1.50182e+07 1.36832e+07 1.33321e+07 1.31738e+07 1.30627e+07 1.20783e+07 1.18714e+07 1.29671e+07 1.28761e+07 1.16987e+07 1.16111e+07 1.07424e+07 1.04833e+07 1.0327e+07 1.01321e+07 9.39299e+06 9.33555e+06 9.14549e+06 9.73862e+06 8.97622e+06 8.58497e+06 8.29616e+06 8.28445e+06 1.11988e+07 7.99704e+06 7.71162e+06 7.57163e+06 7.52256e+06 7.41654e+06 7.38562e+06 6.92357e+06 6.90462e+06 6.81802e+06 6.66913e+06 6.19965e+06
threshold=5234.5000000000009 3034.5000000000005 8083.6250000000009 3990.5000000000005 10712.500000000002 1991.5000000000002 6253.3750000000009 9039.5000000000018 4734.4375000000009 3435.5000000000005 2.5000000000000004 3.5000000000000004 6.7100000000000009 0 4949.5000000000009 11358.000000000002 904.85721432381922 0.23595118267385309 47.500000000000007 3.5000000000000004 2.2250000000000005 15.500000000000002 47.500000000000007 1353.5000000000002 37.500000000000007 5.3750000000000009 1 0.23595118267385309 47.500000000000007 18.500000000000004 46.500000000000007 3023.5000000000005 2 36.500000000000007 6.5000000000000009 2528.5000000000005 2588.5000000000005 10126.500000000002 4.3850000000000007 13053.500000000002 9829.3750000000018 7.7600000000000007 4.7250000000000005 15.350000000000001 48.500000000000007 1.9950000000000003 2428.5000000000005 3 6097.166666666667 3.8550000000000004 -0.025958607412162861 4055.5625000000005 7.9050000000000011 -0.15701273539950222 1260.7817894501372 1.7550000000000001 4.2650000000000006 0.051161820097870528 5.0550000000000006 5476.5000000000009 3882.7083333333335 9.3850000000000016
decision_type=2 2 2 2 2 2 2 2 2 2 2 2 2 1 2 2 2 2 2 2 2 2 2 2 2 2 1 2 2 2 2 2 1 2 2 2 2 2 2 2 2 2 2 2 2 2 2 1 2 2 2 2 2 2 2 2 2 2 2 2 2 2
left_child=1 5 6 9 7 23 10 54 17 33 25 -9 20 26 -12 -6 -17 31 19 -14 21 48 38 -1 37 -2 -7 28 -28 39 41 -5 46 34 -3 -36 -15 57 58 53 -26 43 -19 59 -25 -46 -11 -33 -8 60 -51 -34 -22 -18 -4 -32 -52 -13 -16 -10 -48 -40
right_child=2 3 4 8 15 13 12 11 30 32 14 24 18 36 22 16 29 42 -20 -21 52 -23 -24 44 40 -27 27 -29 -30 -31 55 47 51 -35 35 -37 -38 -39 61 -41 -42 -43 -44 -45 45 -47 49 -49 -50 50 56 -53 -54 -55 -56 -57 -58 -59 -60 -61 -62 -63
leaf_value=-44.083167022129281 27.752028773047712 -2.6549297896624413 60.466202320435826 -18.371993727829992 93.753158103683859 -21.599585912395426 24.656774662435055 121.0500792503357 8.3139498362461506 -20.96761115111557 5.437780549030319 56.159961836877528 79.898217662688239 -30.198913790041559 22.459756747739657 148.45192085824362 88.281636539553162 4.5894737299098525 72.281721266489185 40.479262949017922 20.178257013890413 30.992897180361012 38.314028454736899 -35.910139568686155 79.334416415843563 62.655138306400993 -20.658968045778366 4.8412878688584025 -0.68542608195899901 83.006958172772386 15.384050793117948 4.3445927599004213 -10.551294100816293 -7.5088020134535274 -30.198469607845233 -14.99727040356851 -22.610741602497754 79.522205820468955 13.773924532979464 137.594153658549 105.75209469404376 32.268658559176387 20.532318748368159 -4.157461520265942 -36.666521907497099 -11.858509358658511 -3.996452764663696 -2.4942323878569597 51.474053529190691 -12.514556910009945 8.9017342714858909 -3.579625450393205 41.526755437663958 118.37643488833778 36.039741608755932 44.253138813105494 36.638626934233166 76.410767170640298 38.926702358220751 16.343484610488471 5.6252389675838206 35.45727557046073
leaf_weight=636 66 186 317 98 162 942 32 36 1062 51 276 137 31 1148 392 41 33 215 63 340 248 537 131 1815 94 55 321 117 117 37 45 776 908 778 157 1236 911 198 567 42 61 49 162 121 74 85 625 1093 292 34 56 752 51 57 35 44 42 61 76 352 253 35
leaf_count=636 66 186 317 98 162 942 32 36 1062 51 276 137 31 1148 392 41 33 215 63 340 248 537 131 1815 94 55 321 117 117 37 45 776 908 778 157 1236 911 198 567 42 61 49 162 121 74 85 625 1093 292 34 56 752 51 57 35 44 42 61 76 352 253 35
internal_value=-0.0142362 -13.0956 44.3195 -2.30258 81.2976 -29.0156 29.132 71.1349 5.3463 -8.35329 20.4075 78.9889 37.8784 -23.0525 18.5061 106.95 117.131 1.35505 47.9114 43.773 34.1247 37.7034 21.5093 -37.1399 76.2408 43.6171 -17.7227 -10.8766 -15.3236 109.532 10.9383 -0.577907 -4.70583 -12.564 -15.0548 -16.7105 -26.7118 70.9605 19.4518 116.967 89.7311 9.88664 11.4402 9.17216 -34.9028 -23.4044 -0.496845 0.355116 48.8254 0.531908 12.2108 -7.34877 23.8196 107.342 58.0374 29.6564 20.789 62.3988 25.1339 10.3128 -1.22392 15.0346
internal_weight=19764 15261 4503 9095 1311 6166 3192 939 4017 5078 1598 587 1594 3556 1477 372 210 2344 434 371 1160 861 1201 2610 551 121 1497 555 438 169 1673 1967 2721 2357 1579 1393 2059 396 1070 132 155 1584 377 1535 1974 159 1061 1869 324 1010 132 1660 299 90 352 89 98 198 468 1414 878 602
internal_count=19764 15261 4503 9095 1311 6166 3192 939 4017 5078 1598 587 1594 3556 1477 372 210 2344 434 371 1160 861 1201 2610 551 121 1497 555 438 169 1673 1967 2721 2357 1579 1393 2059 396 1070 132 155 1584 377 1535 1974 159 1061 1869 324 1010 132 1660 299 90 352 89 98 198 468 1414 878 602
cat_boundaries=0 1 2 3 4
cat_threshold=9 1832 9 9
is_linear=0
shrinkage=0.05


Tree=26
num_leaves=63
num_cat=0
split_feature=5 1 0 5 5 0 1 0 1 18 5 4 0 13 18 18 5 17 18 17 0 19 18 1 8 18 8 5 11 18 17 4 18 22 15 15 4 1 19 15 11 11 1 16 4 17 18 8 1 1 17 18 17 17 16 18 12 14 17 1 5 9
split_gain=4.13789e+09 9.47668e+08 9.13087e+08 1.71985e+08 1.08421e+08 1.03423e+08 8.86216e+07 4.13836e+07 3.24344e+07 2.3237e+07 2.26405e+07 2.09829e+07 2.06506e+07 1.96365e+07 1.96005e+07 1.93758e+07 1.78799e+07 1.7314e+07 1.75149e+07 1.69966e+07 1.59147e+07 1.90823e+07 1.50526e+07 1.36428e+07 1.34402e+07 1.25499e+07 1.22208e+07 1.21295e+07 1.18403e+07 1.13979e+07 1.49361e+07 1.16692e+07 1.10436e+07 1.03222e+07 1.15382e+07 1.00024e+07 1.21399e+07 9.62716e+06 9.56173e+06 9.56046e+06 8.85764e+06 8.7989e+06 8.29118e+06 7.82415e+06 7.81549e+06 7.79497e+06 7.72104e+06 7.47949e+06 7.1839e+06 7.13029e+06 7.05859e+06 6.982e+06 8.73616e+06 6.96809e+06 8.16809e+06 6.82063e+06 6.50436e+06 7.22533e+06 6.32912e+06 6.1748e+06 6.11024e+06 6.05805e+06
threshold=5234.5000000000009 2907.5000000000005 8411.0000000000018 3766.5000000000005 10712.500000000002 6411.0000000000009 1967.5000000000002 4364.5000000000009 9013.0000000000018 47.500000000000007 6911.5000000000009 4655.5000000000009 3393.5000000000005 4.7250000000000005 5.5000000000000009 39.500000000000007 4427.5000000000009 5.2950000000000008 3.5000000000000004 1.7550000000000001 11358.000000000002 1.5000000000000002 4.5000000000000009 1353.5000000000002 10020.625000000002 37.500000000000007 6834.791666666667 7193.0000000000009 904.85721432381922 4.5000000000000009 5.245000000000001 2716.5000000000005 41.500000000000007 7.8600000000000003 0.31757515386879281 0.30621050898552954 2716.5000000000005 13053.500000000002 10.500000000000002 0.23595118267385309 516.98055052033396 727.43195815120146 2588.5000000000005 5.5500000000000007 3392.5000000000005 7.5750000000000011 47.500000000000007 5994.0833333333348 5745.5000000000009 5259.5000000000009 1.9950000000000003 15.500000000000002 2.5450000000000004 4.7250000000000005 6.4750000000000005 4.5000000000000009 3.0850000000000004 4.0650000000000004 2.1950000000000007 3943.5000000000005 5979.5000000000009 546.06035943168274
decision_type=2 2 2 2 2 2 2 2 2 2 2 2 2 2 2 2 2 2 2 2 2 2 2 2 2 2 2 2 2 2 2 2 2 2 2 2 2 2 2 2 2 2 2 2 2 2 2 2 2 2 2 2 2 2 2 2 2 2 2 2 2 2
left_child=1 6 5 9 8 11 23 35 27 12 38 22 40 26 -10 24 55 25 -19 -11 56 -22 60 -1 -16 42 32 -4 -23 30 -14 -31 47 51 -35 36 -5 -30 48 -20 -3 -15 -8 -29 -18 49 -25 -13 -7 -46 -48 52 -12 -37 -55 -9 -6 -58 -40 -38 -2 -57
right_child=2 3 4 7 20 10 17 16 14 19 33 13 29 41 15 -17 44 18 39 -21 21 28 -24 46 -26 -27 -28 43 37 31 -32 -33 -34 34 -36 53 59 -39 58 -41 -42 -43 -44 -45 45 -47 50 -49 -50 -51 -52 -53 -54 54 -56 61 57 -59 -60 -61 -62 -63
leaf_value=-41.879007744939074 18.768514966964723 -13.84138964690869 30.75673720041911 -26.824052002850706 71.229049257550926 16.233788252770903 -28.716991963991866 16.289805190321768 108.98018675737603 -7.1288666273471186 51.78538807533883 11.546011054368304 -4.4398891312735422 39.856213932463888 54.750146774707304 91.099141296138612 -5.5735867559093322 8.9578936833143228 -33.232778641912674 13.771194464004402 146.82202789783477 130.94987008231027 4.9419323567104971 -34.542583207045787 74.742913190615127 -19.330815678677396 38.136443205890451 54.930905280140159 89.996787200927741 -23.777189398956299 29.654471632025459 -8.021150537081267 28.678914964731707 48.121407742075405 79.690662354230881 0.96745072464148218 -5.8889287114015829 118.28808627461279 36.433676079780831 -9.0206301630811492 -24.49398111088928 13.783626222296768 -21.959016366205326 76.830087049952098 8.4271015936275351 34.831897399004767 -35.168403737179254 21.131970142169699 32.175347706557503 15.346369354017012 -16.589620314562907 31.644746508431993 29.167319667339328 38.833065456151964 8.3396324062347418 3.0715634504257832 108.25440164339746 83.905322156633645 61.572090712047761 -0.050181357058652037 44.63980582266143 -6.7527659651622107
leaf_weight=636 74 1562 42 51 35 80 1284 79 43 237 148 404 119 218 124 123 73 80 72 165 32 35 304 1684 261 946 92 177 100 125 44 1962 235 303 32 150 701 43 62 94 223 38 702 53 1157 34 88 410 606 549 122 172 60 32 70 742 59 63 42 1279 33 199
leaf_count=636 74 1562 42 51 35 80 1284 79 43 237 148 404 119 218 124 123 73 80 72 165 32 35 304 1684 261 946 92 177 100 125 44 1962 235 303 32 150 701 43 62 94 223 38 702 53 1157 34 88 410 606 549 122 172 60 32 70 742 59 63 42 1279 33 199
internal_value=-0.014024 -12.4415 42.1035 -2.8103 79.671 28.6096 -28.5603 3.43748 69.5927 -10.0142 38.2923 20.5495 -11.1563 23.4712 76.5667 73.8231 7.47438 -23.0015 -10.2604 1.44952 102.272 111.274 10.6188 -35.5429 68.3037 -24.0705 20.6633 55.4652 104.884 -7.97031 4.7635 -8.96485 19.1308 44.7385 51.137 -1.57197 -2.73774 98.504 32.4581 -19.5223 -15.1722 35.9861 -26.3282 59.9772 10.4538 11.1262 -33.4152 16.3743 30.3163 10.6538 -24.375 39.0978 45.2609 7.82361 17.9062 2.17862 90.2297 95.6807 46.5857 -2.11733 26.7475 0.993942
internal_weight=19764 15261 4503 9553 1190 3313 5708 5116 823 4437 1505 1808 4035 1397 551 508 2833 3178 246 402 367 210 411 2530 385 2932 1141 272 178 2250 163 2087 1049 715 335 2283 2031 143 790 166 1785 256 1986 230 1813 1740 1894 814 686 1706 210 380 208 252 102 1020 157 122 104 1980 107 941
internal_count=19764 15261 4503 9553 1190 3313 5708 5116 823 4437 1505 1808 4035 1397 551 508 2833 3178 246 402 367 210 411 2530 385 2932 1141 272 178 2250 163 2087 1049 715 335 2283 2031 143 790 166 1785 256 1986 230 1813 1740 1894 814 686 1706 210 380 208 252 102 1020 157 122 104 1980 107 941
is_linear=0
shrinkage=0.05


Tree=27
num_leaves=63
num_cat=0
split_feature=0 1 8 5 5 5 5 18 5 1 7 0 18 17 18 18 7 18 15 1 18 18 17 17 22 4 22 18 13 18 18 17 4 18 18 17 1 18 0 17 15 1 7 0 3 16 17 15 9 18 8 7 7 18 4 12 5 18 18 4 15 8
split_gain=3.61953e+09 9.61625e+08 6.90959e+08 1.52367e+08 1.22947e+08 1.10455e+08 5.96313e+07 3.3935e+07 2.93696e+07 2.9323e+07 2.6601e+07 2.33634e+07 2.27416e+07 2.2076e+07 1.9475e+07 1.93412e+07 2.29742e+07 1.6979e+07 1.67156e+07 1.55911e+07 1.37473e+07 1.36277e+07 1.4903e+07 1.21918e+07 1.1896e+07 1.14612e+07 1.09561e+07 1.07925e+07 1.06656e+07 1.05558e+07 1.03906e+07 1.45311e+07 1.14648e+07 1.032e+07 1.10516e+07 1.00637e+07 8.95396e+06 8.77403e+06 8.61296e+06 8.60719e+06 8.45739e+06 8.31907e+06 8.25963e+06 8.09201e+06 7.85216e+06 7.65153e+06 1.25199e+07 1.10586e+07 8.69157e+06 7.31338e+06 7.24891e+06 7.13222e+06 6.98514e+06 6.82729e+06 1.28489e+07 6.81479e+06 6.68288e+06 6.35089e+06 6.28044e+06 7.25891e+06 6.15883e+06 5.86946e+06
threshold=5606.5000000000009 3153.5000000000005 8797.7500000000018 4094.5000000000005 2288.5000000000005 6486.5000000000009 9647.5000000000018 3.5000000000000004 1703.5000000000002 4589.5000000000009 7457.0000000000009 3636.5000000000005 5.5000000000000009 4.8550000000000013 47.500000000000007 47.500000000000007 11500.062500000002 36.500000000000007 0.28112173816422431 5400.5000000000009 40.500000000000007 5.5000000000000009 4.6450000000000005 4.245000000000001 20.350000000000005 1871.5000000000002 4.3850000000000007 15.500000000000002 4.5750000000000011 35.500000000000007 4.5000000000000009 4.7250000000000005 2553.5000000000005 2.5000000000000004 42.500000000000007 2.5850000000000004 2858.5000000000005 43.500000000000007 2866.5000000000005 2.3250000000000006 0.30621050898552954 3675.5000000000005 5479.0625000000009 1079.5000000000002 9829.5000000000018 4.2150000000000007 2.5450000000000004 -0.21037258625615515 644.52094464816298 47.500000000000007 3867.3750000000005 5327.6875000000009 3690.6250000000005 5.5000000000000009 2528.5000000000005 5.0050000000000008 5733.5000000000009 47.500000000000007 18.500000000000004 11266.000000000002 0.13974195389090108 9541.3333333333339
decision_type=2 2 2 2 2 2 2 2 2 2 2 2 2 2 2 2 2 2 2 2 2 2 2 2 2 2 2 2 2 2 2 2 2 2 2 2 2 2 2 2 2 2 2 2 2 2 2 2 2 2 2 2 2 2 2 2 2 2 2 2 2 2
left_child=1 4 5 11 8 19 49 13 43 33 20 29 44 -7 45 16 61 21 25 60 26 56 27 -20 40 -6 28 35 -9 53 31 -13 -32 -5 52 51 -27 41 -25 -22 -21 -34 -29 -1 -8 48 -47 -48 -12 -4 -39 -23 -35 -3 -55 -54 -11 -38 59 -18 -2 -14
right_child=2 3 6 9 18 7 12 10 -10 17 14 30 15 -15 -16 -17 58 -19 23 24 39 22 -24 38 -26 36 -28 42 -30 -31 32 -33 37 34 -36 -37 57 50 -40 -41 -42 -43 -44 -45 -46 46 47 -49 -50 -51 -52 -53 55 54 -56 -57 -58 -59 -60 -61 -62 -63
leaf_value=-44.296553214651645 8.3734211680522339 -2.5342776176913473 61.147154941428198 16.354948326842539 -33.817570634042063 41.820942610882696 98.572535319950276 27.475570598439358 -26.995497961026345 15.146998034557098 45.644195409491658 -1.0193221490148088 52.282648114597102 87.256830080093891 84.785720062255862 117.17956328973537 88.382880271108533 18.363724767314185 -17.706477257162334 23.878374944712625 34.058640565758665 16.561911614892985 -8.7051370241870618 -6.4378433557829471 -2.3790759226170981 -20.732476180525726 20.181682938902544 2.0326185234514251 46.550489581453391 -5.516305103717138 -22.677684208109412 27.993779606972971 -10.486347824025053 -13.291448464743588 9.3336689427255433 3.5714033696668368 -15.65648480241174 -2.1903363934495959 15.76948199418875 57.281423839769872 40.030809580046558 -2.9342481476894289 12.415874026986184 -34.526607005254725 129.51279643290752 77.28289675031391 22.068415385654998 56.746069187904475 28.561435458979435 86.828672739664725 11.38692900752593 38.372825665907428 -2.01888979112824 -30.422366725172953 -12.28777120729292 7.504273469024632 36.070042287542464 -0.66495206015450625 80.629124391995958 110.38319060866898 24.089293591423733 74.503231635336149
leaf_weight=244 260 149 365 116 124 47 46 199 1924 203 256 142 34 62 32 41 76 545 160 1183 84 253 146 133 41 1411 232 659 116 835 79 62 471 109 311 141 856 239 65 76 87 1615 270 1613 37 42 35 67 105 30 167 44 906 107 1121 237 47 77 65 74 82 236
leaf_count=244 260 149 365 116 124 47 46 199 1924 203 256 142 34 62 32 41 76 545 160 1183 84 253 146 133 41 1411 232 659 116 835 79 62 471 109 311 141 856 239 65 76 87 1615 270 1613 37 42 35 67 105 30 167 44 906 107 1121 237 47 77 65 74 82 236
internal_value=-0.0485975 -10.9515 42.3151 -0.293294 -25.4281 30.3202 78.2281 40.9141 -31.3248 6.9932 38.5701 -6.11869 88.0417 67.6652 46.9595 84.2036 81.4159 10.6505 -17.5387 21.6489 32.198 8.26608 6.47916 -7.44205 24.1291 -19.0033 28.4271 8.10089 34.5 -9.95186 -3.06321 7.79839 -3.92505 1.9658 0.89789 14.5711 -18.2196 -3.33056 0.85244 45.0895 24.9849 -4.63944 5.05036 -35.8103 112.365 44.5626 54.3074 44.8469 40.6755 63.0976 3.3944 19.7932 -1.19758 -12.6415 -13.8679 -0.0442706 19.0805 -14.4192 93.6109 99.2364 12.1416 71.7051
internal_weight=19591 15581 4010 8974 6607 3006 1004 1353 3781 3987 1244 4987 609 109 537 526 485 2308 2826 1653 707 1763 1513 358 1311 2468 547 1367 315 2212 2775 204 2571 1679 1563 438 2344 2492 198 160 1270 2086 929 1857 83 505 144 102 361 395 406 297 1252 1377 1228 1143 250 933 215 150 342 270
internal_count=19591 15581 4010 8974 6607 3006 1004 1353 3781 3987 1244 4987 609 109 537 526 485 2308 2826 1653 707 1763 1513 358 1311 2468 547 1367 315 2212 2775 204 2571 1679 1563 438 2344 2492 198 160 1270 2086 929 1857 83 505 144 102 361 395 406 297 1252 1377 1228 1143 250 933 215 150 342 270
is_linear=0
shrinkage=0.05


Tree=28
num_leaves=63
num_cat=1
split_feature=6 1 6 6 5 6 5 0 5 19 18 18 0 19 18 18 15 4 17 18 19 17 17 18 18 4 18 1 17 17 1 9 17 4 17 15 16 18 24 1 13 18 15 0 18 18 9 9 18 4 18 16 11 8 18 15 13 1 18 17 17 18
split_gain=3.27086e+09 7.59355e+08 7.52929e+08 1.32702e+08 9.30132e+07 8.20438e+07 7.4262e+07 2.69539e+07 2.48161e+07 2.27735e+07 2.14432e+07 2.07194e+07 2.00686e+07 2.03725e+07 1.97287e+07 2.25855e+07 1.96125e+07 1.90156e+07 1.66319e+07 1.78976e+07 1.64785e+07 1.61492e+07 1.5907e+07 1.54023e+07 1.68111e+07 1.59008e+07 1.34832e+07 1.29265e+07 1.27026e+07 1.23114e+07 1.18588e+07 1.11399e+07 1.09726e+07 1.0776e+07 1.00165e+07 9.8126e+06 9.74846e+06 9.73423e+06 9.36158e+06 9.19924e+06 9.06028e+06 1.224e+07 9.00263e+06 8.9202e+06 8.2638e+06 1.01152e+07 7.86554e+06 7.82664e+06 7.68048e+06 9.12019e+06 7.53308e+06 7.26134e+06 6.99636e+06 6.81608e+06 6.81583e+06 6.6331e+06 6.43813e+06 6.412e+06 6.35164e+06 6.24258e+06 6.11674e+06 9.73387e+06
threshold=5225.3750000000009 2907.5000000000005 8083.6250000000009 4116.1250000000009 9647.5000000000018 6253.3750000000009 1808.5000000000002 3377.5000000000005 7001.0000000000009 10.500000000000002 6.5000000000000009 3.5000000000000004 10691.500000000002 9.5000000000000018 4.5000000000000009 37.500000000000007 0.26493455861876919 3311.5000000000005 3.2050000000000005 14.500000000000002 1.5000000000000002 4.8550000000000013 4.245000000000001 5.5000000000000009 48.500000000000007 8680.5000000000018 47.500000000000007 2316.5000000000005 1.9700000000000002 5.245000000000001 11726.000000000002 773.87259055901461 2.4450000000000007 2604.5000000000005 1.7550000000000001 -0.12085768816658725 6.4750000000000005 47.500000000000007 0 4313.5000000000009 5.5500000000000007 42.500000000000007 -0.18735753278722037 1413.5000000000002 41.500000000000007 3.5000000000000004 526.30305815902068 447.93554223237965 18.500000000000004 11266.000000000002 2.5000000000000004 7.9500000000000011 520.26535951221422 2248.5416666666674 36.500000000000007 -0.091593605925479132 6.3350000000000009 9220.0000000000018 6.5000000000000009 1.0000000180025095e-35 4.0250000000000012 13.500000000000002
decision_type=2 2 2 2 2 2 2 2 2 2 2 2 2 2 2 2 2 2 2 2 2 2 2 2 2 2 2 2 2 2 2 2 2 2 2 2 2 2 1 2 2 2 2 2 2 2 2 2 2 2 2 2 2 2 2 2 2 2 2 2 2 2
left_child=1 6 5 7 23 14 43 26 47 10 38 21 31 20 29 18 33 -12 19 -16 -14 -8 -18 -4 25 28 52 -13 35 -2 -22 57 -28 -9 -11 -25 -24 -36 51 -19 41 -35 -20 -1 45 -10 -47 -7 49 56 -31 -5 -3 -23 59 -54 -32 -6 -49 -29 61 -41
right_child=2 3 4 9 12 8 11 16 44 34 17 27 13 -15 15 -17 22 39 42 -21 30 53 36 24 -26 -27 32 54 -30 50 48 -33 -34 40 37 -37 -38 -39 -40 60 -42 -43 -44 -45 -46 46 -48 58 -50 -51 -52 -53 55 -55 -56 -57 -58 -59 -60 -61 -62 -63
leaf_value=-37.470854895885545 21.602827120771504 -12.416658156270348 87.516142992292146 36.486904300225746 44.011884722990146 32.500237438518006 -20.698233007562575 -20.576256575546864 60.118753321274475 8.44838532589484 -17.175059614404468 -26.0060758519956 112.00147203931623 126.23809257956111 28.427339784195439 25.45476336365547 -2.9580775073116965 -2.1296753257107826 -4.3084341922517639 11.573008346185752 71.300098116874707 -1.9489638124240771 32.451244212641861 80.626194225947074 87.062318681989396 57.948970275596835 -10.615107326687507 -17.454034743126012 33.424477199912069 65.763156307444859 71.196737309506076 84.728602584366953 13.19682705429163 -8.5410119102838244 10.432538953965361 41.115497438835376 7.380798998601894 32.404663192215615 7.8181069011504567 12.978007863227678 2.5459396017435005 -0.40749882271090154 9.7506181264544942 -30.80757116635872 53.953841809724508 40.479093700647354 26.46915610860556 39.382301804320569 69.351573467254639 112.68335142869216 33.161096106348815 11.966220059464959 -28.467728486974188 24.328749701556038 -15.478549491074558 -10.848676689142405 102.18176762262981 68.41955332349437 21.941045505526724 -24.893808045751474 -5.5520935396758881 3.3026201726795499
leaf_weight=792 101 1611 35 74 34 445 116 127 46 276 131 1461 51 34 219 396 222 809 181 561 150 90 66 30 35 355 106 469 160 34 38 97 89 1986 88 33 94 118 321 318 299 603 307 1373 95 280 156 58 32 52 37 51 141 34 629 86 30 129 522 707 147 1424
leaf_count=792 101 1611 35 74 34 445 116 127 46 276 131 1461 51 34 219 396 222 809 181 561 150 90 66 30 35 355 106 469 160 34 38 97 89 1986 88 33 94 118 321 318 299 603 307 1373 95 280 156 58 32 52 37 51 141 34 629 86 30 129 522 707 147 1424
internal_value=-0.0461676 -11.577 36.1518 -2.69614 68.6454 23.9124 -25.964 -7.69468 32.1813 4.52824 3.03482 -21.4678 82.0558 89.2736 16.6975 15.0311 -4.96945 1.4284 11.7758 16.3052 85.7133 -7.28843 5.70388 55.2556 53.4137 51.3761 -12.2483 -22.5097 40.9126 32.8186 81.2739 71.3123 0.252904 -6.32176 14.6755 59.9301 17.7224 23.0185 13.2244 2.33168 -5.69492 -6.64665 4.53609 -33.2451 40.4756 37.8191 35.4664 27.5122 91.1165 96.9205 48.7734 24.5208 -13.5746 5.25622 -19.6797 -21.7927 84.8666 63.3284 23.6852 -21.9268 4.24234 5.06885
internal_weight=19591 14858 4733 9187 1295 3438 5671 5430 1602 3757 3275 3506 647 387 1836 1664 3397 2829 1268 780 353 240 382 648 613 578 2033 3266 223 172 302 260 195 3015 482 63 160 206 446 2698 2888 2589 488 2165 577 482 436 1025 152 120 71 125 1838 124 1805 227 68 163 580 1176 1889 1742
internal_count=19591 14858 4733 9187 1295 3438 5671 5430 1602 3757 3275 3506 647 387 1836 1664 3397 2829 1268 780 353 240 382 648 613 578 2033 3266 223 172 302 260 195 3015 482 63 160 206 446 2698 2888 2589 488 2165 577 482 436 1025 152 120 71 125 1838 124 1805 227 68 163 580 1176 1889 1742
cat_boundaries=0 1
cat_threshold=2050
is_linear=0
shrinkage=0.05


Tree=29
num_leaves=63
num_cat=3
split_feature=6 5 7 6 6 1 6 27 5 18 6 17 18 18 7 18 18 18 18 17 18 18 4 18 5 0 17 7 17 27 10 4 18 18 9 24 8 4 18 1 4 18 18 17 17 4 18 18 14 0 18 17 4 11 9 16 18 7 17 3 12 19
split_gain=2.95192e+09 6.87239e+08 6.82504e+08 1.0943e+08 8.05753e+07 7.93668e+07 7.22205e+07 2.75373e+07 2.69473e+07 2.4765e+07 2.04709e+07 2.02312e+07 2.00734e+07 2.16582e+07 2.11127e+07 1.78051e+07 2.03834e+07 1.72108e+07 1.69029e+07 1.50103e+07 1.61526e+07 1.43333e+07 1.42622e+07 1.35355e+07 1.29752e+07 1.20179e+07 1.1451e+07 1.13264e+07 1.1111e+07 1.05262e+07 1.00007e+07 9.59997e+06 9.55917e+06 9.03353e+06 8.8808e+06 8.77069e+06 7.60847e+06 7.56386e+06 7.31533e+06 7.15743e+06 7.76717e+06 7.13421e+06 8.87638e+06 7.66318e+06 7.07461e+06 7.01062e+06 6.7986e+06 6.74546e+06 6.58206e+06 6.33655e+06 6.3137e+06 8.64481e+06 6.2539e+06 6.20065e+06 6.13967e+06 6.15771e+06 6.03045e+06 5.728e+06 5.57361e+06 5.49717e+06 5.39661e+06 5.36904e+06
threshold=5225.3750000000009 2920.5000000000005 8182.6250000000009 4116.1250000000009 6253.3750000000009 2012.5000000000002 10043.875000000002 0 6911.5000000000009 2.5000000000000004 3496.8750000000005 6.660000000000001 5.5000000000000009 46.500000000000007 11178.500000000002 4.5000000000000009 37.500000000000007 47.500000000000007 6.5000000000000009 3.2050000000000005 14.500000000000002 3.5000000000000004 3311.5000000000005 47.500000000000007 2423.5000000000005 1413.5000000000002 2.2150000000000003 4734.4375000000009 5.245000000000001 1 1154.9568842881674 9320.0000000000018 18.500000000000004 48.500000000000007 611.45451484752891 2 3728.6666666666674 2057.5000000000005 6.5000000000000009 11331.500000000002 11266.000000000002 2.5000000000000004 47.500000000000007 1.7550000000000001 4.8550000000000013 5633.5000000000009 2.5000000000000004 14.500000000000002 6.1950000000000012 6092.5000000000009 48.500000000000007 2.4450000000000007 6296.5000000000009 578.43227683014413 644.52094464816298 3.4150000000000005 42.500000000000007 8348.6875000000018 5.3750000000000009 5453.5000000000009 8.7150000000000016 1.5000000000000002
decision_type=2 2 2 2 2 2 2 1 2 2 2 2 2 2 2 2 2 2 2 2 2 2 2 2 2 2 2 2 2 1 2 2 2 2 2 1 2 2 2 2 2 2 2 2 2 2 2 2 2 2 2 2 2 2 2 2 2 2 2 2 2 2
left_child=1 5 4 9 15 25 17 22 34 11 23 44 48 14 30 28 19 18 -4 20 -17 58 38 37 56 -1 -25 -9 -2 36 -14 54 39 45 49 41 -12 60 -5 -16 -41 -24 -43 -44 -3 -23 -30 53 -8 -6 61 -52 -21 -47 57 -56 -7 -20 -10 -22 -11 -26
right_child=2 3 6 7 8 24 12 27 21 10 29 -13 13 -15 32 16 -18 -19 31 52 59 33 35 26 50 -27 -28 -29 46 -31 -32 -33 -34 -35 -36 -37 -38 -39 -40 40 -42 42 43 -45 -46 47 -48 -49 -50 -51 51 -53 -54 -55 55 -57 -58 -59 -60 -61 -62 -63
leaf_value=-35.582463348757855 20.522685830191811 -3.8801568914776201 79.115521973254644 6.005207786688934 13.304795917442867 -23.473721828579638 86.841919573615584 -1.9011594410292443 46.095008697509769 -33.144980353575491 -4.87738104995573 42.927976226806642 66.684638052151129 115.79590481173608 69.943886117935179 27.005972844171744 24.182025224753104 79.83996936798097 65.319575637095681 1.4357328967335299 2.4520876546542274 17.960282528194888 31.604293820352268 -11.789530885219575 -6.8998860338861636 -28.260521015395426 8.1189605965906253 5.2322754442180184 62.474998384363516 -7.5040394179373848 40.691559446618918 55.68828111606215 69.444794588749957 54.988102670443268 19.468552050608778 7.1147234833221438 3.3590741029841631 -12.489757165641274 -16.460803460571128 82.678879485259188 106.08747625911938 10.349154787215907 4.9015298799464579 30.745293736645682 13.402322936570773 53.853784078575046 31.503041740365934 31.559406144630827 116.76438098907471 30.93770909939192 -16.573383192221325 9.6200507972921656 15.458681585788728 36.138562594085442 17.076604318618774 42.668239678834617 -15.695925429365994 42.772227740893932 76.09343006312848 13.862120024065177 -8.7610009491443641 -17.552765537233984
leaf_weight=797 101 163 51 74 56 1343 34 1381 30 78 640 35 174 31 40 219 396 60 37 388 141 58 66 142 129 1888 147 932 34 1701 47 259 101 59 359 654 499 1574 71 74 68 407 38 117 93 83 37 302 40 565 72 56 100 122 40 57 306 118 32 420 32 1423
leaf_count=797 101 163 51 74 56 1343 34 1381 30 78 640 35 174 31 40 219 396 60 37 388 141 58 66 142 129 1888 147 932 34 1701 47 259 101 59 359 654 499 1574 71 74 68 407 38 117 93 83 37 302 40 565 72 56 100 122 40 57 306 118 32 420 32 1423
internal_value=-0.0436597 -10.9979 34.3443 -2.1304 23.0872 -24.0382 66.3688 4.36692 31.049 -6.89136 -7.74775 7.27295 78.6082 75.2321 72.7371 15.8626 14.2795 54.3853 51.6677 11.187 15.4899 38.6495 9.79909 -11.66 -18.8797 -30.4339 -1.66307 0.968997 31.1776 -5.02984 61.1567 48.9283 81.7804 36.3713 25.7287 11.5488 -1.25792 -13.3756 -4.99539 88.626 93.8886 15.8016 14.227 24.4094 2.39824 34.4273 46.3347 36.3111 103.016 29.3476 -15.787 -5.11376 4.30929 43.3111 41.9806 32.115 -22.0304 48.1545 61.5781 10.9944 -26.0515 -16.6673
internal_weight=19591 14858 4733 8844 3502 6014 1231 3740 1666 5104 4813 291 609 535 504 1836 1664 622 562 1268 780 686 1427 1973 3329 2685 289 2313 172 2840 221 511 283 624 980 1282 1139 1684 145 182 142 628 562 155 256 565 71 507 74 621 1680 128 488 205 252 97 1649 155 62 561 110 1552
internal_count=19591 14858 4733 8844 3502 6014 1231 3740 1666 5104 4813 291 609 535 504 1836 1664 622 562 1268 780 686 1427 1973 3329 2685 289 2313 172 2840 221 511 283 624 980 1282 1139 1684 145 182 142 628 562 155 256 565 71 507 74 621 1680 128 488 205 252 97 1649 155 62 561 110 1552
cat_boundaries=0 1 2 3
cat_threshold=9 9 2130
is_linear=0
shrinkage=0.05


Tree=30
num_leaves=63
num_cat=3
split_feature=0 6 7 6 24 6 0 17 27 19 18 19 4 17 1 1 15 15 0 15 24 18 18 17 17 1 18 6 18 17 1 18 15 18 7 2 10 15 7 11 0 18 17 18 7 17 18 4 7 3 12 6 18 9 17 11 11 18 18 4 19 18
split_gain=2.68829e+09 7.14382e+08 5.32287e+08 1.064e+08 9.91137e+07 8.46448e+07 4.35803e+07 3.04723e+07 2.75388e+07 2.23823e+07 2.2147e+07 2.13976e+07 1.91866e+07 1.97911e+07 1.90462e+07 1.81483e+07 1.6829e+07 1.63486e+07 1.59528e+07 1.44867e+07 1.82632e+07 1.44623e+07 1.41182e+07 2.00581e+07 1.3405e+07 1.3209e+07 1.17713e+07 1.18896e+07 1.16659e+07 1.15096e+07 1.14033e+07 1.08519e+07 9.52389e+06 9.41521e+06 9.06961e+06 8.15954e+06 8.09985e+06 7.51998e+06 7.49826e+06 7.38504e+06 7.3e+06 7.2425e+06 6.81793e+06 6.49164e+06 6.27041e+06 6.09543e+06 5.97329e+06 5.8687e+06 5.83321e+06 5.72442e+06 5.55114e+06 5.478e+06 5.46129e+06 5.44872e+06 6.22348e+06 5.41207e+06 5.36974e+06 5.84905e+06 9.63322e+06 5.26232e+06 5.09376e+06 5.0746e+06
threshold=5644.5000000000009 3253.3750000000005 9076.0000000000018 4374.1250000000009 0 7206.6250000000009 10691.500000000002 4.6250000000000009 1 9.5000000000000018 6.5000000000000009 8.5000000000000018 3062.5000000000005 1.9950000000000003 5400.5000000000009 2588.5000000000005 0.29275577515509837 0.24069219851475515 1623.5000000000002 0.20007022368813673 2 5.5000000000000009 6.5000000000000009 3.9350000000000005 3.7650000000000001 3768.5000000000005 13.500000000000002 5056.7500000000009 2.5000000000000004 2.1050000000000004 13053.500000000002 16.500000000000004 -0.061961394160588427 37.500000000000007 5166.8125000000009 10661.500000000002 776.88118820193029 0.47868823477415384 6342.5000000000009 469.38193514031849 8261.5000000000018 23.500000000000004 4.9350000000000014 33.500000000000007 4762.0625000000009 1.0000000180025095e-35 42.500000000000007 4568.5000000000009 3963.5625000000005 6200.5000000000009 7.0450000000000008 1081.3750000000002 18.500000000000004 706.97558773770209 4.7250000000000005 472.33788247287015 1615.8184432060948 36.500000000000007 21.500000000000004 6746.5000000000009 3.5000000000000004 33.500000000000007
decision_type=2 2 2 2 1 2 2 2 1 2 2 2 2 2 2 2 2 2 2 2 1 2 2 2 2 2 2 2 2 2 2 2 2 2 2 2 2 2 2 2 2 2 2 2 2 2 2 2 2 2 2 2 2 2 2 2 2 2 2 2 2 2
left_child=1 4 5 8 18 14 16 15 12 10 59 22 32 48 53 -6 35 30 51 20 -16 -20 -5 26 -21 43 29 -28 -9 44 56 38 39 -33 42 41 52 -30 -22 -3 -11 -4 -13 45 -24 -10 -23 -25 -14 -29 -26 -1 -12 54 -2 -40 57 58 -8 -7 -47 -27
right_child=2 3 6 11 7 9 17 28 25 40 36 34 13 -15 19 -17 -18 -19 21 24 31 46 23 47 50 61 27 49 37 -31 -32 33 -34 -35 -36 -37 -38 -39 55 -41 -42 -43 -44 -45 -46 60 -48 -49 -50 -51 -52 -53 -54 -55 -56 -57 -58 -59 -60 -61 -62 -63
leaf_value=-38.654830001572435 11.329406712618139 0.93711523864327406 44.892004126911019 14.353336667753865 -20.692318137154338 45.04835360115225 76.189836697194764 20.70220401947315 -8.1398330272046806 47.885578572260194 42.398182938913024 9.38635114038434 -2.371409863376269 15.376190837343296 13.119428136315737 -13.451213487922463 95.46448464393616 112.25365436833079 -12.498037935237182 27.01332927530969 26.544522272813612 -27.621742337919866 11.357102049155671 -11.418547946903336 68.174845561385155 -5.1902491663415757 -0.038171598914578476 6.9050262253747761 -16.21803810927603 -0.9269970819490766 97.751205609449698 17.809907206237739 -0.88606387004993936 29.747310557224655 21.976875977452817 70.160466449665577 23.819218389764018 6.7967695352009363 60.000900361032201 -23.750286907291621 71.320177566028036 59.705011899333329 33.862774804433194 -5.8909641725984638 25.688916445450044 -25.556798055592708 -19.506759032137666 1.4177382270927015 7.380029268629916 20.21960580932851 40.532333133334205 -30.299879778251501 31.547520879234714 2.878178551499273 34.572306878036919 36.839392651352931 92.391938566550238 92.661315512657168 54.111843747678009 66.214803738064234 -13.122964058579687 0.10320365804947731
leaf_weight=236 144 41 129 343 1524 55 174 65 594 73 205 551 496 334 523 2002 32 41 217 171 164 1339 165 251 32 1306 905 458 72 109 67 423 202 271 254 106 181 70 33 116 61 229 30 884 142 102 273 138 222 98 42 1163 267 142 36 107 39 32 69 63 428 693
leaf_count=236 144 41 129 343 1524 55 174 65 594 73 205 551 496 334 523 2002 32 41 217 171 164 1339 165 251 32 1306 905 458 72 109 67 423 202 271 254 106 181 70 33 116 61 229 30 884 142 102 273 138 222 98 42 1163 267 142 36 107 39 32 69 63 428 693
internal_value=0.0165069 -9.15837 37.1359 0.257506 -21.1457 26.9203 70.4426 -15.445 -4.11053 39.6922 36.4141 7.12917 1.90162 5.3211 21.3845 -16.5809 60.3939 82.2534 -27.6048 23.4236 21.6061 -24.6161 4.89957 3.46857 34.7071 -6.21684 5.61011 3.49725 3.15806 13.0305 79.025 25.6649 -8.06573 22.4713 14.0957 57.9753 32.8118 -4.87271 33.7998 -17.3033 58.5536 54.3674 10.6502 -9.09666 17.9861 -11.6179 -26.2474 -6.8648 0.643659 9.25184 52.4859 -31.7093 36.2602 10.2011 15.978 42.2989 75.0293 72.5669 69.9208 56.3491 -15.5159 -3.35515
internal_weight=19734 15823 3911 8862 6961 2993 918 3733 5418 905 771 3444 1411 1052 2088 3526 496 422 3228 1766 1521 1829 2609 2266 245 4007 1877 1461 207 416 381 998 359 694 835 464 653 142 304 157 134 358 581 2008 307 1124 1612 389 718 556 74 1399 472 322 180 140 314 275 243 118 530 1999
internal_count=19734 15823 3911 8862 6961 2993 918 3733 5418 905 771 3444 1411 1052 2088 3526 496 422 3228 1766 1521 1829 2609 2266 245 4007 1877 1461 207 416 381 998 359 694 835 464 653 142 304 157 134 358 581 2008 307 1124 1612 389 718 556 74 1399 472 322 180 140 314 275 243 118 530 1999
cat_boundaries=0 1 2 3
cat_threshold=40 8 3094
is_linear=0
shrinkage=0.05


Tree=31
num_leaves=63
num_cat=4
split_feature=6 6 8 24 6 6 0 27 27 15 8 17 18 18 17 4 17 24 17 0 16 18 8 17 8 14 18 16 17 17 18 18 18 15 18 18 15 16 17 19 18 8 4 16 2 4 15 11 4 8 15 2 13 2 3 21 6 18 8 8 4 4
split_gain=2.42876e+09 7.35856e+08 3.85782e+08 1.25939e+08 9.91006e+07 5.91537e+07 3.52216e+07 3.18306e+07 3.05013e+07 2.61954e+07 2.21796e+07 2.21065e+07 2.02578e+07 2.03696e+07 1.89808e+07 1.81555e+07 1.75886e+07 1.66848e+07 1.47117e+07 1.44784e+07 1.39682e+07 1.27511e+07 1.18672e+07 1.17911e+07 1.08074e+07 1.07396e+07 1.06848e+07 1.0366e+07 9.88944e+06 9.36684e+06 1.00555e+07 8.79222e+06 8.70444e+06 8.68388e+06 8.64305e+06 8.23298e+06 8.16999e+06 7.96353e+06 7.87379e+06 8.54073e+06 7.56123e+06 7.78072e+06 7.48929e+06 7.46837e+06 9.39629e+06 7.24134e+06 6.65919e+06 6.63497e+06 6.47657e+06 6.45879e+06 6.31633e+06 6.2299e+06 6.22391e+06 6.08746e+06 6.03378e+06 5.66764e+06 5.54202e+06 5.51944e+06 5.93407e+06 4.92005e+06 4.90432e+06 4.87914e+06
threshold=6000.8750000000009 3496.8750000000005 9302.3333333333339 0 4759.2500000000009 7629.8750000000009 10691.500000000002 1 2 0.23595118267385309 2777.3750000000005 2.3250000000000006 47.500000000000007 6.5000000000000009 3.1950000000000007 3062.5000000000005 4.5150000000000006 3 4.1450000000000005 1696.5000000000002 4.5000000000000009 5.5000000000000009 4279.5833333333348 1.7550000000000001 3779.2500000000005 4.9250000000000007 47.500000000000007 7.9500000000000011 7.9050000000000011 1.7550000000000001 15.500000000000002 3.5000000000000004 35.500000000000007 -0.15701273539950222 47.500000000000007 6.5000000000000009 0.080267558528426819 7.3150000000000004 2.5950000000000002 4.5000000000000009 14.500000000000002 5127.291666666667 10029.500000000002 2.8950000000000005 13037.500000000002 6133.5000000000009 -0.18957088538837705 452.32949215453397 6087.5000000000009 2566.6250000000005 0.072097536423876923 10661.500000000002 3.8050000000000002 10661.500000000002 6313.5000000000009 1.0000000180025095e-35 1081.3750000000002 41.500000000000007 6900.166666666667 6900.166666666667 5366.5000000000009 4526.5000000000009
decision_type=2 2 2 1 2 2 2 1 1 2 2 2 2 2 2 2 2 1 2 2 2 2 2 2 2 2 2 2 2 2 2 2 2 2 2 2 2 2 2 2 2 2 2 2 2 2 2 2 2 2 2 2 2 2 2 2 2 2 2 2 2 2
left_child=1 3 5 19 8 17 34 11 15 26 -9 49 13 55 40 36 43 20 24 56 38 -21 29 60 -17 -16 35 33 61 30 -10 -20 -12 -13 51 -7 -3 -11 39 -2 47 -42 53 -8 -45 -37 -31 -15 -22 -5 -33 -4 -47 -18 -50 -6 -1 58 -41 -56 -14 -19
right_child=2 4 6 7 12 9 16 10 22 37 32 27 23 14 25 18 42 28 31 21 48 -23 -24 -25 -26 -27 -28 -29 -30 46 -32 50 -34 -35 -36 45 -38 -39 -40 57 41 -43 -44 44 -46 52 -48 -49 54 -51 -52 -53 -54 -55 59 -57 -58 -59 -60 -61 -62 -63
leaf_value=-36.722090494834774 31.897498830762835 -16.128056874482528 52.831243020867646 -19.760347885025872 17.591286056101321 54.449242207099658 58.555332296854488 -20.487444677580843 3.5018477585052423 84.146793328261964 -15.092718753018799 -16.532232680687539 6.9936953338709742 24.79994548131835 5.4804110440376554 -2.4039624502742432 99.686736319405696 -1.7278985444237205 24.619852954375023 -11.501144227879873 30.425734163637031 -24.672378661744794 -0.68945267374984276 37.832006798368518 5.8810282128334102 -7.0586122532467277 65.031595682416636 -15.738036120121297 34.014672385321724 -20.801284164687001 -6.7004137911725907 -9.6034791434683466 -8.7927540904931405 8.3483524109782845 83.978217017266061 13.574393232245194 1.8512937301626573 52.152145591942045 33.936125857524381 11.815032563337084 2.3468783232634283 11.57512585992901 107.75273069654193 71.701542552900904 99.628034251445058 31.878141788130154 -8.8124372394000368 9.4386423006890308 28.635302858094914 -8.5502003125199249 12.693016468252697 67.133315084512944 43.63733457693175 72.016205696437666 65.762424930334092 35.187337858588613 -28.433718574863594 28.971279540399866 23.136584440615383 42.626241606253167 28.401047243723056 14.77970966722796
leaf_weight=236 191 161 292 180 300 58 77 1433 326 41 1357 39 77 159 456 599 35 51 132 211 146 1423 1414 99 1148 273 35 65 63 144 932 41 920 348 31 38 104 37 195 243 323 780 56 162 37 303 592 126 37 449 141 103 179 46 40 54 1387 127 221 54 41 366
leaf_count=236 191 161 292 180 300 58 77 1433 326 41 1357 39 77 159 456 599 35 51 132 211 146 1423 1414 99 1148 273 35 65 63 144 932 41 920 348 31 38 104 37 195 243 323 780 56 162 37 303 592 126 37 449 141 103 179 46 40 54 1387 127 221 54 41 366
internal_value=0.0160139 -7.79277 39.4188 -18.6042 2.53856 29.3078 68.6429 -13.3487 -1.17497 41.6784 -15.5722 -5.64473 10.4602 9.17388 7.31751 3.23337 79.0474 24.3781 4.83127 -26.2135 27.5376 -22.9716 -4.18093 25.1075 3.04032 0.784727 38.2058 2.73783 15.233 -6.6778 -4.05658 14.7955 -12.5473 5.84101 58.5558 36.5814 -9.07201 68.9698 24.9473 22.7059 10.7486 8.87275 93.693 71.7777 76.8939 34.5884 -11.1581 18.0086 37.6678 -11.7582 7.67018 56.5606 36.2451 83.9726 45.7391 20.2754 -29.6389 19.7353 17.2074 52.4714 14.4318 12.7608
internal_weight=19734 16470 3264 8048 8422 2425 839 4791 5734 691 3710 1081 2688 2471 2117 2326 413 1734 2061 3257 1254 1634 3408 217 1747 729 613 452 480 1994 1258 314 2277 387 426 578 265 78 977 782 1388 1103 137 276 199 520 736 285 277 629 182 395 482 81 131 354 1623 591 464 94 118 417
internal_count=19734 16470 3264 8048 8422 2425 839 4791 5734 691 3710 1081 2688 2471 2117 2326 413 1734 2061 3257 1254 1634 3408 217 1747 729 613 452 480 1994 1258 314 2277 387 426 578 265 78 977 782 1388 1103 137 276 199 520 736 285 277 629 182 395 482 81 131 354 1623 591 464 94 118 417
cat_boundaries=0 1 2 3 4
cat_threshold=40 8 9 193
is_linear=0
shrinkage=0.05


Tree=32
num_leaves=63
num_cat=4
split_feature=5 6 5 6 7 5 5 27 7 1 27 4 18 17 13 18 27 4 11 15 7 17 18 4 19 6 1 7 7 19 27 18 4 18 6 1 17 4 17 11 1 9 17 19 13 17 18 19 4 18 4 15 14 15 18 17 19 18 3 17 17 11
split_gain=2.20126e+09 5.51461e+08 4.75909e+08 9.49483e+07 6.55588e+07 5.56721e+07 4.08134e+07 2.23193e+07 2.13011e+07 1.8624e+07 1.749e+07 2.86829e+07 1.70356e+07 1.46646e+07 1.23865e+07 1.21717e+07 1.16751e+07 1.26792e+07 1.15394e+07 1.15295e+07 1.32832e+07 1.13699e+07 1.13408e+07 1.12244e+07 1.07845e+07 1.05402e+07 9.82475e+06 9.81792e+06 9.17666e+06 9.04173e+06 8.88063e+06 7.7186e+06 8.00974e+06 9.38973e+06 7.69058e+06 7.11091e+06 6.53266e+06 7.02565e+06 7.85484e+06 7.18505e+06 6.41188e+06 6.16801e+06 5.95706e+06 6.59046e+06 5.83828e+06 5.53454e+06 6.34301e+06 5.52821e+06 5.63565e+06 5.37776e+06 6.33497e+06 5.24013e+06 5.21818e+06 5.03946e+06 4.99975e+06 4.88027e+06 5.87038e+06 4.99692e+06 4.85646e+06 4.8401e+06 4.68579e+06 6.10983e+06
threshold=5344.5000000000009 2992.5000000000005 8547.0000000000018 4066.7500000000005 6915.5625000000009 1808.5000000000002 11083.000000000002 0 4734.4375000000009 9013.0000000000018 1 4681.5000000000009 2.5000000000000004 4.7250000000000005 3.6750000000000003 46.500000000000007 2 3216.5000000000005 618.67687493428014 0.31757515386879281 11973.812500000002 2.3050000000000002 3.5000000000000004 5751.5000000000009 11.500000000000002 2366.3750000000005 13053.500000000002 3480.3125000000005 3480.3125000000005 9.5000000000000018 3 4.5000000000000009 7970.5000000000009 12.500000000000002 9132.1250000000018 5707.5000000000009 9.8100000000000005 2199.5000000000005 3.3050000000000002 448.77731593781346 1079.5000000000002 619.35443452931236 4.0050000000000008 4.5000000000000009 4.1850000000000014 1.0000000180025095e-35 16.500000000000004 2.5000000000000004 6617.5000000000009 7.5000000000000009 10576.000000000002 -0.21470588235294191 7.1350000000000007 -0.11924743645241313 2.5000000000000004 1.7550000000000001 3.5000000000000004 14.500000000000002 6254.5000000000009 4.8550000000000013 3.8550000000000004 608.99036849188906
decision_type=2 2 2 2 2 2 2 1 2 2 1 2 2 2 2 2 1 2 2 2 2 2 2 2 2 2 2 2 2 2 1 2 2 2 2 2 2 2 2 2 2 2 2 2 2 2 2 2 2 2 2 2 2 2 2 2 2 2 2 2 2 2
left_child=1 5 4 7 10 40 9 27 16 29 11 22 13 -7 34 25 17 53 30 20 49 -17 -2 -16 31 -14 -22 36 -9 -4 -10 -11 -33 -34 41 -12 37 -3 -39 44 -1 -6 43 -37 -40 46 -18 52 -49 -8 -51 -20 -25 -5 59 57 -57 -30 -13 -29 -19 -62
right_child=2 3 6 8 14 12 19 28 18 24 35 58 15 -15 23 21 45 60 51 -21 26 -23 -24 47 -26 -27 -28 54 55 -31 -32 32 33 -35 -36 42 -38 38 39 -41 -42 -43 -44 -45 -46 -47 -48 48 -50 50 -52 -53 -54 -55 -56 56 -58 -59 -60 -61 61 -63
leaf_value=-34.92164735834649 30.26645106156667 -20.659740439439432 34.598669980856094 -18.477787850924901 29.967159456348419 -17.396796197006385 79.69056792388092 -13.046373369136681 17.147962320865471 79.708406107049242 6.8485932580182256 25.351588028167313 -22.314096326817502 9.1604975116040031 10.511311492052947 -19.283376473421878 6.6247763177515315 5.4054886209968709 -4.0040624202596486 105.47067584413472 74.661744179596766 -4.1166047274235655 6.3995776660128003 59.50604032663199 84.414910261971613 -16.426225435489485 103.70692919095357 3.4704787159540569 3.6046554395556449 59.99163381755352 7.6958167008792477 34.880923719406127 77.560656710538012 55.419070272864523 52.431868960062666 23.44753339132987 17.442223866780601 -8.0035002940046667 0.47372205124484551 -11.103960668587987 -26.167511600041419 18.36652155796687 0.22465115251212286 12.938563463743058 17.783097812493644 -5.7935860365386525 -2.2494632889662523 22.930939130415211 40.327460444846153 43.46610132257144 68.762274745594368 5.5502324866148696 38.580239237872036 0.29891781741625645 -0.068173101624926999 -20.026129669745764 -8.108688905386515 -6.1322527602874386 34.449345677102635 24.138989120305972 22.078908613749917 2.7540296881946169
leaf_weight=235 60 78 130 70 375 97 37 933 366 38 355 558 1362 112 33 217 289 754 218 33 74 287 292 65 42 1720 48 83 155 48 981 40 55 370 30 242 30 683 139 79 1903 165 58 389 75 568 664 56 276 45 55 420 55 73 962 120 744 879 199 43 105 67
leaf_count=235 60 78 130 70 375 97 37 933 366 38 355 558 1362 112 33 217 289 754 218 33 74 287 292 65 42 1720 48 83 155 48 981 40 55 370 30 242 30 683 139 79 1903 165 58 389 75 568 664 56 276 45 55 420 55 73 962 120 744 879 199 43 105 67
internal_value=0.0152132 -8.6982 32.0194 -1.27815 22.578 -20.6768 61.8599 -6.03869 3.92776 55.4881 17.5745 22.061 -17.0415 -3.16514 32.7889 -17.8502 0.940957 4.91837 7.82489 77.6366 74.0902 -10.6467 10.4678 38.6622 60.0743 -19.0282 86.0894 -2.18688 -8.95452 41.4462 10.4485 58.0418 56.2712 58.2845 27.7914 12.4779 -5.56478 -6.21962 -5.0656 1.78282 -27.1297 26.4225 15.5594 16.9689 6.54009 -1.87449 0.441675 40.7175 37.3931 63.4047 57.379 2.2856 49.915 -8.89248 1.1585 -6.99027 -9.76389 -4.67266 27.7432 10.524 7.10426 14.5512
internal_weight=19734 15511 4223 9578 3208 5933 1015 5003 4575 723 2153 1109 3795 209 1055 3586 2590 1069 1985 292 259 504 352 485 545 3082 122 2172 2831 178 1347 503 465 425 570 1044 1084 1054 976 293 2138 540 689 631 214 1521 953 452 332 137 100 638 120 143 1088 1898 864 1034 757 126 926 172
internal_count=19734 15511 4223 9578 3208 5933 1015 5003 4575 723 2153 1109 3795 209 1055 3586 2590 1069 1985 292 259 504 352 485 545 3082 122 2172 2831 178 1347 503 465 425 570 1044 1084 1054 976 293 2138 540 689 631 214 1521 953 452 332 137 100 638 120 143 1088 1898 864 1034 757 126 926 172
cat_boundaries=0 1 2 3 4
cat_threshold=9 9 9 9
is_linear=0
shrinkage=0.05


Tree=33
num_leaves=63
num_cat=4
split_feature=0 1 8 6 24 5 0 27 18 18 19 18 27 8 18 6 4 4 18 8 18 17 18 9 17 17 18 8 17 0 13 8 16 18 24 18 8 4 4 18 18 18 7 2 11 16 17 17 10 19 5 18 17 8 13 7 8 11 18 19 17 18
split_gain=1.99285e+09 5.37212e+08 3.68857e+08 9.37077e+07 6.85172e+07 4.8531e+07 3.86567e+07 2.05643e+07 1.87278e+07 1.71926e+07 1.71619e+07 1.70386e+07 1.51221e+07 1.44081e+07 1.42802e+07 1.54776e+07 1.41821e+07 1.28968e+07 1.28751e+07 1.18946e+07 1.17145e+07 1.14453e+07 1.13526e+07 1.12596e+07 1.07877e+07 1.06419e+07 1.04428e+07 1.14341e+07 1.03593e+07 1.01679e+07 9.24922e+06 9.22446e+06 9.09628e+06 8.99e+06 8.97038e+06 1.36237e+07 8.84109e+06 8.37498e+06 6.53399e+06 1.12608e+07 6.34482e+06 7.44104e+06 7.17561e+06 6.18561e+06 5.91433e+06 5.85002e+06 5.82439e+06 5.81638e+06 5.68942e+06 5.3618e+06 5.31825e+06 5.08037e+06 1.12015e+07 5.00683e+06 4.99426e+06 5.19222e+06 4.8477e+06 4.76733e+06 4.76263e+06 4.57036e+06 5.51645e+06 4.57566e+06
threshold=5684.5000000000009 3153.5000000000005 8519.7500000000018 4374.1250000000009 0 6486.5000000000009 10691.500000000002 1 4.5000000000000009 3.5000000000000004 9.5000000000000018 46.500000000000007 2 3728.6666666666674 45.500000000000007 12000.375000000002 3311.5000000000005 5853.5000000000009 14.500000000000002 3975.9166666666674 46.500000000000007 4.2950000000000008 2.5000000000000004 706.97558773770209 2.3250000000000006 1.7550000000000001 7.5000000000000009 5294.291666666667 4.8550000000000013 1549.5000000000002 7.1650000000000009 7317.4583333333348 7.3150000000000004 4.5000000000000009 3 13.500000000000002 2777.3750000000005 4634.5000000000009 2604.5000000000005 5.5000000000000009 3.5000000000000004 41.500000000000007 5874.2500000000009 10661.500000000002 573.82110702544855 5.5500000000000007 2.9250000000000003 4.1950000000000012 954.68496444119216 11.500000000000002 5652.5000000000009 47.500000000000007 2.3650000000000007 7677.5833333333339 2.7050000000000005 11500.062500000002 4731.7083333333348 854.31735545390086 37.500000000000007 4.5000000000000009 2.9250000000000003 33.500000000000007
decision_type=2 2 2 2 1 2 2 1 2 2 2 2 1 2 2 2 2 2 2 2 2 2 2 2 2 2 2 2 2 2 2 2 2 2 1 2 2 2 2 2 2 2 2 2 2 2 2 2 2 2 2 2 2 2 2 2 2 2 2 2 2 2
left_child=1 4 5 7 29 23 20 13 31 -8 17 16 24 22 15 54 -5 -10 46 44 43 -12 28 40 -6 56 -18 34 -3 -1 48 -7 -26 -31 35 -28 -14 -36 39 -24 47 42 -42 57 59 -44 -19 -2 -17 -35 -25 -15 -53 -20 -11 -56 -13 -4 -38 60 -9 -61
right_child=2 3 6 11 12 8 9 19 10 14 21 25 36 51 -16 30 26 18 53 -21 -22 -23 38 50 32 -27 27 -29 -30 33 -32 -33 -34 49 37 -37 58 -39 -40 -41 41 -43 45 -45 -46 -47 -48 -49 -50 -51 -52 52 -54 -55 55 -57 -58 -59 -60 61 -62 -63
leaf_value=-27.914517892410458 20.525750970840456 -2.0211566403800365 48.789850418248648 -9.923384462246279 -12.384895858816785 39.179400779889981 105.34159319477698 -2.5952905595302584 10.842138558334405 36.179920174876848 35.630308254926632 0.79695659087428572 -18.309199208103028 2.0885674488680315 99.146407084311207 84.980228453874588 13.382683196765127 41.937876212669146 17.972652490962954 -3.4508644639933608 69.914575359637922 68.804233827590949 3.6621971187306879 3.7370104197710754 4.1697665254838077 29.159280588568709 15.841271385717391 9.6515840409520237 22.55279422579585 -11.378608292640921 101.12152501424154 67.319103896312228 -17.534595530529817 -23.932529454928442 -7.8585012889437138 2.4771713094062995 -14.640945119492779 2.7286581906232428 -3.7011129964867404 -21.150705326762466 8.747032535764907 27.662807312172454 17.571840336004893 57.950610803924832 -22.543205749701304 33.704513048356581 26.12531404892604 50.071949755760933 61.461346048778957 -13.938683218335454 15.356485998753421 2.0159777500858045 24.442696310679121 28.054819306903415 52.295971198876707 70.516123712473913 18.799788798077007 38.103499648932257 -8.0171965370928575 -12.58557491993032 -22.80800832799963 -6.2604280225559226
leaf_weight=1188 36 102 284 147 423 115 31 385 143 30 195 79 1438 702 31 40 412 165 272 1494 65 30 67 200 247 123 250 843 74 179 30 39 60 1662 310 804 872 470 1152 144 225 178 600 113 83 62 90 31 72 146 194 146 90 225 120 58 71 165 394 820 37 439
leaf_count=1188 36 102 284 147 423 115 31 385 143 30 195 79 1438 702 31 40 412 165 272 1494 65 30 67 200 247 123 250 843 74 179 30 39 60 1662 310 804 872 470 1152 144 225 178 600 113 83 62 90 31 72 146 194 146 90 225 120 58 71 165 394 820 37 439
internal_value=-0.128904 -7.95627 32.1939 -0.173662 -18.8418 22.7529 57.6365 -4.11145 29.9572 69.5341 27.7093 6.26214 -13.7965 -0.659798 66.6206 63.7398 5.25016 24.606 27.2233 -6.71305 49.8186 40.0535 -3.63955 16.7382 -7.1094 18.2576 5.97224 4.83175 8.31107 -24.179 76.4653 46.3057 -0.0721283 -22.0673 2.6163 5.59395 -15.569 -1.46034 -5.1827 -13.2717 19.2721 18.3332 16.461 47.4943 -9.51398 19.0828 36.357 34.1964 69.8609 -23.1255 9.45828 4.22212 10.5685 22.537 55.0522 58.2329 9.3183 44.8628 -12.5795 -8.87066 -4.3675 -10.3801
internal_weight=19692 15853 3839 9244 6609 2800 1039 5735 1274 412 1120 3509 3434 2477 381 350 3236 895 752 3258 627 225 1539 1526 730 273 3089 2677 176 3175 142 154 307 1987 1834 1054 2704 780 1363 211 1132 1065 887 562 1764 662 255 67 112 1808 394 938 236 497 208 178 150 449 1266 1681 422 1259
internal_count=19692 15853 3839 9244 6609 2800 1039 5735 1274 412 1120 3509 3434 2477 381 350 3236 895 752 3258 627 225 1539 1526 730 273 3089 2677 176 3175 142 154 307 1987 1834 1054 2704 780 1363 211 1132 1065 887 562 1764 662 255 67 112 1808 394 938 236 497 208 178 150 449 1266 1681 422 1259
cat_boundaries=0 1 2 3 4
cat_threshold=40 9 8 1728
is_linear=0
shrinkage=0.05


Tree=34
num_leaves=63
num_cat=4
split_feature=8 1 8 8 1 27 27 0 18 4 18 17 27 7 8 18 18 1 17 18 18 0 8 11 17 22 17 18 17 18 8 4 17 12 9 0 4 17 11 1 4 11 27 3 11 9 4 17 18 18 12 18 17 18 12 10 8 8 11 10 18 18
split_gain=1.80172e+09 5.30911e+08 2.80731e+08 8.34735e+07 8.30457e+07 3.89514e+07 3.67956e+07 3.48877e+07 2.90243e+07 2.34781e+07 1.76035e+07 1.75278e+07 1.7394e+07 1.71004e+07 1.60097e+07 1.55163e+07 1.28879e+07 1.33856e+07 1.09559e+07 1.55138e+07 1.06662e+07 9.54339e+06 8.99754e+06 8.33048e+06 2.08005e+07 1.20811e+07 8.2406e+06 9.27894e+06 8.17146e+06 9.61985e+06 7.97833e+06 7.8601e+06 6.77963e+06 6.57228e+06 6.5001e+06 6.15997e+06 6.09097e+06 6.21255e+06 5.86767e+06 5.7424e+06 5.72512e+06 5.58743e+06 5.545e+06 5.49359e+06 5.41024e+06 5.40464e+06 5.19481e+06 4.75979e+06 4.74664e+06 4.61577e+06 4.56682e+06 4.53705e+06 6.22116e+06 4.47724e+06 4.45833e+06 5.88352e+06 4.28279e+06 4.26613e+06 4.23071e+06 4.34748e+06 4.192e+06 4.12449e+06
threshold=5893.0833333333348 3355.5000000000005 8519.7500000000018 4558.9583333333348 2158.5000000000005 0 1 10691.500000000002 6.5000000000000009 3023.5000000000005 47.500000000000007 2.3650000000000007 2 7250.5000000000009 7551.3750000000009 3.5000000000000004 45.500000000000007 11726.000000000002 1.0000000180025095e-35 14.500000000000002 47.500000000000007 1549.5000000000002 2798.4166666666674 613.37740792988131 4.1950000000000012 5.035000000000001 4.1850000000000014 2.5000000000000004 3.1850000000000005 15.500000000000002 2865.166666666667 5751.5000000000009 8.3150000000000031 4.6250000000000009 502.19430273945625 11734.000000000002 1631.5000000000002 6.3350000000000009 499.45289713668484 9427.5000000000018 4746.5000000000009 670.68752219399255 3 3824.5000000000005 423.85519037068627 758.30652836876914 4960.5000000000009 2.6450000000000005 39.500000000000007 31.500000000000004 9.5750000000000011 20.500000000000004 2.8250000000000006 30.500000000000004 5.4900000000000011 900.22391795795545 3728.6666666666674 4074.041666666667 994.26637911456032 745.86447004928766 3.5000000000000004 48.500000000000007
decision_type=2 2 2 2 2 1 1 2 2 2 2 2 1 2 2 2 2 2 2 2 2 2 2 2 2 2 2 2 2 2 2 2 2 2 2 2 2 2 2 2 2 2 1 2 2 2 2 2 2 2 2 2 2 2 2 2 2 2 2 2 2 2
left_child=1 4 5 8 21 14 23 20 26 38 18 -12 22 45 31 -9 17 -17 19 -11 39 -1 36 24 -5 -26 -3 -28 29 -8 -14 41 46 -33 -15 -19 -6 44 -10 58 -30 -2 -23 50 47 51 -25 -38 -41 -20 -29 52 -7 -53 55 -37 -13 -21 59 -4 -39 -49
right_child=2 3 7 6 12 13 28 15 9 10 11 56 30 34 -16 16 -18 35 49 57 -22 42 -24 32 25 -27 27 43 40 -31 -32 33 -34 -35 -36 54 37 60 -40 48 -42 -43 -44 -45 -46 -47 -48 61 -50 -51 -52 53 -54 -55 -56 -57 -58 -59 -60 -61 -62 -63
leaf_value=-26.490816325190096 31.408168057032995 1.4109696507367198 39.593213256619734 14.601560869095847 -24.800540808395105 26.70653492822602 13.700987821605214 100.07451235863471 -6.8982238249345258 5.4089586843143813 -1.6086348886578912 9.1753307939526874 -18.292925275996435 32.387939711286059 49.089517465989985 51.935571841055975 94.18908615112305 54.785621156692507 -9.9123708054405952 -6.3292974238929922 69.013358673682589 -16.612758430965172 -4.6433667329997368 1.8388644988635718 56.057640701293941 23.878131076948986 22.224142746685999 -1.1680342074144971 -7.9092952647019388 3.7368424530170135 -12.585654596534644 27.851416111509753 24.475080322397169 39.528305573700777 20.702086028268067 86.333348286946617 -14.183361077909247 11.531664691501193 -21.556042198159478 47.382331944940688 2.3205173377957298 11.856136021120797 -23.429462511557848 22.844580071313043 -26.35263069924854 7.1043233649579101 17.103480723698933 -9.6423618373213991 64.772374589546871 -4.1942185987637686 13.239702180624008 9.8073111696180959 13.928056705474853 19.074864550098976 90.054174874045643 56.880982434443936 23.679242232764093 -1.5401505414333991 28.119619560241702 57.656594458080477 -6.6321961990109202 4.144992899576823
leaf_weight=1188 63 494 161 640 81 209 309 31 99 539 328 94 1104 239 134 197 31 40 857 1051 52 814 831 217 50 70 127 176 201 1121 1375 265 58 221 237 30 459 45 220 267 428 87 1157 42 63 173 75 196 46 600 80 306 175 227 44 39 111 834 59 42 108 75
leaf_count=1188 63 494 161 640 81 209 309 31 99 539 328 94 1104 239 134 197 31 40 857 1051 52 814 831 217 50 70 127 176 201 1121 1375 265 58 221 237 30 459 45 220 267 428 87 1157 42 63 173 75 196 46 600 80 306 175 227 44 39 111 834 59 42 108 75
internal_value=-0.122459 -7.00082 33.1321 1.31331 -16.7846 23.5149 7.809 54.7547 -2.32874 -3.90758 -2.96088 5.55956 -12.293 18.5446 32.9546 66.0574 63.2896 60.5528 -4.13104 -2.07143 47.3277 -22.951 -8.46587 15.1078 18.1834 37.2863 5.80257 10.9072 3.78251 5.88993 -15.0666 30.0732 8.861 33.1613 26.5696 71.6482 -11.6413 -10.5145 -17.0071 45.3665 -0.948469 20.068 -20.8174 6.08414 -12.2943 15.2102 5.75957 -11.0811 49.9381 -7.55761 3.33438 16.7395 20.883 13.7543 77.6172 69.6864 17.0287 -4.21039 39.9051 43.3305 -1.28988 -5.82667
internal_weight=19692 16317 3375 8821 7496 2336 3169 1039 5652 4733 4414 533 4337 1566 770 412 381 350 3881 2424 627 3159 1858 1110 760 120 919 425 2059 1430 2479 636 350 486 476 153 1027 946 319 575 629 150 1971 298 793 1090 292 730 313 1457 256 917 384 533 113 69 205 1885 262 203 153 271
internal_count=19692 16317 3375 8821 7496 2336 3169 1039 5652 4733 4414 533 4337 1566 770 412 381 350 3881 2424 627 3159 1858 1110 760 120 919 425 2059 1430 2479 636 350 486 476 153 1027 946 319 575 629 150 1971 298 793 1090 292 730 313 1457 256 917 384 533 113 69 205 1885 262 203 153 271
cat_boundaries=0 1 2 3 4
cat_threshold=9 9 9 9
is_linear=0
shrinkage=0.05


Tree=35
num_leaves=63
num_cat=3
split_feature=8 1 8 24 6 0 5 15 18 18 18 15 22 17 5 17 16 7 25 19 15 16 18 17 18 18 0 17 16 1 24 18 17 16 17 17 18 16 4 18 17 18 18 2 9 16 17 4 18 18 17 15 8 9 15 15 10 18 18 18 17 7
split_gain=1.62615e+09 4.79296e+08 2.53359e+08 7.82337e+07 7.6797e+07 3.14861e+07 2.62708e+07 2.51911e+07 1.6893e+07 1.50158e+07 1.48529e+07 1.47682e+07 1.44816e+07 1.44328e+07 1.40705e+07 1.35029e+07 2.18472e+07 1.20716e+07 1.15156e+07 1.12048e+07 1.05594e+07 8.6068e+06 8.51e+06 1.12134e+07 8.89724e+06 8.31034e+06 7.84251e+06 7.74887e+06 1.07822e+07 7.6229e+06 7.21831e+06 7.16762e+06 9.44256e+06 6.55332e+06 6.53449e+06 6.31646e+06 1.27137e+07 1.02168e+07 6.29108e+06 6.14836e+06 9.44631e+06 6.04262e+06 5.98343e+06 5.9819e+06 5.93981e+06 5.89333e+06 7.11271e+06 5.87006e+06 1.08712e+07 5.6653e+06 5.64778e+06 5.63438e+06 5.57243e+06 6.2478e+06 5.29897e+06 6.91514e+06 5.26031e+06 6.24765e+06 5.32361e+06 5.1447e+06 6.98731e+06 5.0023e+06
threshold=5893.0833333333348 3355.5000000000005 8519.7500000000018 0 4492.5000000000009 10691.500000000002 6486.5000000000009 0.23595118267385309 4.5000000000000009 2.5000000000000004 47.500000000000007 0.23595118267385309 15.350000000000001 2.3650000000000007 2725.5000000000005 4.8550000000000013 5.3050000000000006 4139.9375000000009 1 9.5000000000000018 0.29275577515509837 5.4750000000000005 47.500000000000007 1.7550000000000001 16.500000000000004 4.5000000000000009 7685.0000000000009 4.7250000000000005 7.1000000000000005 11726.000000000002 2 47.500000000000007 1.7550000000000001 3.0750000000000006 5.8700000000000001 1.0000000180025095e-35 5.5000000000000009 4.1950000000000012 1871.5000000000002 46.500000000000007 2.6650000000000005 37.500000000000007 41.500000000000007 10661.500000000002 653.93994752403705 3.4450000000000007 3.5750000000000006 5898.0000000000009 14.500000000000002 14.500000000000002 4.2150000000000007 0.70006914303055012 6900.166666666667 694.32472310472406 -0.22238850701674875 -0.057742782152231234 473.7570484450078 6.5000000000000009 15.500000000000002 2.5000000000000004 4.8550000000000013 2262.8750000000005
decision_type=2 2 2 1 2 2 2 2 2 2 2 2 2 2 2 2 2 2 1 2 2 2 2 2 2 2 2 2 2 2 1 2 2 2 2 2 2 2 2 2 2 2 2 2 2 2 2 2 2 2 2 2 2 2 2 2 2 2 2 2 2 2
left_child=1 3 6 25 9 20 21 12 27 30 17 29 18 -12 34 -9 -17 35 22 47 41 42 24 -24 -6 50 44 -8 -29 -7 -3 38 -33 -31 61 49 -37 -38 -27 59 -41 43 52 -4 -21 46 -43 -10 -49 -11 -1 -15 53 -2 -35 -56 58 -58 -20 60 -16 -5
right_child=2 4 5 14 7 11 8 15 19 10 13 -13 -14 51 39 16 -18 -19 56 26 -22 -23 23 -25 -26 31 -28 28 -30 33 -32 32 -34 54 -36 36 37 -39 -40 40 -42 45 -44 -45 -46 -47 -48 48 -50 -51 -52 -53 -54 -55 55 -57 57 -59 -60 -61 -62 -63
leaf_value=-20.08267389256379 14.683529423405936 -0.936320059759575 36.996435648472193 -18.0340863978671 14.448894169395917 53.19013611055771 32.119060856592462 10.517638558627182 11.747089864657475 0.28467729755677285 -1.9172638407777041 88.822950791319215 -4.3459512436707346 19.163712227656813 -9.8966803830464691 66.833038397758244 20.852088151872159 -0.24840838177967106 12.513168769934268 34.341587575831156 69.818040978908542 32.772370164907436 6.5916489638664109 38.387147150541608 5.8576605216625071 -25.499331786684049 50.769675285698938 76.301892633999088 35.176189352671308 47.351016407628215 16.639424292518669 -24.11348557862096 -6.7423536338589418 59.024692659599843 8.8968556324640922 5.0354224489405262 -7.9293659198709427 -19.803507251387654 -20.463667929314855 -9.4627870213012297 7.5070777888416407 50.270798127393469 26.692847626859493 51.225377448232557 9.641460520426433 38.477703148978101 79.13287940979005 32.899615755629917 20.188967771963643 -5.7471151513490213 -5.3848411966772645 -1.5221923688562906 22.333247224333583 3.0878079209294356 95.02872347540972 65.214399482108462 13.155528354644776 -2.6181252757201392 2.9299804581239757 -10.483790268107397 13.820408459429471 -12.911834439438451
leaf_weight=145 619 104 332 711 438 212 61 237 104 560 312 48 338 167 75 31 155 1439 212 129 40 79 54 57 966 1620 61 34 30 31 136 159 154 43 30 153 897 227 1005 196 141 74 110 95 30 56 30 252 506 1277 119 41 178 143 41 37 72 490 458 1642 53 1446
leaf_count=145 619 104 332 711 438 212 61 237 104 560 312 48 338 167 75 31 155 1439 212 129 40 79 54 57 966 1620 61 34 30 31 136 159 154 43 30 153 897 227 1005 196 141 74 110 95 30 56 30 252 506 1277 119 41 178 143 41 37 72 490 458 1642 53 1446
internal_value=-0.117353 -6.65201 31.4755 -15.948 1.24764 52.0169 22.3392 6.98912 27.4673 -2.54326 -3.12142 62.7545 5.42018 4.88412 -11.442 18.4316 28.5156 -4.03574 6.62183 25.4568 44.9613 16.8567 9.52861 22.9191 8.53783 -21.8867 35.5284 44.8705 57.0242 59.3169 9.67756 -22.7186 -15.5667 67.8622 -14.2779 -5.78589 -8.48678 -10.3274 -23.5714 -8.55262 -2.36264 43.2675 15.6592 40.1621 29.6812 51.5549 58.5964 22.8863 24.4147 -3.90835 -13.4575 15.0862 14.3681 12.5074 73.1171 80.886 2.94609 -0.597301 5.96227 -9.73116 -0.0763233 -14.6003
internal_weight=19692 16317 3375 7496 8821 1039 2336 3508 1207 5313 5073 412 3085 520 4294 423 186 4553 2747 1082 627 1129 1515 111 1404 3202 220 125 64 364 240 2938 313 152 2187 3114 1277 1124 2625 2107 337 587 1050 427 159 160 104 862 758 1837 264 208 940 762 121 78 1232 562 670 1770 128 2157
internal_count=19692 16317 3375 7496 8821 1039 2336 3508 1207 5313 5073 412 3085 520 4294 423 186 4553 2747 1082 627 1129 1515 111 1404 3202 220 125 64 364 240 2938 313 152 2187 3114 1277 1124 2625 2107 337 587 1050 427 159 160 104 862 758 1837 264 208 940 762 121 78 1232 562 670 1770 128 2157
cat_boundaries=0 1 2 3
cat_threshold=40 20 1472
is_linear=0
shrinkage=0.05


Tree=36
num_leaves=63
num_cat=10
split_feature=6 1 8 1 6 7 18 19 18 7 18 27 27 4 18 10 27 8 18 6 8 13 8 4 24 15 18 24 5 6 18 4 16 8 27 15 11 11 18 8 2 8 11 24 27 16 5 10 24 18 18 22 18 18 13 22 14 1 15 18 24 18
split_gain=1.47196e+09 4.00158e+08 2.59712e+08 5.97507e+07 5.3604e+07 5.00471e+07 2.0202e+07 2.05385e+07 2.01249e+07 1.72812e+07 1.5342e+07 1.50039e+07 1.33936e+07 1.27788e+07 1.17911e+07 1.19829e+07 1.17345e+07 1.04572e+07 9.33044e+06 8.20136e+06 7.85695e+06 7.70388e+06 7.64412e+06 7.5965e+06 7.41799e+06 9.03774e+06 8.0657e+06 7.37459e+06 7.35409e+06 7.13334e+06 6.80156e+06 7.18764e+06 6.78769e+06 6.44892e+06 6.19531e+06 6.13668e+06 6.42972e+06 5.88535e+06 5.77833e+06 7.37814e+06 5.73453e+06 5.72632e+06 5.7227e+06 5.67225e+06 6.89032e+06 5.3966e+06 5.35237e+06 5.10553e+06 4.98946e+06 4.67932e+06 4.64342e+06 4.53608e+06 1.03085e+07 1.19533e+07 4.38204e+06 4.266e+06 8.29735e+06 4.79099e+06 4.56521e+06 4.20203e+06 4.08183e+06 4.37924e+06
threshold=5681.5000000000009 3268.5000000000005 9302.3333333333339 2180.5000000000005 4392.1250000000009 6915.5625000000009 7.5000000000000009 11.500000000000002 3.5000000000000004 11500.062500000002 47.500000000000007 0 1 5078.5000000000009 6.5000000000000009 473.7570484450078 2 3745.8750000000005 41.500000000000007 1449.1250000000002 3975.9166666666674 3.4850000000000008 4813.291666666667 5541.5000000000009 3 0.23595118267385309 47.500000000000007 4 8769.5000000000018 7778.8750000000009 15.500000000000002 5475.5000000000009 9.0800000000000018 7977.7500000000009 5 -0.20011308726081939 505.85428254536743 582.81787696184733 38.500000000000007 10020.625000000002 13037.500000000002 2865.166666666667 229.30431673515889 6 7 6.3850000000000007 11937.000000000002 463.73422177842218 8 14.500000000000002 36.500000000000007 4.7350000000000003 47.500000000000007 3.5000000000000004 5.1800000000000006 4.7350000000000003 4.1950000000000012 7557.5000000000009 -0.21037258625615515 4.5000000000000009 9 3.5000000000000004
decision_type=2 2 2 2 2 2 2 2 2 2 2 1 1 2 2 2 1 2 2 2 2 2 2 2 1 2 2 1 2 2 2 2 2 2 1 2 2 2 2 2 2 2 2 1 1 2 2 2 1 2 2 2 2 2 2 2 2 2 2 2 1 2
left_child=1 3 5 19 12 11 32 9 29 38 14 13 17 -2 60 30 24 35 21 -1 48 33 -17 -23 25 26 -5 -12 -20 -7 37 50 -4 -10 -21 36 -3 -16 -8 -40 46 -18 -27 44 45 -37 -11 -13 -14 -50 -32 54 53 -53 -15 56 -25 -58 -57 -47 61 -6
right_child=2 4 6 16 10 8 7 -9 18 40 27 47 20 51 15 22 41 -19 28 34 -22 23 -24 55 -26 42 -28 -29 -30 -31 31 -33 -34 -35 -36 43 -38 -39 39 -41 -42 -43 -44 -45 -46 59 -48 -49 49 -51 -52 52 -54 -55 -56 58 57 -59 -60 -61 -62 -63
leaf_value=-24.845828280520493 11.171847144979189 -2.9062952062913352 80.340009805220589 -10.461853057711075 27.652871421361581 36.444203173729683 39.342916048207186 82.639611382917934 15.456854072125521 59.751894730108759 26.45476733936983 15.395216339342682 -11.950348878400419 17.586390323515968 13.49426727006319 -6.3110678782390659 -16.623590932078482 4.2381909567775145 31.990774590004492 -15.288170074156518 -2.553762507025505 4.5368551635742191 2.2863502701564733 25.596440168849213 -10.513339878378913 -8.9146821308135991 6.0717163353060428 7.103967598959696 56.255263249467056 68.398915472030637 -1.0839894094409013 9.0860783031535544 52.403631908098866 28.183325704343758 -21.550966811263535 13.028694173027487 -21.024860585969073 -7.2294815113669948 41.814912445204605 70.588239064087745 72.69443514225847 -11.541135086336379 14.769996006691711 -4.4436325327626305 -5.4568040597823355 7.9350169711879319 37.490050380676983 7.9700503282670825 1.2944689717739821 -7.2477594404269272 7.0558795796121876 51.809520456194882 54.469479340773368 16.699937042474748 28.552842746152507 15.9881775308878 34.381311462771514 53.959452781979998 30.118028340969133 -6.9859373184350817 7.2139570979685192 11.381095524267717
leaf_weight=866 234 112 79 330 78 31 376 44 272 108 109 388 473 223 348 428 1045 893 131 968 1513 30 653 114 1065 35 95 129 41 40 615 441 30 157 1419 170 87 38 56 37 59 1180 94 648 176 98 36 574 200 808 245 32 39 100 154 78 62 63 214 91 292 88
leaf_count=866 234 112 79 330 78 31 376 44 272 108 109 388 473 223 348 428 1045 893 131 968 1513 30 653 114 1065 35 95 129 41 40 615 441 30 157 1419 170 87 38 56 37 59 1180 94 648 176 98 36 574 200 808 245 32 39 100 154 78 62 63 214 91 292 88
internal_value=-0.162492 -6.87216 27.7739 -15.6906 0.294237 20.8945 52.5979 49.5451 28.6047 47.3782 5.12551 15.4435 -2.88199 20.6885 4.2217 2.9921 -11.4702 0.0209848 27.0257 -20.6777 -5.07096 25.1582 -1.11762 29.0152 -8.0424 -3.19013 -6.76611 17.3763 37.7748 54.4469 5.62554 3.89623 72.6511 20.1143 -19.1655 -2.70387 -10.8275 11.4541 42.1031 53.2624 59.5656 -13.8659 8.34392 -1.33735 2.46206 6.38696 54.1864 10.852 -7.67678 -5.49833 1.23493 25.1298 31.8843 25.2114 22.0661 30.3981 35.3518 44.2487 26.3436 0.750854 11.653 17.9458
internal_weight=19632 15830 3802 7097 8733 2977 825 716 1233 672 3464 1744 5269 782 3226 2768 3844 2275 1162 3253 2994 990 1081 561 1619 554 425 238 172 71 1687 1301 109 429 2387 1382 199 386 469 93 203 2225 129 1183 535 359 144 962 1481 1008 860 548 171 132 377 531 239 125 292 189 458 166
internal_count=19632 15830 3802 7097 8733 2977 825 716 1233 672 3464 1744 5269 782 3226 2768 3844 2275 1162 3253 2994 990 1081 561 1619 554 425 238 172 71 1687 1301 109 429 2387 1382 199 386 469 93 203 2225 129 1183 535 359 144 962 1481 1008 860 548 171 132 377 531 239 125 292 189 458 166
cat_boundaries=0 1 2 3 4 5 6 7 8 9 10
cat_threshold=9 9 9 2196 2050 9 2070 8 30 2050
is_linear=0
shrinkage=0.05


Tree=37
num_leaves=63
num_cat=9
split_feature=6 1 0 6 7 1 7 18 18 27 4 13 27 13 27 27 4 7 8 1 18 24 15 24 18 18 8 4 24 24 19 18 18 18 6 4 18 4 8 9 9 4 2 19 12 0 15 1 13 2 16 14 9 18 24 18 18 22 15 16 13 9
split_gain=1.32889e+09 3.07061e+08 2.99492e+08 4.15843e+07 4.15337e+07 4.0079e+07 3.35683e+07 2.1226e+07 2.10713e+07 2.00021e+07 1.5383e+07 1.47971e+07 1.15835e+07 1.11228e+07 1.10838e+07 1.02154e+07 9.31293e+06 9.22537e+06 7.25255e+06 7.10632e+06 7.06568e+06 6.78381e+06 8.96566e+06 6.59766e+06 7.4491e+06 6.5031e+06 6.40049e+06 6.38838e+06 6.28289e+06 6.27789e+06 7.46493e+06 6.21697e+06 5.84069e+06 6.59404e+06 5.54897e+06 5.5151e+06 5.41464e+06 5.2869e+06 4.96733e+06 4.80985e+06 6.33001e+06 4.77276e+06 4.72389e+06 4.57856e+06 4.57505e+06 4.54551e+06 5.05407e+06 3.98004e+06 3.80365e+06 5.01801e+06 6.8588e+06 5.3042e+06 3.64075e+06 3.62219e+06 3.61959e+06 5.0421e+06 6.50036e+06 4.23525e+06 4.98382e+06 3.54968e+06 4.74912e+06 3.38709e+06
threshold=5259.6250000000009 3052.5000000000005 8411.0000000000018 4038.5000000000005 6724.6875000000009 1967.5000000000002 10048.312500000002 3.5000000000000004 47.500000000000007 0 4681.5000000000009 8.3500000000000014 1 2.6750000000000003 2 3 3086.5000000000005 7457.0000000000009 4515.5416666666679 11331.500000000002 39.500000000000007 4 0.23595118267385309 5 15.500000000000002 48.500000000000007 3397.4583333333335 2502.5000000000005 6 7 1.5000000000000002 18.500000000000004 47.500000000000007 8.5000000000000018 1081.3750000000002 6296.5000000000009 47.500000000000007 3569.5000000000005 7677.5833333333339 520.81458413191876 420.76062022718276 2247.5000000000005 13037.500000000002 10.500000000000002 8.1900000000000013 8595.0000000000018 0.18803860335249881 3675.5000000000005 4.6450000000000005 6169.5000000000009 7.455000000000001 5.245000000000001 502.19430273945625 47.500000000000007 8 47.500000000000007 4.5000000000000009 3.7800000000000007 0.15778968379031419 7.1350000000000007 4.2650000000000006 381.04133505689384
decision_type=2 2 2 2 2 2 2 2 2 1 2 2 1 2 1 1 2 2 2 2 2 1 2 1 2 2 2 2 1 1 2 2 2 2 2 2 2 2 2 2 2 2 2 2 2 2 2 2 2 2 2 2 2 2 1 2 2 2 2 2 2 2
left_child=1 5 4 15 9 34 7 -4 11 10 37 13 16 -8 21 26 -5 -9 28 39 45 -7 25 24 -11 -23 29 -17 31 30 -3 -14 33 -6 -1 52 -32 -2 -35 40 -15 -16 -21 -36 -39 -19 -47 -29 53 50 51 -50 -25 -12 55 56 -18 -57 -59 60 -24 -40
right_child=2 3 6 12 32 14 8 17 -10 23 48 -13 18 19 41 27 54 20 -20 42 -22 22 59 35 -26 -27 -28 47 -30 -31 36 -33 -34 38 43 -37 -38 44 61 -41 -42 -43 -44 -45 -46 46 -48 -49 49 -51 -52 -53 -54 -55 -56 57 -58 58 -60 -61 -62 -63
leaf_value=-28.049827912948672 -6.5224989572438332 7.1993702522243375 68.124764204025269 -7.6327892507276234 32.704413636201096 -11.642004232267249 31.641718337724086 8.1623921338249659 92.3961728182706 20.985736904576232 14.456703393306947 84.893914351924778 4.8546728363375609 44.00482246936896 -20.070826195589703 -22.616107377551852 15.712434007265628 45.614520610646998 2.3509534889622485 54.656197589635852 44.968597856505227 -10.535389670802722 -1.6186441175399289 4.7197915900154275 8.6426426261884188 5.6222374109079443 0.52615884198112928 -8.1322567585675518 -8.5234845099092897 -10.1629623315887 -9.2410247861285946 -4.3031218363888408 37.676704762351349 18.506107916019552 -21.077077428080813 10.615017114133346 3.0539031824082823 6.4164339862811337 32.530536716058855 41.863549288552861 74.274508593159339 -13.874658807841215 71.776977320437169 -15.543532867478664 22.849679242023107 26.483699507904056 48.202649761835737 -3.9562416867964019 51.921517173449196 17.175889725630523 18.256546982596902 30.241621112823488 -4.7804125039577485 24.369636317178717 4.0978555256758886 2.4959044431385244 3.6621240568732976 30.671913103321021 10.529405352686133 -4.7001101989012497 23.387253455726469 22.23024243567631
leaf_weight=233 55 166 48 124 147 948 76 34 33 158 266 31 324 39 375 63 156 47 1537 168 131 367 31 238 540 75 1100 1447 338 361 283 433 71 584 1842 212 131 157 128 172 31 1815 53 469 58 250 30 942 39 131 85 102 175 141 784 38 396 68 56 39 49 212
leaf_count=233 55 166 48 124 147 948 76 34 33 158 266 31 324 39 375 63 156 47 1537 168 131 367 31 238 540 75 1100 1447 338 361 283 433 71 584 1842 212 131 157 128 172 31 1815 53 469 58 250 30 942 39 131 85 102 175 141 784 38 396 68 56 39 49 212
internal_value=-0.155092 -7.3942 23.2215 -1.34847 15.9628 -15.8648 45.4422 36.3876 53.5509 12.1709 17.4013 51.302 2.19456 49.37 -12.5424 -4.70303 5.50169 33.2912 0.135089 52.28 35.1567 -9.00946 -4.4349 7.89189 11.2751 -7.79371 -2.0535 -6.87204 -2.97398 -5.09087 -1.7289 -0.378537 23.7889 22.8682 -20.6956 3.99547 -5.3506 7.31083 21.3033 46.3604 57.41 -14.8678 58.7621 -19.9541 10.8496 31.226 28.8107 -6.48562 21.1951 24.962 29.4752 36.2382 0.694281 17.8909 6.62565 9.21481 7.06765 17.0999 21.5753 7.66801 13.6975 26.108
internal_weight=19632 14990 4642 8747 3499 6243 1143 540 603 2357 1034 570 4254 539 3699 4493 1622 492 2632 463 458 1509 561 1323 698 442 2041 2452 1095 941 580 757 1142 1071 2544 625 414 270 924 242 70 2190 221 2311 215 327 280 2389 764 357 226 141 413 407 1498 714 552 162 124 119 80 340
internal_count=19632 14990 4642 8747 3499 6243 1143 540 603 2357 1034 570 4254 539 3699 4493 1622 492 2632 463 458 1509 561 1323 698 442 2041 2452 1095 941 580 757 1142 1071 2544 625 414 270 924 242 70 2190 221 2311 215 327 280 2389 764 357 226 141 413 407 1498 714 552 162 124 119 80 340
cat_boundaries=0 1 2 3 4 5 6 7 8 9
cat_threshold=9 9 9 9 1832 705 1984 2326 2130
is_linear=0
shrinkage=0.05


Tree=38
num_leaves=63
num_cat=1
split_feature=6 1 0 1 6 7 7 18 18 13 18 18 4 17 18 17 13 18 11 18 18 18 19 18 4 17 18 18 17 6 3 17 16 4 7 12 17 17 18 15 1 13 24 19 11 17 18 3 17 15 17 4 16 17 11 4 3 9 18 0 10 17
split_gain=1.20048e+09 3.26217e+08 2.13913e+08 4.78567e+07 4.47976e+07 3.02954e+07 2.24427e+07 1.91564e+07 1.90169e+07 1.33544e+07 1.28406e+07 1.10399e+07 1.31387e+07 1.02266e+07 1.0211e+07 1.17913e+07 1.01131e+07 9.22788e+06 9.07602e+06 8.62895e+06 8.53002e+06 8.93518e+06 8.35821e+06 9.06762e+06 1.11883e+07 8.26487e+06 1.10255e+07 8.0324e+06 7.09197e+06 7.04534e+06 7.0378e+06 6.92057e+06 6.3202e+06 6.2452e+06 5.98314e+06 6.52889e+06 5.90975e+06 5.74381e+06 8.59029e+06 5.92091e+06 5.50428e+06 5.49953e+06 8.19982e+06 5.08232e+06 5.0374e+06 5.45761e+06 5.03632e+06 5.01288e+06 4.94315e+06 5.78946e+06 4.76481e+06 4.48309e+06 5.05555e+06 5.99677e+06 4.75719e+06 4.44162e+06 4.42561e+06 4.38236e+06 4.25505e+06 4.21286e+06 4.06683e+06 3.92777e+06
threshold=5681.5000000000009 3251.5000000000005 8411.0000000000018 2180.5000000000005 4392.1250000000009 10048.312500000002 6724.6875000000009 3.5000000000000004 47.500000000000007 8.3500000000000014 46.500000000000007 4.5000000000000009 2580.5000000000005 1.7550000000000001 6.5000000000000009 3.5850000000000004 2.7950000000000004 42.500000000000007 927.54013843235236 39.500000000000007 2.5000000000000004 42.500000000000007 8.5000000000000018 5.5000000000000009 1895.5000000000002 1.7550000000000001 18.500000000000004 12.500000000000002 4.1850000000000014 1636.0000000000002 4845.5000000000009 1.0000000180025095e-35 4.9350000000000014 4545.5000000000009 11500.062500000002 3.2250000000000005 4.8550000000000013 2.4050000000000007 47.500000000000007 0.70006914303055012 5400.5000000000009 3.5050000000000003 0 3.5000000000000004 949.27018811116011 5.8700000000000001 18.500000000000004 2657.5000000000005 2.1950000000000007 0.1282251271331856 2.8150000000000004 3845.5000000000005 5.7700000000000005 4.1650000000000009 418.09784785107433 4003.5000000000005 8716.0000000000018 451.77750787591373 41.500000000000007 5351.5000000000009 261.25908980509286 3.7150000000000003
decision_type=2 2 2 2 2 2 2 2 2 2 2 2 2 2 2 2 2 2 2 2 2 2 2 2 2 2 2 2 2 2 2 2 2 2 2 2 2 2 2 2 2 2 1 2 2 2 2 2 2 2 2 2 2 2 2 2 2 2 2 2 2 2
left_child=1 3 6 29 11 7 20 -4 9 16 14 28 -13 -12 -6 27 -7 25 19 48 -2 40 23 -5 -25 26 -14 -16 -3 61 -29 46 -30 59 -18 -36 47 -19 -39 -40 -22 56 44 -27 45 57 -26 -24 -9 -50 -23 -42 53 -53 -54 -28 58 -43 -8 -17 -38 -1
right_child=2 4 5 22 10 8 41 18 -10 -11 13 12 17 -15 15 33 34 37 -20 -21 21 50 36 24 31 43 55 30 32 -31 -32 -33 -34 -35 35 -37 60 38 39 -41 51 42 -44 -45 -46 -47 -48 -49 49 -51 -52 52 54 -55 -56 -57 -58 -59 -60 -61 -62 -63
leaf_value=-21.828373288647441 31.957815706931939 -0.62569872759231915 64.718525501092287 -4.7461655830443767 10.628391638228988 32.462826498590339 15.049439363657815 44.918276524543764 87.776365441987025 80.649219131469735 5.6280126055626027 -15.727217229552892 2.4944628537309037 24.647178245808959 11.712740234860892 -11.531062966021 45.114165690706841 -1.5510566876709828 21.565873526907588 47.712301504828716 -2.2738634767532351 18.077558737556348 -11.988419040693687 -28.71022442265561 -4.5304253310487983 -14.748939767368336 -7.8367383707030802 -0.80451365398258856 31.870702135562897 -16.644006794436773 5.625159137529141 -15.271030057937677 7.724615123072418 1.3292512607303533 75.413066265065424 52.210751487066354 -5.5432568360458729 -2.1017048947383903 17.042157138025058 -4.1262872344110075 -4.95484445645259 31.355179521015714 10.306919702148438 -5.8845194659310414 44.488360154628758 48.082163976033534 -12.382121188118614 -5.6571202459079881 22.61109828235341 45.785556232567991 36.328443452444944 11.786756237962699 35.789485075193298 -2.4426861274533156 15.751970880109333 -2.2088340508035453 30.902503684072784 21.233551276903768 28.782347306338224 3.36366610850318 15.954179885170678 -7.2773014252384502
leaf_weight=1371 59 294 48 347 458 99 388 48 33 31 146 207 809 137 316 243 252 652 154 110 75 191 520 114 342 187 656 708 32 1834 1067 1065 177 330 38 150 44 173 170 41 39 203 115 1195 48 30 507 784 147 33 44 763 34 82 230 753 66 226 66 59 44 48
leaf_count=1371 59 294 48 347 458 99 388 48 33 31 146 207 809 137 316 243 252 652 154 110 75 191 520 114 342 187 656 708 32 1834 1067 1065 177 330 38 150 44 173 170 41 39 203 115 1195 48 30 507 784 147 33 44 763 34 82 230 753 66 226 66 59 44 48
internal_value=-0.148005 -6.20742 25.081 -14.2483 0.19971 43.1701 17.3051 34.5682 50.8734 48.7369 4.62901 -2.6703 -3.40256 14.8352 3.72101 2.55921 46.9015 -2.85226 31.6267 36.2106 13.3196 12.5653 -10.4119 -12.215 -13.493 -4.04894 -2.15786 4.36809 4.38005 -18.6908 3.06053 -12.5866 11.4216 -3.42554 50.1502 56.9006 -7.33555 1.30609 6.15728 12.9289 10.8496 22.5994 25.772 -7.08397 28.5141 27.4648 -9.21925 -8.18187 30.6615 26.8597 21.4947 11.7069 12.2929 10.4059 18.3326 -4.82906 18.8046 26.023 17.0459 -8.62117 5.20546 -21.3362
internal_weight=19632 15830 3802 7020 8810 1143 2659 540 603 570 3464 5346 4843 283 3181 2723 539 4636 492 338 1517 1458 3767 2375 2028 3600 2218 2091 503 3253 1775 1914 209 632 440 188 1392 1036 384 211 1223 1142 622 1382 507 459 849 1304 228 180 235 1148 1109 845 264 1409 520 429 454 302 88 1419
internal_count=19632 15830 3802 7020 8810 1143 2659 540 603 570 3464 5346 4843 283 3181 2723 539 4636 492 338 1517 1458 3767 2375 2028 3600 2218 2091 503 3253 1775 1914 209 632 440 188 1392 1036 384 211 1223 1142 622 1382 507 459 849 1304 228 180 235 1148 1109 845 264 1409 520 429 454 302 88 1419
cat_boundaries=0 1
cat_threshold=193
is_linear=0
shrinkage=0.05


Tree=39
num_leaves=63
num_cat=3
split_feature=8 0 5 1 24 5 5 1 15 15 4 15 17 18 17 15 16 17 17 4 13 1 4 18 18 13 16 13 3 18 27 24 19 18 8 18 13 16 10 8 19 14 4 9 16 11 17 18 17 15 18 8 17 1 6 15 18 16 15 18 17 4
split_gain=1.09616e+09 2.59882e+08 2.48765e+08 4.58473e+07 3.18449e+07 2.88557e+07 2.76267e+07 1.65937e+07 1.39884e+07 1.39874e+07 1.38367e+07 1.26551e+07 1.28589e+07 1.08651e+07 1.29426e+07 1.06125e+07 1.07285e+07 9.81623e+06 9.51043e+06 9.47641e+06 1.91698e+07 9.12265e+06 8.71111e+06 8.12074e+06 7.71237e+06 7.69478e+06 7.1737e+06 7.05953e+06 6.71378e+06 7.11544e+06 6.55502e+06 6.38529e+06 1.01078e+07 6.12369e+06 6.04034e+06 5.97864e+06 5.70486e+06 8.19053e+06 5.26486e+06 5.53419e+06 5.20836e+06 5.20158e+06 5.25367e+06 5.45062e+06 5.08985e+06 5.06383e+06 5.22265e+06 4.94663e+06 5.2587e+06 4.67599e+06 4.48325e+06 4.26261e+06 3.99918e+06 3.95039e+06 3.84999e+06 3.80977e+06 3.80444e+06 5.42226e+06 3.77317e+06 3.75037e+06 5.73942e+06 3.48413e+06
threshold=5330.7083333333348 2954.5000000000005 8547.0000000000018 3991.5000000000005 0 1808.5000000000002 11083.000000000002 7277.0000000000009 0.23595118267385309 0.30621050898552954 3104.5000000000005 0.30621050898552954 4.7250000000000005 47.500000000000007 1.7550000000000001 0.090570876768338207 8.1550000000000029 3.6450000000000005 4.245000000000001 8460.5000000000018 6.3750000000000009 12250.500000000002 10836.000000000002 17.500000000000004 4.5000000000000009 5.0550000000000006 4.2150000000000007 5.9650000000000007 3082.5000000000005 33.500000000000007 1 2 4.5000000000000009 37.500000000000007 2463.6666666666674 3.5000000000000004 4.6250000000000009 7.3150000000000004 452.66858502355007 5068.416666666667 11.500000000000002 2.3650000000000007 9320.0000000000018 490.90282468857987 5.3050000000000006 383.36486141549994 3.6350000000000002 16.500000000000004 1.9950000000000003 0.15571361637352107 5.5000000000000009 4059.7500000000005 5.6550000000000002 9220.0000000000018 1081.3750000000002 -0.015831246985518486 2.5000000000000004 5.1800000000000006 -0.13753363029133442 48.500000000000007 2.4050000000000007 1606.5000000000002
decision_type=2 2 2 2 1 2 2 2 2 2 2 2 2 2 2 2 2 2 2 2 2 2 2 2 2 2 2 2 2 2 1 1 2 2 2 2 2 2 2 2 2 2 2 2 2 2 2 2 2 2 2 2 2 2 2 2 2 2 2 2 2 2
left_child=1 5 4 11 7 54 19 17 10 24 -5 28 -13 27 -15 21 -17 23 -10 49 40 -8 -23 -2 -6 -20 41 38 35 31 45 58 -33 -25 -32 52 -14 -38 39 47 53 -9 43 55 -27 46 -7 48 51 -4 -47 -12 -3 -21 -1 -43 57 -48 -30 -56 -61 -58
right_child=2 3 6 8 9 30 15 26 18 -11 13 12 36 14 -16 16 -18 -19 25 20 -22 22 -24 33 -26 44 -28 -29 29 -31 34 32 -34 -35 -36 -37 37 -39 -40 -41 -42 42 -44 -45 -46 50 56 -49 -50 -51 -52 -53 -54 -55 59 -57 61 -59 -60 60 -62 -63
leaf_value=-25.316249061049078 21.565707874723845 -7.0784598753370096 22.677439101129519 -10.926749447001967 32.702453549702959 -10.007564176385019 42.932740905231107 5.6201365959353566 4.3057658999696979 38.93964126947764 -2.7905469155647387 -3.1658490353596296 1.3526971833459263 2.3214103432054873 25.920144303727387 85.165480253431539 48.261653087985138 38.918683049989788 3.5217785697052442 29.091072403215897 76.47111878266206 44.45076090494792 79.727444220724564 9.8099019207098035 7.00414759603742 41.309274774789813 34.666324889950637 6.4650006658268229 -16.012952334987055 -1.8096248410691751 -16.820356984524828 0.88461274199279749 -7.8930546299810587 17.657560685029793 -11.501910617644103 -11.209081560754635 29.959916844306054 1.5913295168625681 -2.7217150408762349 9.1644964954933741 56.833349070182216 32.668421206930105 35.810331722542095 16.509469802711042 19.098496417353925 -7.8624096386016369 22.5880348443985 -0.46340996012552504 -6.2321112917615231 41.349273359014632 -25.507141803559804 10.897127468286122 12.663009872643844 40.145996761904286 -19.086881443476937 18.312383312838417 -18.475630452897814 -3.8743804279638798 -8.0025852644995421 -18.549382201485013 1.6419824140113697 -3.2350556516713569
leaf_weight=228 392 58 117 215 30 1006 133 41 323 37 71 283 58 135 102 54 31 46 69 102 37 30 42 593 1089 32 164 583 202 1502 928 567 778 428 1257 688 77 38 911 229 39 136 81 223 133 63 32 1455 77 47 84 286 46 389 1759 70 45 49 540 92 57 225
leaf_count=228 392 58 117 215 30 1006 133 41 323 37 71 283 58 135 102 54 31 46 69 102 37 30 42 593 1089 32 164 583 202 1502 928 567 778 428 1257 688 77 38 911 229 39 136 81 223 133 63 32 1455 77 47 84 286 46 389 1759 70 45 49 540 92 57 225
internal_value=0.0611088 -6.24255 22.2029 -1.12571 15.5828 -14.5507 43.7942 19.1582 2.43591 8.61866 1.41747 -4.52828 3.39892 2.107 12.4778 56.8523 71.7064 16.1883 9.86672 38.6138 41.6755 50.6933 65.0288 15.4483 7.69311 17.5427 25.4863 1.42652 -5.35339 -4.43391 -11.8729 -6.32258 -4.16179 13.0996 -13.698 -9.52008 14.1378 20.5859 0.456752 1.82388 39.2464 22.754 24.1314 21.9263 23.406 -9.06992 -8.17533 0.933994 5.61884 28.0285 -17.9451 8.17493 1.65334 37.8495 -19.1755 27.7902 -2.92398 6.57991 -10.0479 -18.4417 -10.8252 -5.77515
internal_weight=19634 15283 4351 9458 3330 5825 1021 2174 4621 1156 4064 4837 456 3849 237 290 85 1459 557 731 567 205 72 1413 1119 234 715 3612 4381 3589 3689 2087 1345 1021 2185 792 173 115 3029 2118 530 551 510 429 165 1504 1357 1889 434 164 147 357 104 491 2136 206 351 81 742 1908 149 270
internal_count=19634 15283 4351 9458 3330 5825 1021 2174 4621 1156 4064 4837 456 3849 237 290 85 1459 557 731 567 205 72 1413 1119 234 715 3612 4381 3589 3689 2087 1345 1021 2185 792 173 115 3029 2118 530 551 510 429 165 1504 1357 1889 434 164 147 357 104 491 2136 206 351 81 742 1908 149 270
cat_boundaries=0 1 2 3
cat_threshold=193 9 30
is_linear=0
shrinkage=0.05


Tree=40
num_leaves=63
num_cat=3
split_feature=7 0 0 7 1 0 24 19 19 15 19 17 17 13 4 24 15 8 12 19 10 19 17 16 17 19 17 13 8 13 13 19 4 17 16 13 19 13 12 19 15 9 4 3 19 19 12 13 12 12 3 8 11 10 11 8 0 22 10 4 1 27
split_gain=9.93059e+08 2.47513e+08 2.06766e+08 4.74793e+07 2.89553e+07 2.62868e+07 1.91463e+07 1.89776e+07 1.50429e+07 1.33696e+07 1.28972e+07 1.31004e+07 1.22333e+07 1.03118e+07 9.92388e+06 9.90337e+06 9.86254e+06 9.48207e+06 1.57293e+07 9.07946e+06 8.97569e+06 8.48349e+06 1.22132e+07 8.44681e+06 8.14876e+06 7.78406e+06 9.62453e+06 7.66478e+06 7.49155e+06 7.24934e+06 6.8904e+06 6.62844e+06 6.60655e+06 6.12857e+06 7.14473e+06 5.80431e+06 5.84712e+06 6.84284e+06 6.4199e+06 5.80046e+06 6.16437e+06 5.62322e+06 5.59351e+06 5.58686e+06 5.57873e+06 5.32564e+06 5.08541e+06 5.00804e+06 6.14972e+06 4.97543e+06 5.05582e+06 4.78851e+06 4.66096e+06 4.52025e+06 4.54905e+06 4.46917e+06 4.41559e+06 4.29697e+06 4.26182e+06 5.91963e+06 7.07428e+06 4.15199e+06
threshold=5518.5625000000009 2954.5000000000005 8411.0000000000018 4055.5625000000005 10676.500000000002 1939.5000000000002 0 11.500000000000002 1.5000000000000002 0.21795627408990406 8.5000000000000018 1.0000000180025095e-35 1.8500000000000003 2.8050000000000002 8680.5000000000018 1 0.30621050898552954 10250.04166666667 6.8850000000000007 1.5000000000000002 452.66858502355007 4.5000000000000009 1.0000000180025095e-35 5.5500000000000007 4.7250000000000005 4.5000000000000009 1.9700000000000002 4.0750000000000011 6097.166666666667 4.3250000000000011 8.9250000000000025 7.5000000000000009 8893.0000000000018 4.1950000000000012 6.455000000000001 4.4850000000000012 8.5000000000000018 3.5350000000000006 2.4550000000000005 8.5000000000000018 0.37509228813874651 552.20277854349843 3004.5000000000005 4815.5000000000009 3.5000000000000004 11.500000000000002 7.2650000000000006 6.8350000000000009 6.0150000000000015 6.3750000000000009 4677.5000000000009 3779.2500000000005 927.54013843235236 456.4531543285903 949.27018811116011 11126.583333333334 8595.0000000000018 15.350000000000001 954.68496444119216 10836.000000000002 11726.000000000002 2
decision_type=2 2 2 2 2 2 1 2 2 2 2 2 2 2 2 1 2 2 2 2 2 2 2 2 2 2 2 2 2 2 2 2 2 2 2 2 2 2 2 2 2 2 2 2 2 2 2 2 2 2 2 2 2 2 2 2 2 2 2 2 2 1
left_child=1 5 6 8 9 61 21 19 15 14 11 29 -9 -6 56 23 -8 -15 58 33 25 28 41 -3 51 26 -21 45 -2 -10 42 -27 -11 -5 -35 36 38 -38 -16 40 57 -23 -22 -33 46 -24 -13 48 -26 50 -14 -12 -32 -30 -55 -40 -4 -7 59 -19 -61 -1
right_child=2 3 4 7 13 39 16 12 10 32 24 44 49 17 35 -17 -18 18 -20 20 30 22 27 -25 47 31 -28 -29 53 -31 52 43 -34 34 -36 -37 37 -39 55 -41 -42 -43 -44 -45 -46 -47 -48 -49 -50 -51 -52 -53 -54 54 -56 -57 -58 -59 -60 60 -62 -63
leaf_value=-14.584539431426132 13.507688798149182 28.480393699499281 39.36109588965774 3.7789807023680106 30.926231925240877 -7.0259699023905258 7.8792717602713909 5.3748407308213011 -6.5577735564853485 39.998748803777353 -4.3735703754057544 -21.036373133842762 21.509332173769593 33.885797706017129 49.282143571036208 -2.8289963668309728 33.878234978726034 42.10388491013471 87.550034352895381 10.662369214740648 -17.928091456597311 14.755975859268354 18.559626842630298 6.1393240247528986 18.189277656078339 -1.5961682536106234 -3.4907473317988504 45.225415766940401 32.957434293856991 1.3409767540613018 24.942431951180485 1.4345182690072189 66.23198120934623 34.555701418620785 10.572379533201456 56.516718359916446 34.745483772259838 57.66639626685609 23.353148991535321 -8.2475133524449014 -0.607230812253304 5.8298663823585208 -1.9444321164123293 9.6972725692002673 -9.2610279214117952 36.965402810681951 -7.5654263703525064 26.511651006426135 -8.8989654400131926 10.553534353347054 43.601963229709206 1.6927882767971174 -0.0066549175315433091 20.387342345361358 40.610578564674626 44.134413097699486 19.133678191137871 -13.996155214308866 47.200360973396442 55.288523925925205 84.509402196547569 -19.866381255318629
leaf_weight=1020 161 52 32 224 58 252 910 167 1054 56 1336 234 61 52 35 315 38 34 37 546 57 624 368 227 40 933 154 34 156 401 39 561 42 41 128 31 106 47 188 1235 103 246 1378 322 767 44 100 35 44 42 45 430 36 270 31 30 172 1804 151 53 34 1411
leaf_count=1020 161 52 32 224 58 252 910 167 1054 56 1336 234 61 52 35 315 38 34 37 546 57 624 368 227 40 933 154 34 156 401 39 561 42 41 128 31 106 47 188 1235 103 246 1378 322 767 44 100 35 44 42 45 430 36 270 31 30 172 1804 151 53 34 1411
internal_value=0.0580534 -5.66549 22.1504 -0.801273 39.9952 -13.8232 14.9802 2.79359 -4.18123 34.0418 -5.18075 -7.49469 14.6508 50.4953 31.4122 3.29155 8.8283 53.6394 56.9636 1.94837 1.24027 17.8578 15.6808 9.94674 -2.04311 3.06921 7.54868 22.4083 22.7825 -4.38087 -1.80716 1.34254 51.2416 9.20239 16.3908 35.6628 34.0705 41.7865 29.4043 -10.9805 -12.5438 12.232 -2.57932 4.44766 -11.6097 20.5253 -17.0032 10.6212 4.0002 25.1176 30.8883 -2.89648 12.9669 26.05 22.4701 26.213 22.3066 -13.1418 52.8029 59.7946 66.7082 -17.7919
internal_weight=19634 15594 4040 9769 1158 5825 2882 4734 5035 739 4441 2556 315 419 641 594 948 361 309 4419 4026 1934 1316 279 1885 2516 700 446 618 1455 1510 1816 98 393 169 437 406 153 253 3394 2159 870 1435 883 1101 412 334 119 84 148 106 1766 75 457 301 218 204 2056 272 121 87 2431
internal_count=19634 15594 4040 9769 1158 5825 2882 4734 5035 739 4441 2556 315 419 641 594 948 361 309 4419 4026 1934 1316 279 1885 2516 700 446 618 1455 1510 1816 98 393 169 437 406 153 253 3394 2159 870 1435 883 1101 412 334 119 84 148 106 1766 75 457 301 218 204 2056 272 121 87 2431
cat_boundaries=0 1 2 3
cat_threshold=193 2070 9
is_linear=0
shrinkage=0.05


Tree=41
num_leaves=63
num_cat=9
split_feature=7 6 5 7 5 5 6 27 18 18 18 24 24 4 24 27 15 9 4 1 18 15 1 4 13 13 18 4 9 10 18 7 12 24 18 7 9 24 7 18 4 10 4 9 15 11 18 15 18 25 6 18 27 11 12 10 9 4 15 4 15 0
split_gain=8.96317e+08 2.23782e+08 1.87365e+08 4.44168e+07 2.28882e+07 2.26903e+07 2.15262e+07 1.67383e+07 1.3858e+07 1.16267e+07 1.05791e+07 1.00947e+07 1.00149e+07 9.98997e+06 9.96921e+06 9.93026e+06 9.12743e+06 9.49446e+06 8.22671e+06 8.0933e+06 9.27099e+06 7.68585e+06 7.66511e+06 7.60812e+06 7.2027e+06 7.17752e+06 6.67994e+06 6.17705e+06 5.88457e+06 5.81865e+06 5.73377e+06 6.88105e+06 9.04202e+06 5.54825e+06 5.26442e+06 5.13232e+06 4.66597e+06 4.62685e+06 4.5518e+06 4.77248e+06 4.29578e+06 4.28917e+06 4.22116e+06 4.92185e+06 4.209e+06 4.17575e+06 4.15447e+06 4.04187e+06 3.88513e+06 3.75481e+06 3.6415e+06 4.90898e+06 3.63914e+06 4.46171e+06 5.96075e+06 3.58749e+06 4.35232e+06 3.58555e+06 3.52485e+06 3.47752e+06 3.46679e+06 3.46002e+06
threshold=5518.5625000000009 2932.0000000000005 8547.0000000000018 4055.5625000000005 11083.000000000002 1808.5000000000002 7206.6250000000009 0 4.5000000000000009 47.500000000000007 3.5000000000000004 1 2 4681.5000000000009 3 4 0.090570876768338207 635.18209163751851 5712.5000000000009 9013.0000000000018 4.5000000000000009 -0.12444387743893208 12250.500000000002 10836.000000000002 3.4750000000000005 4.0250000000000012 36.500000000000007 3359.5000000000005 806.69177793695769 514.34451157256478 38.500000000000007 11500.062500000002 2.4850000000000008 5 17.500000000000004 5371.3125000000009 159.29636949200491 6 4734.4375000000009 15.500000000000002 5251.5000000000009 1221.6073574257323 6414.5000000000009 502.19430273945625 0.64205929335021095 1048.2668171720497 15.500000000000002 0.39264356099218495 40.500000000000007 7 9132.1250000000018 36.500000000000007 8 624.58429588178456 9.3850000000000016 766.3146265286108 653.93994752403705 9320.0000000000018 0.090570876768338207 3328.5000000000005 -0.058284974779040842 1079.5000000000002
decision_type=2 2 2 2 2 2 2 1 2 2 2 1 1 2 1 1 2 2 2 2 2 2 2 2 2 2 2 2 2 2 2 2 2 1 2 2 2 1 2 2 2 2 2 2 2 2 2 2 2 1 2 2 1 2 2 2 2 2 2 2 2 2
left_child=1 5 6 8 19 61 15 13 12 14 36 49 44 27 21 18 22 -18 47 50 -21 46 -6 -24 28 -16 37 -5 48 38 31 32 -22 34 -17 -15 -7 -12 -9 -40 -37 55 43 -35 59 58 -10 -2 -8 -11 51 -4 53 -29 -55 -34 -57 -32 -26 -3 -51 -1
right_child=2 3 4 7 16 10 24 29 9 11 26 -13 -14 35 25 33 17 -19 -20 20 30 -23 23 -25 45 -27 -28 52 -30 -31 57 -33 41 42 -36 40 -38 -39 39 -41 -42 -43 -44 -45 -46 -47 -48 -49 -50 60 -52 -53 -54 54 -56 56 -58 -59 -60 -61 -62 -63
leaf_value=-23.213584381289188 9.2635317112975475 4.384609746913247 23.780429235329997 -6.2135472947817583 38.618730574622191 -12.251853408947797 17.184032359980218 -0.012502140731647097 -19.032345406017896 13.927819791147787 -9.002481873271158 -4.3123236792600332 -2.9847078229759783 10.43049507934748 -5.6232556127590945 19.503594468235971 44.24306309439919 78.532160172095672 21.84435492165175 59.753486113114789 54.547407890088635 -7.0231123877474522 39.641678047180179 72.609462352026071 25.993213770093412 0.3553291505954651 -8.7144818893835136 9.2502844195825329 4.5760666167590678 -3.2710060499719718 32.570795058041085 47.483382430221099 24.240809393560653 7.5713044036852644 10.188964181455077 39.303571872711188 2.7084142536076965 -14.963512690907269 12.835525271377049 2.8711981755140616 13.993510378661909 10.238288206913893 11.442993305686494 -3.623804542094986 27.456648187076343 15.997253309867601 -7.4085867917426285 24.759542458398002 33.478379425135522 16.1831476777792 10.598347125333898 46.738794123331708 0.14533480348536129 -2.1657532249178209 21.766640879313154 49.242197542227807 28.153538149500651 50.379073758570705 39.206083344618484 18.291994728147984 -2.7956185773475886 -16.670971915695667
leaf_weight=226 298 151 104 130 133 71 217 1392 273 145 588 330 274 454 2277 200 33 52 422 44 33 746 30 42 318 644 1235 602 82 804 41 66 151 227 628 30 196 1461 148 639 38 34 213 173 34 88 107 49 44 32 34 30 271 196 30 40 63 91 60 64 97 1909
leaf_count=226 298 151 104 130 133 71 217 1392 273 145 588 330 274 454 2277 200 33 52 422 44 33 746 30 42 318 644 1235 602 82 804 41 66 151 227 628 30 196 1461 148 639 38 34 213 173 34 88 107 49 44 32 34 30 271 196 30 40 63 91 60 64 97 1909
internal_value=0.0542013 -5.38341 21.0429 -0.845937 39.5586 -13.2901 14.781 2.65391 -4.04816 -4.91589 -10.841 1.55515 3.66851 6.51707 -5.88167 12.2265 51.4442 65.2199 16.9346 34.8434 37.7173 -9.88362 45.7324 58.8729 21.7592 -4.29045 -11.6191 4.09297 16.2601 0.363201 35.8491 32.7798 29.7567 9.53033 12.2904 12.3492 -1.26978 -13.3698 1.70581 4.74505 25.1597 26.9161 5.66473 2.72942 10.6807 25.8068 -15.7593 11.4517 19.931 8.47006 25.2123 28.9204 5.31212 6.91788 1.01111 29.1485 36.3433 44.8477 28.0905 8.52448 1.77472 -17.3635
internal_weight=19634 15594 4040 9908 1021 5686 3019 4734 5174 4651 3551 604 523 1751 4047 2210 290 85 769 731 563 1126 205 72 809 2921 3284 1229 343 2983 519 387 321 1441 828 522 267 2049 2179 787 68 288 613 400 249 466 380 347 261 274 168 134 1099 828 226 254 103 132 378 215 129 2135
internal_count=19634 15594 4040 9908 1021 5686 3019 4734 5174 4651 3551 604 523 1751 4047 2210 290 85 769 731 563 1126 205 72 809 2921 3284 1229 343 2983 519 387 321 1441 828 522 267 2049 2179 787 68 288 613 400 249 466 380 347 261 274 168 134 1099 828 226 254 103 132 378 215 129 2135
cat_boundaries=0 1 2 3 4 5 6 7 8 9
cat_threshold=9 2070 2070 28 9 705 1792 28 8
is_linear=0
shrinkage=0.05


Tree=42
num_leaves=63
num_cat=7
split_feature=8 7 8 24 8 18 18 7 27 27 27 27 24 24 17 9 4 1 7 11 15 4 7 19 16 18 18 18 17 8 9 11 17 18 17 16 18 4 11 13 12 18 15 17 18 17 18 15 18 18 6 11 18 16 10 12 13 18 8 15 8 11
split_gain=8.04885e+08 2.43616e+08 1.30612e+08 4.37703e+07 3.44428e+07 3.04552e+07 1.91877e+07 2.44902e+07 1.86196e+07 1.71964e+07 1.66737e+07 1.42325e+07 1.17467e+07 1.02611e+07 8.89418e+06 8.69168e+06 8.34735e+06 8.27905e+06 8.13976e+06 7.21457e+06 7.04382e+06 6.47924e+06 6.35556e+06 6.18518e+06 6.15435e+06 5.71674e+06 5.25012e+06 6.11282e+06 6.84067e+06 5.06554e+06 4.80916e+06 4.7728e+06 5.757e+06 1.05403e+07 4.69233e+06 4.68076e+06 4.58414e+06 4.57985e+06 4.54731e+06 4.3531e+06 6.72769e+06 4.28127e+06 4.5112e+06 4.25935e+06 5.72314e+06 4.01594e+06 3.94544e+06 3.84229e+06 4.45773e+06 3.82671e+06 3.82129e+06 3.63376e+06 3.74429e+06 5.80219e+06 3.86915e+06 3.54284e+06 3.4514e+06 3.3929e+06 3.33923e+06 3.31156e+06 4.40056e+06 4.16962e+06
threshold=5893.0833333333348 3480.3125000000005 8797.7500000000018 0 4706.5833333333348 2.5000000000000004 47.500000000000007 11500.062500000002 1 2 3 4 5 6 1.8500000000000003 682.92687436130893 5712.5000000000009 13053.500000000002 7345.3125000000009 635.45414430177914 -0.18404723996219846 3062.5000000000005 2516.3750000000005 3.5000000000000004 3.2350000000000008 15.500000000000002 5.5000000000000009 47.500000000000007 1.8500000000000003 6043.8750000000009 502.19430273945625 697.31855998651974 2.6850000000000005 3.5000000000000004 8.1900000000000013 7.1700000000000008 35.500000000000007 1871.5000000000002 370.55997244521581 4.9650000000000007 3.9650000000000003 48.500000000000007 0.51231889937473574 4.7150000000000007 3.5000000000000004 3.9350000000000005 17.500000000000004 0.063707400925954602 47.500000000000007 13.500000000000002 6000.8750000000009 495.35822309333207 7.5000000000000009 8.7450000000000028 1221.6073574257323 8.8400000000000016 3.3050000000000002 42.500000000000007 2248.5416666666674 0.015157432828277053 7977.7500000000009 582.81787696184733
decision_type=2 2 2 1 2 2 2 2 1 1 1 1 1 1 2 2 2 2 2 2 2 2 2 2 2 2 2 2 2 2 2 2 2 2 2 2 2 2 2 2 2 2 2 2 2 2 2 2 2 2 2 2 2 2 2 2 2 2 2 2 2 2
left_child=1 3 9 26 8 -4 7 51 13 16 31 12 20 19 23 -8 29 49 45 39 -5 -15 -13 -10 -18 -16 -1 37 -29 -2 59 32 -6 -34 -33 56 -24 -28 -26 40 -3 -35 -43 47 -45 46 50 48 -40 -9 -11 -7 53 -53 -54 -21 -22 -25 -14 60 -20 -62
right_child=2 4 5 11 10 6 15 17 14 18 -12 22 58 21 25 -17 24 -19 30 55 35 -23 36 57 38 -27 27 28 -30 -31 -32 34 33 41 -36 -37 -38 -39 43 -41 -42 42 -44 44 -46 -47 -48 -49 -50 -51 -52 52 54 -55 -56 -57 -58 -59 -60 -61 61 -63
leaf_value=-9.4853821705784309 24.684157747483773 21.510733150186784 86.089004442768726 -17.285218776762488 10.038486886653921 43.999903375674521 42.743371342250278 51.877223708412863 5.5675160761239262 3.1846941210991808 3.0571195185878555 -12.662507698395943 -13.645653023529054 -8.4010905638438498 -11.400094077550449 77.501238508482245 16.110969675945331 64.727735144631907 19.705702021718025 -4.7752761166720168 0.37773225572374136 2.7939771988932218 -9.851340997528375 -2.5919804546245317 44.075440155832396 -3.9978027000651046 -18.541079951664557 -17.15082243194043 -1.9123866403804106 4.3629401813382689 12.702836769683177 1.0004108218476178 39.455995185558614 9.7390850709279384 18.726617093880972 -2.4111951499149722 -5.4580692565477307 -14.259654136724109 23.514149464761591 22.937085314454706 0.057461104815519304 37.654933850204245 11.053460251490275 48.739202956926256 26.678793141306667 1.5625662490725518 9.3055212385720303 14.899049041803602 43.567201649781431 36.270252292672382 19.175877405513415 51.808163766860957 28.467888749582261 23.932016279356823 16.079918826619785 13.154260324850316 14.973950353375187 2.7843205862999643 -4.8342758990575954 14.213384527281711 46.873545529842374 23.057775968663833
leaf_weight=338 46 68 31 32 464 39 35 66 338 45 1729 1039 125 147 325 37 158 57 96 84 54 1070 1402 1790 38 1321 1573 142 153 92 219 168 52 150 48 87 1030 1036 173 116 79 34 30 42 98 120 706 103 33 97 220 40 506 35 72 41 162 351 769 76 40 34
leaf_count=338 46 68 31 32 464 39 35 66 338 45 1729 1039 125 147 325 37 158 57 96 84 54 1070 1402 1790 38 1321 1573 142 153 92 219 168 52 150 48 87 1030 1036 173 116 79 34 30 42 98 120 706 103 33 97 220 40 506 35 72 41 162 351 769 76 40 34
internal_value=0.00310851 -4.57468 22.3147 -10.8539 1.35868 37.293 35.7557 33.7939 -0.828253 15.8149 6.04321 -7.71332 -3.01855 3.72803 -2.60379 60.6051 22.0165 48.3254 12.4725 10.719 4.87906 1.42999 -9.36218 -0.718244 24.6856 -5.45937 -15.3359 -16.0696 -9.2475 11.1367 18.092 11.3486 13.4004 19.2648 4.93957 7.38087 -7.9907 -16.841 27.4676 15.6957 9.98142 14.3586 25.1855 26.062 33.2969 10.1918 11.2582 22.784 26.7265 42.5896 16.4604 29.1741 28.2886 38.7993 26.9248 1.10561 11.3249 -1.71058 -5.99919 22.8897 26.7686 35.9312
internal_weight=19701 16347 3354 7942 8405 1015 984 912 5730 2339 2675 4700 1229 1605 4125 72 783 220 1556 388 335 1217 3471 2479 645 1646 3242 2904 295 138 465 946 730 266 216 303 2432 2609 487 263 147 214 64 449 140 1091 971 309 206 163 265 692 653 75 578 125 216 2141 894 246 170 74
internal_count=19701 16347 3354 7942 8405 1015 984 912 5730 2339 2675 4700 1229 1605 4125 72 783 220 1556 388 335 1217 3471 2479 645 1646 3242 2904 295 138 465 946 730 266 216 303 2432 2609 487 263 147 214 64 449 140 1091 971 309 206 163 265 692 653 75 578 125 216 2141 894 246 170 74
cat_boundaries=0 1 2 3 4 5 6 7
cat_threshold=40 8 9 9 8 2066 2050
is_linear=0
shrinkage=0.05


Tree=43
num_leaves=63
num_cat=1
split_feature=0 6 7 7 18 6 1 18 7 18 17 27 2 9 1 18 15 17 18 18 17 18 17 22 18 0 18 17 17 9 7 11 11 11 11 16 11 13 11 18 17 5 11 17 18 3 11 18 7 17 15 12 11 15 17 18 2 22 18 0 16 1
split_gain=7.29348e+08 1.73283e+08 1.67547e+08 2.76121e+07 2.73963e+07 2.47868e+07 2.32323e+07 1.75513e+07 2.085e+07 1.24103e+07 1.30225e+07 1.04377e+07 9.88675e+06 9.10138e+06 7.67519e+06 7.62664e+06 6.948e+06 7.11869e+06 6.66369e+06 7.17526e+06 8.19414e+06 6.5423e+06 8.76454e+06 6.05189e+06 6.61615e+06 6.00555e+06 5.84287e+06 8.65509e+06 5.72337e+06 5.62667e+06 5.49341e+06 5.28313e+06 5.25929e+06 5.07087e+06 5.06779e+06 4.90763e+06 4.88851e+06 4.67524e+06 4.51289e+06 4.399e+06 5.89504e+06 4.1859e+06 4.17442e+06 4.13938e+06 4.11068e+06 4.03197e+06 3.94534e+06 4.58982e+06 3.86563e+06 3.81313e+06 6.91912e+06 3.88505e+06 3.76893e+06 3.74379e+06 3.98696e+06 4.69679e+06 3.68529e+06 3.33841e+06 3.26739e+06 3.23381e+06 3.04662e+06 2.99193e+06
threshold=5315.0000000000009 3118.1250000000005 9076.0000000000018 6342.5000000000009 2.5000000000000004 4023.0000000000005 2012.5000000000002 47.500000000000007 11500.062500000002 3.5000000000000004 4.2150000000000007 0 9853.5000000000018 447.93554223237965 12250.500000000002 42.500000000000007 0.26493455861876919 4.6250000000000009 2.5000000000000004 46.500000000000007 2.4050000000000007 18.500000000000004 3.1950000000000007 15.350000000000001 12.500000000000002 8261.5000000000018 48.500000000000007 2.4450000000000007 5.7900000000000009 694.32472310472406 4734.4375000000009 927.54013843235236 1358.4649075703492 904.85721432381922 495.35822309333207 5.3050000000000006 613.37740792988131 9.1650000000000009 531.22112040396325 47.500000000000007 1.8500000000000003 11475.500000000002 1454.1591851786363 8.8400000000000016 35.500000000000007 6977.5000000000009 629.67722300029493 32.500000000000007 2729.1250000000005 1.7550000000000001 -0.15701273539950222 9.7550000000000008 677.11457188318002 0.20007022368813673 3.9350000000000005 10.500000000000002 4607.5000000000009 35.125000000000007 15.500000000000002 6356.5000000000009 6.5700000000000012 1547.5000000000002
decision_type=2 2 2 2 2 2 2 2 2 2 2 1 2 2 2 2 2 2 2 2 2 2 2 2 2 2 2 2 2 2 2 2 2 2 2 2 2 2 2 2 2 2 2 2 2 2 2 2 2 2 2 2 2 2 2 2 2 2 2 2 2 2
left_child=1 6 3 9 -4 18 39 8 34 10 -2 25 -9 53 32 23 26 -18 28 49 -21 22 -13 24 38 29 48 -28 -3 33 -26 -27 -10 -5 -6 -19 -12 44 -7 61 -41 -16 -43 -40 -15 -23 47 -36 -8 58 -51 -52 -25 54 55 -11 -17 -37 -20 -47 -39 -1
right_child=2 5 4 11 7 15 16 12 14 13 36 21 -14 37 41 56 17 35 19 20 -22 45 -24 52 30 31 27 -29 -30 -31 -32 -33 -34 -35 46 57 -38 60 43 40 -42 42 -44 -45 -46 59 -48 -49 -50 50 51 -53 -54 -55 -56 -57 -58 -59 -60 -61 -62 -63
leaf_value=-17.83586635215271 5.6639800942396823 0.11927679450544593 83.162581812540694 24.736846526159539 46.250290486547684 8.6403916918787491 -11.650846613817301 40.539755003792898 44.847101378786391 20.406725669374655 42.623204275539948 23.963880588999849 78.686748019131755 -0.68659357133437882 40.23597920735677 3.8951773849415021 -9.2308841913495918 18.268093421611379 -0.07449087681795466 -3.7554763331964027 8.423947372356384 5.2092483530945497 9.332696453088559 -0.6241720081105524 -1.6613959440515367 37.718191268309106 -12.058310447739704 10.572492825003231 18.685375699606436 9.5752855752954389 3.3354538347472009 18.384110701758907 22.059822729825974 3.8986342459917069 4.9204879641532902 10.063450414657593 20.352296187660912 23.789028502702713 -0.6766546241354211 -16.213839496497986 -2.1909543429335505 71.914938154885931 48.658284749984745 18.823798017501833 8.3471636306115258 25.047448715173974 28.53601925909447 28.880584166600155 -8.083484873932937 -13.240387332532556 -5.348732885436851 12.312967253476382 -8.4652012817260935 18.904540540370267 -0.37645466109970588 8.8012360510031389 11.718816650721182 -5.957245813774807 -4.5480450673508681 11.986671195644886 6.0330300362383733 -14.262128459784259
leaf_weight=1035 79 146 30 333 36 527 1891 35 69 102 56 281 33 512 33 376 202 47 569 329 238 217 161 490 1215 106 84 85 58 101 1005 53 40 32 41 50 44 40 293 154 146 43 35 30 167 53 515 39 1269 312 1154 32 223 113 96 600 251 93 1444 448 61 1349
leaf_count=1035 79 146 30 333 36 527 1891 35 69 102 56 281 33 512 33 376 202 47 569 329 238 217 161 490 1215 106 84 85 58 101 1005 53 40 32 41 50 44 40 293 154 146 43 35 30 167 53 515 39 1269 312 1154 32 223 113 96 600 251 93 1444 448 61 1349
internal_value=0.00303067 -5.30967 17.4239 12.5637 36.1429 -0.711317 -11.5499 34.608 32.6547 8.31774 20.8372 17.0118 59.0523 6.9925 45.9091 1.91971 -8.99243 -2.69615 -3.42099 -3.86215 1.35687 13.7302 18.6344 1.07319 2.03696 22.5224 -9.73383 -0.675954 5.39787 20.0198 0.600691 31.2735 36.4848 22.9099 28.0335 4.25131 32.824 3.02823 5.78817 -15.0956 -9.38937 55.1637 61.4793 1.13453 1.53526 10.9024 26.9313 16.601 -10.2183 -4.70498 -6.6151 -4.87219 -3.07656 10.3867 9.18056 10.4875 7.02713 -0.355604 -3.28354 13.3684 13.0651 -15.8136
internal_weight=19701 15097 4604 3655 949 8692 6405 919 851 1870 179 1785 68 1691 220 4410 3721 392 4282 4078 567 1160 442 3783 3070 625 3329 169 204 466 2220 159 109 365 631 190 100 780 850 2684 300 111 78 323 679 718 595 80 3160 3511 1498 1186 713 911 798 702 627 143 2013 501 101 2384
internal_count=19701 15097 4604 3655 949 8692 6405 919 851 1870 179 1785 68 1691 220 4410 3721 392 4282 4078 567 1160 442 3783 3070 625 3329 169 204 466 2220 159 109 365 631 190 100 780 850 2684 300 111 78 323 679 718 595 80 3160 3511 1498 1186 713 911 798 702 627 143 2013 501 101 2384
cat_boundaries=0 1
cat_threshold=9
is_linear=0
shrinkage=0.05


Tree=44
num_leaves=63
num_cat=9
split_feature=8 8 8 18 24 1 8 2 17 16 27 18 18 27 27 8 27 24 15 17 11 17 15 16 15 1 5 10 8 9 9 18 18 18 17 17 18 15 1 9 10 24 18 0 17 18 18 11 17 8 17 17 27 18 8 25 17 17 16 2 8 9
split_gain=6.59e+08 1.63292e+08 1.45646e+08 2.48111e+07 2.47809e+07 2.39409e+07 2.22171e+07 1.57227e+07 1.1508e+07 1.13739e+07 1.07381e+07 1.05475e+07 1.05197e+07 1.0156e+07 9.59327e+06 9.19121e+06 8.79959e+06 1.06229e+07 8.39402e+06 8.53692e+06 6.09154e+06 6.34198e+06 5.72834e+06 5.3116e+06 5.26913e+06 5.1642e+06 6.01676e+06 5.12825e+06 5.10381e+06 5.02237e+06 4.9399e+06 4.80608e+06 4.78158e+06 5.31888e+06 5.23333e+06 4.65926e+06 5.17283e+06 4.54864e+06 4.52192e+06 5.02451e+06 4.51349e+06 4.49367e+06 7.86809e+06 4.45516e+06 3.99108e+06 6.66832e+06 3.90889e+06 3.82032e+06 4.74654e+06 3.72555e+06 3.57071e+06 3.54551e+06 3.45233e+06 3.37513e+06 3.36371e+06 3.28353e+06 3.25554e+06 3.14956e+06 5.42629e+06 3.12248e+06 3.1092e+06 3.06215e+06
threshold=5330.7083333333348 3180.4583333333335 8797.7500000000018 2.5000000000000004 0 4167.5000000000009 6577.9166666666679 11318.500000000002 4.6250000000000009 5.6500000000000012 1 39.500000000000007 4.5000000000000009 2 3 9798.1666666666697 4 5 -0.071600712036151246 3.1550000000000007 750.30508228010581 7.3000000000000007 0.23595118267385309 5.245000000000001 -0.010349305806591243 10676.500000000002 9647.5000000000018 700.91566715217107 4314.3333333333348 311.95873106202072 205.55929800076225 33.500000000000007 5.5000000000000009 44.500000000000007 1.0000000180025095e-35 4.9350000000000014 2.5000000000000004 0.030757564307361967 7454.5000000000009 396.32199541265214 954.68496444119216 6 14.500000000000002 11009.000000000002 1.7550000000000001 17.500000000000004 13.500000000000002 684.00041807237665 8.7150000000000016 2463.6666666666674 4.6250000000000009 2.3550000000000004 7 7.5000000000000009 4624.8333333333348 8 3.0650000000000004 3.5250000000000004 4.0650000000000004 5888.5000000000009 3728.6666666666674 788.39282713281102
decision_type=2 2 2 2 1 2 2 2 2 2 1 2 2 1 1 2 1 1 2 2 2 2 2 2 2 2 2 2 2 2 2 2 2 2 2 2 2 2 2 2 2 1 2 2 2 2 2 2 2 2 2 2 1 2 2 1 2 2 2 2 2 2
left_child=1 4 6 -4 32 16 10 11 49 18 47 25 23 -8 20 37 17 -3 19 -9 28 53 -14 -10 38 43 -27 -28 -7 56 -24 44 -1 55 -35 -30 -37 -13 61 -40 -29 42 54 51 45 -18 -46 50 -49 -6 -2 -5 -51 -22 -16 -34 59 58 -41 -12 -33 -15
right_child=2 5 3 7 8 14 13 9 12 -11 29 15 22 24 41 -17 31 -19 -20 -21 21 -23 30 -25 -26 26 27 40 35 -31 -32 60 33 34 -36 36 -38 -39 39 57 -42 -43 -44 -45 46 -47 -48 48 -50 52 -52 -53 -54 -55 -56 -57 -58 -59 -60 -61 -62 -63
leaf_value=-8.3949537238987855 14.759256108212581 13.174104519806258 77.730905643586198 39.165167020982317 -11.060609510843854 2.8775193812361861 23.331479752089443 64.800544066545442 28.040891456604005 63.064676698648704 9.4680052438471929 38.611519290782788 -15.08514284529176 14.906282191276553 4.7309839636915259 51.945872153733916 2.3897623434541089 -0.77433393004815465 26.916173433576315 37.176822052218704 2.7107376346754477 6.4179974153984425 -8.0730806287729528 5.7576278043481022 8.8689082172521037 11.744427843093874 18.650205353767642 55.836806972606759 7.4112440507279507 3.4791523094634025 14.735196725712266 -3.5705240336781632 -10.741753197254674 -15.194945782011954 -4.674425973536068 35.011520981788635 12.074048867596771 17.087406079504227 30.927151020280611 14.030136720180511 34.079523411081801 -2.3155774715325581 0.11086330019211724 3.8006128831343222 -14.725604037458126 -5.6819966213167064 -6.1876549931780556 4.2929837651316474 25.130880904920176 -4.8033171270099437 28.853248344421388 21.383714142350208 -9.2692511512546005 -14.11830179359495 16.014878755123888 -16.636018592909892 3.5745773274199411 2.1984376475214957 37.973017021917528 20.301582860460087 0.90890056942102671 2.5629089879207925
leaf_weight=338 444 154 31 31 1102 565 454 41 36 53 207 54 97 285 144 76 367 813 105 88 43 129 53 104 371 30 31 37 765 826 43 902 455 232 241 32 106 45 91 100 67 923 894 33 156 845 953 159 33 843 50 293 1128 97 122 1950 133 32 31 98 679 61
leaf_count=338 444 154 31 31 1102 565 454 41 36 53 207 54 97 285 144 76 367 813 105 88 43 129 53 104 371 30 31 37 765 826 43 902 455 232 241 32 106 45 91 100 67 923 894 33 156 845 953 159 33 843 50 293 1128 97 122 1950 133 32 31 98 679 61
internal_value=0.00287914 -4.89377 17.0809 33.6879 -10.8086 -0.386015 12.0865 32.3004 -7.75283 42.1499 8.61862 28.2447 1.05329 16.8321 2.57706 38.8677 -2.71071 1.55914 37.4127 45.9565 5.3066 -1.5799 -6.51564 11.4876 13.4148 24.6834 31.9987 36.4996 6.60464 5.72891 2.14313 -3.76323 -13.9773 -14.6815 -9.8346 8.93668 17.3929 28.8278 16.4492 21.5153 41.8201 0.27413 2.33691 21.3024 -5.22114 -3.23783 -7.38866 13.6605 7.8745 -8.73232 16.1858 23.085 -7.43056 -8.94938 9.9063 -15.6347 10.1024 16.2609 19.696 12.949 -1.64672 12.7301
internal_weight=19701 15311 4390 1015 6622 8689 3375 984 3406 287 1950 697 333 1425 3820 175 4869 967 234 129 1737 269 193 140 971 522 165 135 1468 1264 96 3902 3216 2878 473 903 138 99 600 254 104 2083 1160 357 2321 1212 1109 686 192 3073 494 324 1971 140 266 2405 438 163 131 305 1581 346
internal_count=19701 15311 4390 1015 6622 8689 3375 984 3406 287 1950 697 333 1425 3820 175 4869 967 234 129 1737 269 193 140 971 522 165 135 1468 1264 96 3902 3216 2878 473 903 138 99 600 254 104 2083 1160 357 2321 1212 1109 686 192 3073 494 324 1971 140 266 2405 438 163 131 305 1581 346
cat_boundaries=0 1 2 3 4 5 6 7 8 9
cat_threshold=40 9 9 9 8 2050 1728 9 16
is_linear=0
shrinkage=0.05


Tree=45
num_leaves=63
num_cat=5
split_feature=8 6 8 24 8 18 18 7 16 18 4 13 18 7 18 24 13 18 24 18 24 18 4 13 9 16 7 18 18 7 18 12 13 18 22 4 16 16 15 8 18 11 4 13 14 9 16 25 11 18 7 12 13 4 9 18 11 18 11 11 11 8
split_gain=6.10425e+08 1.801e+08 1.03321e+08 3.46452e+07 2.5493e+07 1.81175e+07 1.32766e+07 1.33384e+07 1.26035e+07 1.19942e+07 1.01489e+07 8.7154e+06 9.30863e+06 8.53406e+06 7.45203e+06 9.49332e+06 7.33522e+06 7.57e+06 1.34781e+07 7.26718e+06 7.08882e+06 7.01311e+06 6.82021e+06 6.38716e+06 6.30776e+06 5.88966e+06 5.83421e+06 5.73673e+06 4.92474e+06 4.84605e+06 4.79082e+06 4.75569e+06 4.8608e+06 4.6808e+06 5.02523e+06 4.54365e+06 7.254e+06 7.98429e+06 4.39708e+06 4.26942e+06 5.27643e+06 4.12123e+06 5.53717e+06 4.49384e+06 4.05776e+06 3.78587e+06 4.25573e+06 3.75877e+06 3.71378e+06 3.62835e+06 3.50708e+06 3.44813e+06 3.43585e+06 5.98702e+06 4.2441e+06 3.33969e+06 3.65195e+06 4.85789e+06 6.59461e+06 3.25516e+06 5.65392e+06 4.62675e+06
threshold=5893.0833333333348 3496.8750000000005 8797.7500000000018 0 4706.5833333333348 2.5000000000000004 47.500000000000007 11178.500000000002 4.6150000000000011 6.5000000000000009 3004.5000000000005 7.330000000000001 46.500000000000007 7721.5625000000009 48.500000000000007 1 5.3900000000000015 47.500000000000007 2 1.5000000000000002 3 14.500000000000002 5751.5000000000009 2.8050000000000002 644.52094464816298 5.3050000000000006 9829.3750000000018 5.5000000000000009 31.500000000000004 2394.9375000000005 45.500000000000007 5.6550000000000002 3.4050000000000007 44.500000000000007 168.50000000000003 11640.500000000002 2.8650000000000007 3.3850000000000002 0.73280580661934025 9541.3333333333339 42.500000000000007 396.82508930577984 6746.5000000000009 5.7000000000000011 6.0850000000000009 520.81458413191876 6.455000000000001 4 578.43227683014413 7.5000000000000009 3759.8750000000005 2.3950000000000005 3.9150000000000005 6133.5000000000009 694.32472310472406 36.500000000000007 803.4561052249868 17.500000000000004 466.23699447655434 854.31735545390086 629.67722300029493 10822.083333333336
decision_type=2 2 2 1 2 2 2 2 2 2 2 2 2 2 2 1 2 2 1 2 1 2 2 2 2 2 2 2 2 2 2 2 2 2 2 2 2 2 2 2 2 2 2 2 2 2 2 1 2 2 2 2 2 2 2 2 2 2 2 2 2 2
left_child=1 3 8 27 9 -4 7 39 13 25 -11 12 19 30 20 38 17 29 -19 -6 21 -12 -10 -9 -15 -3 -8 -1 -22 -5 52 32 -20 47 -35 49 -37 -38 50 -7 44 -24 43 -43 51 48 -47 -29 -44 -25 -16 -41 54 -54 -2 56 57 58 -21 60 -53 -61
right_child=2 4 5 16 11 6 26 23 22 10 14 -13 -14 24 15 -17 -18 18 31 55 28 -23 41 35 -26 -27 -28 33 -30 -31 -32 -33 -34 34 -36 36 37 -39 -40 40 -42 42 45 -45 -46 46 -48 -49 -50 -51 -52 59 53 -55 -56 -57 -58 -59 -60 61 -62 -63
leaf_value=-7.1551670201741802 9.5384719749235671 15.631333450861625 68.636057864918428 -11.498971045179768 24.587531974315645 19.60455679845084 38.412912556529051 20.910886374386877 11.321434978757587 -12.168988531773985 4.6184635783457511 15.484013168389598 14.127800366401672 23.678732031570888 12.115853181699428 0.05459451946345243 -1.2904662814582217 -10.422506044704127 2.542235288454826 12.403161838049479 -6.7241563505836428 -1.6414500462873347 41.744344405205027 49.769010397967172 9.2196901789733356 3.1209327569860243 68.605547796189782 -11.776880414992347 -0.9352085961637272 -7.1359270538109385 19.405812396165981 -9.9785589635372176 16.540533390761627 -4.4841948384610717 -14.684490955422323 31.62808323860169 78.001634496053057 44.846154503200367 0.96036961873372406 40.088188394378221 47.43080653022318 6.7907215924823987 34.91666670958201 22.831342881233965 41.686128186016553 50.629000748225621 26.612681917043837 -16.6817591288135 11.516995931894352 31.039894776874121 31.756685838044859 13.183640674327282 5.1462973492220048 18.746608275689862 1.555191225147829 7.2037553283106313 -4.6291409678673476 0.57864585005242575 2.3386204571892679 11.190722206922679 33.641651191314061 31.963309729726689
leaf_weight=337 886 107 34 816 40 197 32 44 140 221 581 192 225 231 41 298 580 241 166 259 963 1946 31 34 112 779 32 916 594 2892 131 44 99 243 240 40 30 46 30 34 34 68 30 122 41 35 39 1505 39 108 51 47 128 220 205 403 178 947 438 91 120 38
leaf_count=337 886 107 34 816 40 197 32 44 140 221 581 192 225 231 41 298 580 241 166 259 963 1946 31 34 112 779 32 916 594 2892 131 44 99 243 240 40 30 46 30 34 34 68 30 122 41 35 39 1505 39 108 51 47 128 220 205 403 178 947 438 91 120 38
internal_value=0.0466567 -3.96617 19.2622 -9.27934 1.20989 32.7618 31.5017 29.9437 13.6658 -0.706724 -1.70777 5.21962 4.42815 11.8126 -1.19446 5.14754 -6.55204 -7.28413 -1.81015 3.46461 -1.84667 -0.201393 20.7001 38.5186 18.9574 4.63178 53.5092 -13.2893 -4.48684 -8.09608 10.2516 5.07983 7.77179 -14.0469 -9.55266 41.5215 48.8629 57.9338 16.2512 25.642 28.5787 24.3073 22.684 17.0905 26.851 30.1159 37.9718 -14.9435 21.6908 35.5243 23.0037 25.0078 9.41826 13.7442 8.03841 3.08487 2.17383 2.91041 6.07853 23.2756 27.884 17.3098
internal_weight=19791 16372 3419 8079 8293 1002 968 904 2417 5611 4725 2682 2490 1913 4504 420 4838 4258 550 2265 4084 2527 504 302 343 886 64 3241 1557 3708 1570 309 265 2904 483 258 116 76 122 602 405 364 333 190 371 143 74 2421 69 142 92 330 1439 348 1091 2225 1822 1644 697 296 167 129
internal_count=19791 16372 3419 8079 8293 1002 968 904 2417 5611 4725 2682 2490 1913 4504 420 4838 4258 550 2265 4084 2527 504 302 343 886 64 3241 1557 3708 1570 309 265 2904 483 258 116 76 122 602 405 364 333 190 371 143 74 2421 69 142 92 330 1439 348 1091 2225 1822 1644 697 296 167 129
cat_boundaries=0 1 2 3 4 5
cat_threshold=40 2068 1792 1984 20
is_linear=0
shrinkage=0.05


Tree=46
num_leaves=63
num_cat=5
split_feature=8 6 8 0 8 18 27 18 7 27 18 11 8 27 18 17 22 17 18 0 13 3 16 17 9 28 8 18 18 18 16 17 13 11 17 18 18 13 17 11 1 8 18 27 9 8 14 17 18 16 8 16 16 12 11 18 13 17 18 19 1 13
split_gain=5.50967e+08 1.62619e+08 9.32473e+07 2.85738e+07 2.30074e+07 1.6351e+07 1.20338e+07 1.19822e+07 1.20379e+07 1.13247e+07 1.08248e+07 8.67585e+06 8.43654e+06 6.99047e+06 6.49609e+06 9.18671e+06 6.17617e+06 5.93191e+06 6.45254e+06 5.86002e+06 5.76441e+06 5.40547e+06 5.31541e+06 6.33305e+06 5.27801e+06 4.90934e+06 5.19705e+06 4.90564e+06 5.53915e+06 4.7196e+06 4.65324e+06 4.49657e+06 4.16232e+06 4.98933e+06 5.57148e+06 6.8435e+06 6.84844e+06 4.04841e+06 4.49594e+06 3.91784e+06 4.8094e+06 3.85316e+06 4.76198e+06 3.81807e+06 3.7995e+06 4.79166e+06 3.66213e+06 3.6393e+06 3.46012e+06 3.41275e+06 3.36934e+06 3.29477e+06 9.51044e+06 5.13957e+06 4.92422e+06 3.28747e+06 3.25799e+06 3.10004e+06 3.67986e+06 3.57971e+06 3.04186e+06 2.9879e+06
threshold=5893.0833333333348 3496.8750000000005 8797.7500000000018 2318.5000000000005 4706.5833333333348 2.5000000000000004 0 47.500000000000007 11178.500000000002 1 6.5000000000000009 629.67722300029493 6900.166666666667 2 48.500000000000007 2.3650000000000007 6.7100000000000009 1.8500000000000003 14.500000000000002 1549.5000000000002 2.8050000000000002 9363.5000000000018 5.3050000000000006 5.3750000000000009 694.32472310472406 3 2798.4166666666674 2.5000000000000004 47.500000000000007 31.500000000000004 6.455000000000001 9.5750000000000011 8.9250000000000025 803.4561052249868 2.4450000000000007 2.5000000000000004 48.500000000000007 3.7250000000000005 4.0150000000000006 1048.2668171720497 7369.5000000000009 9541.3333333333339 42.500000000000007 4 644.52094464816298 8116.0833333333339 6.0850000000000009 3.3050000000000002 46.500000000000007 5.5500000000000007 3180.4583333333335 2.8450000000000002 3.3850000000000002 6.8350000000000009 1117.3797887098003 6.5000000000000009 4.0050000000000008 4.0050000000000008 20.500000000000004 7.5000000000000009 6283.5000000000009 4.410000000000001
decision_type=2 2 2 2 2 2 1 2 2 1 2 2 2 1 2 2 2 2 2 2 2 2 2 2 2 1 2 2 2 2 2 2 2 2 2 2 2 2 2 2 2 2 2 1 2 2 2 2 2 2 2 2 2 2 2 2 2 2 2 2 2 2
left_child=1 3 6 19 10 -4 16 8 41 32 22 14 24 25 17 -16 39 18 -12 -1 -10 -9 23 -3 57 27 -27 -5 -29 -19 55 -24 33 34 -6 -36 -37 44 -39 40 61 -7 46 -21 45 -14 56 -28 -49 -38 -15 -22 -53 54 -54 -18 -43 58 -8 60 -60 -2
right_child=2 4 5 13 9 7 12 21 20 -11 11 -13 37 50 15 -17 30 29 -20 43 51 -23 31 -25 -26 26 47 28 -30 -31 -32 -33 -34 -35 35 36 49 38 -40 -41 -42 42 -44 -45 -46 -47 -48 48 -50 -51 -52 52 53 -55 -56 -57 -58 -59 59 -61 -62 -63
leaf_value=-14.921281538359054 5.0822511940671689 5.450863904739494 65.204255373337688 17.359497204034223 5.8764813140492915 18.62432887275812 15.261419079200579 36.30272792577744 19.865341936458243 2.5041875080883846 4.5084125829321469 -8.0311125348737757 12.098320179869711 -9.5477275934015662 -1.3106306801281216 13.791957256232187 48.746863988240563 -6.9346344507794804 -1.5078962962119342 -7.911515332413301 28.714083944899695 65.364809602499008 1.6708193296817448 30.592928683757783 -0.08542209886057528 -8.0322232178860702 -3.9299760099998537 -5.7997940319358925 10.9493697669771 -0.86317739526641013 19.166636129979338 14.116227592803813 20.053993422644481 -3.4990033186972145 32.553198651207815 7.4550299912756195 35.456530013837316 23.467949267950061 7.0539636162092094 2.2478871562264184 30.903981880744301 26.381940116762191 45.059265428430898 -12.297132911405313 6.1388479264485358 24.824754656239563 39.601821508640199 -2.1825225867969649 11.524237599460092 13.294769048690796 -5.7201670329639667 61.853216298172867 46.30966543197632 54.933989512125656 24.994923361142479 28.876812042997166 14.3530444578992 -0.50932126783988851 7.5452282854596024 11.823576139552253 -4.3108979041983444 18.111138057832274
leaf_weight=1186 57 67 34 46 439 197 260 32 44 1735 577 475 334 1362 239 174 30 735 1958 996 56 32 698 40 173 725 789 157 72 567 89 81 84 80 45 229 38 196 53 44 60 258 34 1564 173 95 41 105 82 32 995 48 40 30 84 68 72 71 159 280 82 193
leaf_count=1186 57 67 34 46 439 197 260 32 44 1735 577 475 334 1362 239 174 30 735 1958 996 56 32 698 40 173 725 789 157 72 567 89 81 84 80 45 229 38 196 53 44 60 258 34 1564 173 95 41 105 82 32 995 48 40 30 84 68 72 71 159 280 82 193
internal_value=0.043343 -3.76905 18.2991 -8.81778 1.1494 31.1237 12.9825 29.9267 28.4465 4.95864 -0.671383 -1.62237 10.8741 -6.05297 -0.9061 5.0522 19.728 -1.54743 -0.138504 -12.0158 36.5927 50.8338 4.40019 14.8498 7.87691 -3.79253 -4.79736 2.37307 -0.533681 -4.29061 27.4431 2.96489 9.33048 8.39482 9.61003 14.3746 11.6387 14.612 19.9742 16.2098 18.1915 24.3599 27.1498 -10.6698 12.394 14.9165 25.5084 -2.44357 3.82793 25.3254 -7.89842 39.4454 42.4205 36.3635 31.8706 34.9595 23.7575 9.49367 10.403 7.9785 3.51119 15.1406
internal_weight=19791 16372 3419 8079 8293 1002 2417 968 904 2682 5611 4725 1876 4333 4250 413 541 3837 2535 3746 302 64 886 107 1025 1976 1701 275 229 1302 187 779 947 863 783 344 299 851 249 354 310 602 405 2560 602 429 371 976 187 70 2357 258 202 154 124 98 330 852 781 521 241 250
internal_count=19791 16372 3419 8079 8293 1002 2417 968 904 2682 5611 4725 1876 4333 4250 413 541 3837 2535 3746 302 64 886 107 1025 1976 1701 275 229 1302 187 779 947 863 783 344 299 851 249 354 310 602 405 2560 602 429 371 976 187 70 2357 258 202 154 124 98 330 852 781 521 241 250
cat_boundaries=0 1 2 3 4 5
cat_threshold=8 9 9 2 9
is_linear=0
shrinkage=0.05


Tree=47
num_leaves=63
num_cat=6
split_feature=8 6 8 24 8 15 16 27 18 6 27 24 18 17 18 24 8 11 13 16 17 16 13 18 13 7 9 18 13 13 14 18 17 11 17 17 16 15 15 9 5 18 17 18 18 15 3 15 17 25 18 17 17 18 19 14 13 19 9 13 18 13
split_gain=4.97274e+08 1.46807e+08 8.41565e+07 2.88235e+07 2.08967e+07 1.46019e+07 1.08379e+07 1.01825e+07 9.71256e+06 9.12315e+06 8.86439e+06 9.36058e+06 7.22378e+06 1.10821e+07 6.33848e+06 5.93915e+06 5.88736e+06 7.00903e+06 5.76068e+06 5.74371e+06 5.34051e+06 5.15755e+06 6.6623e+06 5.01442e+06 4.85898e+06 4.42407e+06 4.41052e+06 4.40699e+06 4.63952e+06 4.32731e+06 4.26955e+06 4.18855e+06 4.94438e+06 4.17399e+06 4.64693e+06 4.1346e+06 4.06889e+06 6.15204e+06 1.01633e+07 7.9327e+06 8.05271e+06 3.96768e+06 3.8554e+06 5.21016e+06 6.41727e+06 3.79575e+06 3.69343e+06 3.68881e+06 3.67867e+06 3.64761e+06 3.51678e+06 3.50207e+06 3.49589e+06 6.91035e+06 4.53646e+06 3.46451e+06 3.44889e+06 3.62749e+06 3.65578e+06 3.43911e+06 3.31675e+06 3.23994e+06
threshold=5893.0833333333348 3496.8750000000005 8519.7500000000018 0 4497.166666666667 0.51231889937473574 4.6150000000000011 1 6.5000000000000009 10043.875000000002 2 3 33.500000000000007 1.0000000180025095e-35 17.500000000000004 4 7551.3750000000009 370.55997244521581 8.3500000000000014 5.3050000000000006 5.3750000000000009 4.9800000000000013 3.4150000000000005 5.5000000000000009 4.0450000000000008 2464.6875000000005 611.45451484752891 37.500000000000007 3.5350000000000006 2.6750000000000003 2.9350000000000005 46.500000000000007 1.7550000000000001 803.4561052249868 7.3000000000000007 9.5750000000000011 3.8450000000000002 -0.086796820251532472 0.042694535585530914 644.52094464816298 10712.500000000002 45.500000000000007 2.4450000000000007 48.500000000000007 2.5000000000000004 0.097724230254348343 5515.5000000000009 0.54809905824903982 4.0150000000000006 5 35.500000000000007 2.3950000000000005 3.1950000000000007 15.500000000000002 7.5000000000000009 2.3650000000000007 7.0450000000000008 2.5000000000000004 968.66526600973214 8.1900000000000013 8.5000000000000018 4.6250000000000009
decision_type=2 2 2 1 2 2 2 1 2 2 1 1 2 2 2 1 2 2 2 2 2 2 2 2 2 2 2 2 2 2 2 2 2 2 2 2 2 2 2 2 2 2 2 2 2 2 2 2 2 1 2 2 2 2 2 2 2 2 2 2 2 2
left_child=1 3 6 23 8 9 15 33 19 27 11 -5 13 14 -10 24 17 -8 29 20 -3 22 -13 -1 41 -12 48 51 30 -11 -29 49 -33 42 -35 -21 37 39 -39 -31 -41 55 59 44 -44 -40 -19 -45 61 -25 -27 -4 53 -9 -54 -2 57 58 -38 -6 -18 -17
right_child=2 4 5 10 7 -7 16 52 12 18 25 21 -14 -15 -16 26 60 46 -20 35 -22 -23 -24 31 -26 50 -28 28 -30 36 -32 32 -34 34 -36 -37 56 38 45 40 -42 -43 43 47 -46 -47 -48 -49 -50 -51 -52 -53 54 -55 -56 -57 -58 -59 -60 -61 -62 -63
leaf_value=-6.2990162392928974 0.15743492007255555 5.9239790350443036 32.486080929211212 -4.7515714158664784 4.9371784366036326 58.195475224750794 39.330717379252121 9.687911839766512 2.4556257913360784 18.552166923609647 -9.9940095328647374 1.7298958144450591 0.63406414889588536 -7.8723497876488215 -4.0733306035587109 10.387918876493806 23.439584634263639 -1.5031836776172414 49.988126343779449 1.0933272103923632 29.613925077976326 0.39955977452767866 25.295682338026705 -10.510418564203746 30.34303466478984 -7.5272477766012775 4.1572884798123146 33.262146085851334 41.960580638885503 29.471112893625747 12.372076530405817 -13.635561514704415 -1.9313034220797118 -7.2816113308574373 11.205018535960804 13.649050017578961 27.722084351146925 20.601397089124887 58.535693408596899 39.291385714213057 75.926310710906975 24.494927193857222 25.359706039428712 31.829928856629593 6.751568778287492 34.170443176500726 15.797233164346256 11.335262634879665 -1.3576655478704545 -15.097859590145895 -3.9134645184247185 16.949977282944481 -3.0965264532862413 1.591099695201345 7.0789545532585922 13.916825403919553 11.835349237918855 24.120896117512242 51.462933029667028 15.792863602297647 43.858601411183677 22.898140248547904
leaf_weight=337 55 61 42 780 555 41 30 335 699 66 961 59 1548 974 794 877 59 34 41 644 39 185 61 965 51 1659 407 51 50 43 47 178 183 89 55 73 34 103 31 30 30 73 55 52 294 33 333 38 63 1578 1133 266 531 1235 138 272 32 109 31 84 30 55
leaf_count=337 55 61 42 780 555 41 30 335 699 66 961 59 1548 974 794 877 59 34 41 644 39 185 61 965 51 1659 407 51 50 43 47 178 183 89 55 73 34 103 31 30 30 73 55 52 294 33 333 38 63 1578 1133 266 531 1235 138 272 32 109 31 84 30 55
internal_value=0.0407285 -3.58114 17.3842 -8.37814 1.09208 28.9285 12.0538 4.0577 -1.0321 27.7736 -5.89122 -1.85819 -2.04331 -3.72331 -1.01657 10.3107 18.6996 16.0939 31.9172 3.93732 15.1631 5.4572 13.7092 -12.0352 15.4656 -7.04914 8.48165 22.4759 29.5668 30.5502 23.2434 -12.7423 -7.70238 7.71152 -0.220746 2.37166 32.2138 36.2517 30.3244 45.862 57.6088 13.9554 8.84265 12.4502 9.68408 45.9724 14.1945 23.1766 10.3357 -13.4578 -6.06077 19.0685 2.02005 3.31876 -0.997548 11.6026 26.9214 29.6959 39.0446 6.36422 30.3224 11.1262
internal_weight=19791 16372 3419 8079 8293 1080 2339 3461 4832 1039 4838 1085 4015 2467 1493 1853 486 397 583 817 100 305 120 3241 451 3753 1402 456 148 542 98 2904 361 1222 144 717 476 270 167 103 60 400 1078 439 349 64 367 90 995 2543 2792 308 2239 1570 669 327 206 174 65 639 89 932
internal_count=19791 16372 3419 8079 8293 1080 2339 3461 4832 1039 4838 1085 4015 2467 1493 1853 486 397 583 817 100 305 120 3241 451 3753 1402 456 148 542 98 2904 361 1222 144 717 476 270 167 103 60 400 1078 439 349 64 367 90 995 2543 2792 308 2239 1570 669 327 206 174 65 639 89 932
cat_boundaries=0 1 2 3 4 5 6
cat_threshold=40 9 8 1860 1 20
is_linear=0
shrinkage=0.05


Tree=48
num_leaves=63
num_cat=3
split_feature=0 7 5 7 1 7 7 15 18 18 0 18 18 18 17 15 9 27 28 4 18 12 17 18 17 11 9 5 12 27 4 15 0 18 18 14 10 12 2 12 12 4 15 22 9 17 4 15 0 17 18 19 17 10 9 7 5 16 0 4 12 10
split_gain=4.3072e+08 9.82777e+07 9.48888e+07 1.83343e+07 1.46779e+07 1.34455e+07 9.96029e+06 9.25701e+06 9.03003e+06 8.90664e+06 1.06067e+07 7.47447e+06 7.32671e+06 7.16439e+06 1.05197e+07 7.12818e+06 6.80648e+06 6.41521e+06 5.69858e+06 5.25909e+06 5.48721e+06 5.13021e+06 4.77116e+06 7.99343e+06 4.6464e+06 4.62561e+06 4.56887e+06 4.53006e+06 4.4654e+06 4.43608e+06 4.43443e+06 4.221e+06 4.21267e+06 4.20437e+06 4.18698e+06 4.14245e+06 6.65807e+06 4.13413e+06 4.05584e+06 3.90342e+06 3.91134e+06 3.84551e+06 3.78243e+06 3.63358e+06 3.48046e+06 3.42512e+06 8.61712e+06 4.42112e+06 3.21445e+06 3.17519e+06 4.41068e+06 3.48746e+06 3.07723e+06 3.30374e+06 2.9808e+06 2.97623e+06 3.23508e+06 5.47689e+06 2.95177e+06 2.88379e+06 6.88629e+06 2.76674e+06
threshold=5275.5000000000009 3139.9375000000005 7883.5000000000009 10048.312500000002 2012.5000000000002 4055.5625000000005 6342.5000000000009 0.097724230254348343 2.5000000000000004 39.500000000000007 12274.500000000002 41.500000000000007 33.500000000000007 2.5000000000000004 4.8550000000000013 0.26493455861876919 447.93554223237965 0 1 12173.500000000002 21.500000000000004 9.3850000000000016 1.8500000000000003 20.500000000000004 3.8850000000000002 383.36486141549994 694.32472310472406 9407.5000000000018 6.8850000000000007 2 5326.0000000000009 -0.18735753278722037 2994.5000000000005 33.500000000000007 34.500000000000007 6.2800000000000002 1221.6073574257323 2.6550000000000007 7445.5000000000009 3.0950000000000002 3.6850000000000005 7598.5000000000009 -0.18735753278722037 4.0900000000000007 303.8598211399721 2.4050000000000007 3062.5000000000005 0.30621050898552954 1000.5000000000001 1.8500000000000003 15.500000000000002 3.5000000000000004 2.3250000000000006 228.25999418628285 475.73136677148472 6784.6250000000009 7487.5000000000009 4.1650000000000009 2866.5000000000005 10029.500000000002 4.1950000000000012 859.6284343517151
decision_type=2 2 2 2 2 2 2 2 2 2 2 2 2 2 2 2 2 1 1 2 2 2 2 2 2 2 2 2 2 1 2 2 2 2 2 2 2 2 2 2 2 2 2 2 2 2 2 2 2 2 2 2 2 2 2 2 2 2 2 2 2 2
left_child=1 4 6 7 48 17 13 11 -9 10 19 43 22 14 -2 25 -15 45 32 37 -21 -18 23 54 -10 29 28 -26 34 52 -14 -27 -17 49 38 36 -12 -5 61 -36 41 -41 -24 -4 -40 -3 47 -47 -1 50 -19 -51 -6 -54 -7 -28 57 -57 -55 -39 -61 -8
right_child=2 5 3 9 15 12 26 8 24 -11 35 -13 30 16 -16 18 21 33 -20 20 -22 -23 42 -25 27 31 55 -29 -30 -31 -32 -33 -34 -35 39 -37 -38 59 44 40 -42 -43 -44 -45 -46 46 -48 -49 -50 51 -52 -53 53 58 -56 56 -58 -59 -60 60 -62 -63
leaf_value=-18.565616129051826 4.5025131005507246 -1.8078560787197824 27.203864191707812 8.7420343604742321 -5.2692333341606208 5.9701630098648168 7.1651950720301336 53.416612612406418 12.175870043655923 48.614027943686835 47.065680727144567 27.77331239623253 3.2427185909274749 8.3330727867620986 34.213989075747399 2.1086471243510174 1.0251438825576515 2.0359014641880417 -3.9828860744112244 47.759448090659248 22.307626187168065 16.096726376111391 -6.4823129401524868 -2.3675479426697636 38.161959110406734 -17.601197547267898 -0.20828185683315242 17.785653361868352 26.828582425844871 -7.6495483805498949 11.285633826826178 -8.8008197169575926 23.364459506885424 -1.7755417514640581 9.6077594318081836 50.436758257912807 18.013815779435006 17.788325796142782 27.636661255488605 22.352487625512811 13.374290390014648 43.415394425392151 -0.55100129007806398 10.976119845436219 12.969074467970774 -7.875800972288272 9.3291671043300965 8.5943047594141078 -11.278193125121124 -15.29152487057906 -5.5466269918010358 -6.3329160741142898 12.704059583743415 -7.3057233180999761 -1.0366897608507126 8.617605371083533 -1.5295656727809535 28.920270033580501 11.251581494410834 23.505175827802532 49.601304644923061 20.276933173699813
leaf_weight=161 65 691 38 51 279 806 470 30 58 63 41 99 952 971 55 63 759 260 341 45 40 61 375 686 65 196 103 47 59 2284 209 447 37 1392 89 61 38 106 52 72 70 31 949 374 182 166 286 54 2517 130 731 661 60 75 187 175 51 41 30 137 31 44
leaf_count=161 65 691 38 51 279 806 470 30 58 63 41 99 952 971 55 63 759 260 341 45 40 61 375 686 65 196 103 47 59 2284 209 447 37 1392 89 61 38 106 52 72 70 31 949 374 182 166 286 54 2517 130 731 661 60 75 187 175 51 41 30 137 31 44
internal_value=-0.118357 -4.24201 13.1375 24.4696 -8.87936 -0.715781 8.65878 19.0064 28.1258 30.8063 28.7665 15.4371 1.31747 6.29295 18.1203 -6.88635 5.5005 -2.65274 -0.908533 24.7091 35.7821 2.14632 0.0133816 1.78318 23.6627 -7.66838 11.8006 29.6112 13.4581 -6.76918 4.69058 -11.4834 9.06663 -3.82247 12.6771 40.649 33.0914 21.8131 10.7718 18.1166 22.494 28.6918 -2.23094 12.4729 16.2285 0.476904 3.60643 -3.83314 -11.7163 -5.44288 -3.55727 -7.80525 -2.02259 3.34462 4.65064 7.01176 9.79702 12.4714 -2.00364 24.246 28.3205 8.2876
internal_weight=19699 15025 4674 1324 6490 8535 3350 711 200 613 550 511 4164 1911 120 3812 1791 4371 441 410 85 820 3003 1679 170 3371 1439 112 1069 2728 1161 643 100 3174 1010 140 79 325 748 262 173 103 1324 412 234 1197 506 220 2678 1782 991 791 444 165 993 370 267 216 105 274 168 514
internal_count=19699 15025 4674 1324 6490 8535 3350 711 200 613 550 511 4164 1911 120 3812 1791 4371 441 410 85 820 3003 1679 170 3371 1439 112 1069 2728 1161 643 100 3174 1010 140 79 325 748 262 173 103 1324 412 234 1197 506 220 2678 1782 991 791 444 165 993 370 267 216 105 274 168 514
cat_boundaries=0 1 2 3
cat_threshold=8 2 8
is_linear=0
shrinkage=0.05


Tree=49
num_leaves=63
num_cat=4
split_feature=1 7 0 8 15 6 8 0 27 18 4 27 15 4 9 28 11 18 18 4 0 11 18 12 7 11 14 2 18 18 18 11 4 14 4 18 14 0 18 8 18 18 6 27 0 3 12 10 3 8 18 1 14 0 12 9 9 8 18 11 5 9
split_gain=3.90334e+08 8.79329e+07 8.70504e+07 1.52752e+07 1.43924e+07 1.32637e+07 1.19884e+07 1.16482e+07 7.57222e+06 7.39172e+06 7.76494e+06 6.84707e+06 6.82262e+06 6.68321e+06 6.12263e+06 5.59046e+06 5.47284e+06 5.29533e+06 5.67642e+06 5.10653e+06 4.66886e+06 3.77777e+06 4.91105e+06 4.04247e+06 3.76232e+06 3.74442e+06 4.19911e+06 3.73129e+06 3.56775e+06 3.50654e+06 3.47187e+06 5.90702e+06 3.91936e+06 3.46778e+06 4.0341e+06 4.31825e+06 6.25922e+06 3.43286e+06 3.38103e+06 3.97246e+06 3.28316e+06 4.11995e+06 3.01121e+06 3.06998e+06 2.91901e+06 2.68473e+06 2.67212e+06 2.61896e+06 2.7018e+06 2.61072e+06 2.89032e+06 2.64971e+06 2.56541e+06 2.54842e+06 2.52836e+06 2.51184e+06 2.46417e+06 2.39236e+06 2.37228e+06 2.75766e+06 2.36453e+06 2.73501e+06
threshold=5259.5000000000009 3139.9375000000005 9039.5000000000018 6629.2083333333348 0.60464610306278399 2028.1250000000002 3913.0833333333335 12274.500000000002 0 6.5000000000000009 4593.5000000000009 1 0.26493455861876919 8680.5000000000018 345.60948561005188 2 1117.3797887098003 4.5000000000000009 35.500000000000007 1654.5000000000002 8261.5000000000018 527.10291413294181 11.500000000000002 7.2650000000000006 7345.3125000000009 1081.975543674517 6.7950000000000008 5058.0000000000009 47.500000000000007 33.500000000000007 21.500000000000004 436.07691033587179 5503.5000000000009 3.0450000000000004 11266.000000000002 21.500000000000004 3.5950000000000002 2994.5000000000005 36.500000000000007 11469.708333333334 7.5000000000000009 43.500000000000007 1002.8750000000001 3 4249.5000000000009 11297.000000000002 3.0450000000000004 493.58871603931408 5869.5000000000009 6264.1250000000009 47.500000000000007 6169.5000000000009 7.2400000000000011 7685.0000000000009 4.5250000000000012 242.45472084210851 388.60255832465486 12509.04166666667 32.500000000000007 452.32949215453397 9196.5000000000018 502.19430273945625
decision_type=2 2 2 2 2 2 2 2 1 2 2 1 2 2 2 1 2 2 2 2 2 2 2 2 2 2 2 2 2 2 2 2 2 2 2 2 2 2 2 2 2 2 2 1 2 2 2 2 2 2 2 2 2 2 2 2 2 2 2 2 2 2
left_child=1 5 3 9 7 42 17 13 -8 27 -11 16 19 -4 49 37 20 44 21 56 -5 22 -19 -23 53 -9 57 -2 52 30 31 46 -32 38 40 -36 -37 -14 39 -15 -35 45 -1 -44 -3 -42 -10 54 -49 50 -12 -51 55 -13 58 -21 -7 -27 -16 -60 61 -26
right_child=2 6 4 11 -6 12 8 25 29 10 14 24 15 33 47 -17 -18 18 -20 28 -22 23 -24 -25 60 26 -28 -29 -30 -31 32 -33 -34 34 35 36 -38 -39 -40 -41 41 -43 43 -45 -46 -47 -48 48 -50 51 -52 -53 -54 -55 -56 -57 -58 -59 59 -61 -62 -63
leaf_value=-17.865899464431084 4.5107273148555382 0.056021874240872009 13.054271070213076 18.125856416877554 56.534360207738104 -24.380265008835565 3.8738420086409047 52.450535129778316 0.056699823667836748 -2.054834766023689 7.3037303785732961 8.435512118565816 3.0083692853412933 9.3565989534879463 2.5762436390950763 -3.7596025212778565 -0.77450220661778602 1.4365873143510912 -1.0820239275591461 -6.8768865342944778 31.78496973514557 -12.540375244025498 -5.6207002456238087 0.14573628827929497 17.73750515933672 16.548800285884312 45.655877352869794 15.609464575765896 -1.4160671218894842 3.2854911794927384 -4.189252736219613 -1.9414843113088773 3.7396957854648214 35.838100000049756 43.556119326077976 38.239279781688346 9.1766088724136363 22.196236501513301 28.975506355723397 28.082563571929935 14.193657442046836 35.511356542168599 -8.3341479956909481 -12.350448799819864 9.8371859624547877 27.607101147908431 7.090491614476381 5.2737498806990111 -1.9070579879888983 25.749071580171588 19.03486033011291 11.480473243865637 -1.8380393697563269 -5.2370256990999797 18.922606306076052 -10.16886295939473 -9.1583490361338082 34.906892956627743 5.0282738270479097 19.169434570444043 1.2057725545522331 10.5128530447939
leaf_weight=157 102 294 157 287 37 63 1493 33 215 306 477 432 63 97 232 335 31 309 1382 2011 80 292 1219 80 274 35 43 294 267 540 1085 946 182 46 65 44 32 37 61 40 132 41 1064 1442 103 52 363 260 264 48 59 101 191 37 40 814 46 36 85 58 37 251
leaf_count=157 102 294 157 287 37 63 1493 33 215 306 477 432 63 97 232 335 31 309 1382 2011 80 292 1219 80 274 35 43 294 267 540 1085 946 182 46 65 44 32 37 61 40 132 41 1064 1442 103 52 363 260 264 48 59 101 191 37 40 814 46 36 85 58 37 251
internal_value=-0.112735 -4.05593 12.45 9.02774 25.9628 -8.43886 -0.710606 24.7252 0.928945 6.52814 5.25139 13.0964 -6.55332 22.2541 6.62805 -0.658103 18.9238 -2.86043 -3.52018 -7.30934 21.1033 -5.29361 -4.19354 -9.81218 10.5608 37.6185 33.3251 12.7507 -6.95584 -0.401423 -1.1162 0.491729 -3.05029 24.6219 27.2354 34.0945 26.0024 9.18898 19.1838 14.824 23.6666 21.1782 -11.1486 -10.7277 2.5937 17.9844 4.47412 4.00589 1.65594 10.2225 8.59503 16.0771 -7.44627 7.35687 6.97307 -7.82544 -17.9563 25.8571 5.69845 10.7638 13.4224 14.2834
internal_weight=19699 14993 4706 3755 951 6490 8503 914 4824 2326 1930 1429 3827 767 1624 435 398 3679 3282 3392 367 1900 1528 372 1031 147 114 396 3283 3331 2791 1524 1267 610 412 141 76 100 198 137 271 225 2663 2506 397 184 578 939 524 685 536 149 3016 469 415 2825 109 71 375 143 562 525
internal_count=19699 14993 4706 3755 951 6490 8503 914 4824 2326 1930 1429 3827 767 1624 435 398 3679 3282 3392 367 1900 1528 372 1031 147 114 396 3283 3331 2791 1524 1267 610 412 141 76 100 198 137 271 225 2663 2506 397 184 578 939 524 685 536 149 3016 469 415 2825 109 71 375 143 562 525
cat_boundaries=0 1 2 3 4
cat_threshold=9 9 2 9
is_linear=0
shrinkage=0.05


Tree=50
num_leaves=63
num_cat=4
split_feature=8 7 1 15 8 24 7 0 18 4 18 17 11 18 9 18 18 17 18 18 18 11 17 4 18 16 24 16 13 13 24 17 15 15 18 15 16 17 19 8 24 19 18 12 16 1 18 4 13 16 14 15 17 14 18 17 12 17 18 8 18 4
split_gain=3.52685e+08 8.4395e+07 7.3411e+07 1.74073e+07 1.40794e+07 1.34587e+07 1.28168e+07 1.05854e+07 8.73346e+06 8.25177e+06 7.96364e+06 7.21986e+06 6.97057e+06 6.32824e+06 6.87418e+06 5.74689e+06 6.57383e+06 6.81148e+06 9.03213e+06 5.66309e+06 6.36084e+06 5.59531e+06 5.48878e+06 5.36332e+06 5.07524e+06 5.04305e+06 4.88238e+06 4.64265e+06 5.92964e+06 4.63187e+06 4.46504e+06 4.11496e+06 4.10225e+06 3.84849e+06 3.77379e+06 3.75594e+06 3.73878e+06 3.64258e+06 6.11354e+06 4.12421e+06 3.62975e+06 3.84438e+06 3.44118e+06 6.08509e+06 3.41521e+06 3.34921e+06 3.28736e+06 3.17942e+06 3.15169e+06 3.98629e+06 3.06806e+06 3.05679e+06 2.99235e+06 2.9711e+06 2.91481e+06 3.34181e+06 2.89794e+06 2.87195e+06 2.82682e+06 2.82004e+06 2.78469e+06 2.76357e+06
threshold=5330.7083333333348 3139.9375000000005 9220.0000000000018 0.55943719593100394 6834.791666666667 0 4171.5625000000009 12274.500000000002 39.500000000000007 11266.000000000002 21.500000000000004 5.0550000000000006 869.41992545365997 6.5000000000000009 447.93554223237965 6.5000000000000009 33.500000000000007 1.8500000000000003 21.500000000000004 4.5000000000000009 42.500000000000007 791.0347723467213 6.7650000000000015 10029.500000000002 47.500000000000007 7.1350000000000007 1 3.2250000000000005 5.7000000000000011 3.4850000000000008 2 3.9350000000000005 0.015157432828277053 -0.10402929508696972 15.500000000000002 -0.067364357533487226 5.0550000000000006 2.4050000000000007 11.500000000000002 3792.4583333333335 3 4.5000000000000009 7.5000000000000009 6.3350000000000009 2.6350000000000002 3052.5000000000005 5.5000000000000009 5751.5000000000009 5.3050000000000006 6.285000000000001 6.0850000000000009 -0.21470588235294191 4.2150000000000007 4.9250000000000007 44.500000000000007 1.0000000180025095e-35 4.0150000000000006 9.7550000000000008 13.500000000000002 4645.166666666667 40.500000000000007 7126.0000000000009
decision_type=2 2 2 2 2 1 2 2 2 2 2 2 2 2 2 2 2 2 2 2 2 2 2 2 2 2 1 2 2 2 1 2 2 2 2 2 2 2 2 2 1 2 2 2 2 2 2 2 2 2 2 2 2 2 2 2 2 2 2 2 2 2
left_child=1 5 4 7 13 46 19 8 9 42 12 29 -11 47 24 57 17 18 58 26 30 -13 -7 -10 50 -24 48 -9 -29 32 33 -31 60 36 -32 -30 -21 -22 -39 -40 61 56 43 -4 -44 -27 52 -2 -3 -50 53 -19 -1 -15 -48 -56 -42 -8 59 -17 -6 -16
right_child=2 6 3 -5 11 22 15 27 23 10 -12 21 -14 14 40 16 -18 51 -20 20 37 -23 25 -25 -26 45 -28 28 35 31 34 -33 -34 -35 -36 -37 -38 38 39 -41 41 -43 44 -45 -46 -47 54 -49 49 -51 -52 -53 -54 -55 55 -57 -58 -59 -60 -61 -62 -63
leaf_value=-10.048290490197099 10.46223233058339 -1.4413443197660587 39.288780719041824 62.790261313120531 10.710062700151976 -6.105703494743044 5.5594510434671891 18.740967880884806 24.830265035262475 19.925952193140986 18.236426512994498 37.525224271187419 49.179352194922316 7.2065369011186391 -2.3480003915505034 4.9386177854698925 4.3133514688969603 -7.5684831393207936 -3.4528478711221378 -7.6426058121772762 -1.6579441530107546 14.748136067390442 15.540229660168031 46.867069013913472 18.840082116687583 -15.746055702602163 -2.7005925269320956 53.570034647922888 19.666809693404609 17.510726088621613 0.94131701258288702 6.8639225128477648 4.3885617787313285 -4.1375034396025772 -3.6933242061771225 43.776488207181302 -18.973068567656952 -1.2327864598634557 6.8458224342881353 24.261310327317982 20.276271977424624 2.5658211723594899 28.197012472152711 12.846942504536024 10.407724350423955 6.1365772542026313 -11.589038523785847 22.677687037602453 21.629676570462401 6.0981073519680651 17.41342881492206 -1.7191625771488359 -0.68311529984264263 -5.5534903277953473 -11.555275763646394 -3.2364332487388534 5.4576664821425487 18.971253049915486 2.4264355758910483 13.929444008633709 22.823502472827311 12.165382583273782
leaf_weight=184 168 68 36 30 283 3113 430 30 65 32 107 52 56 920 369 237 1009 323 503 349 656 56 57 48 105 34 205 51 35 461 604 113 259 762 1610 30 92 221 139 45 65 310 30 55 268 36 2425 78 61 128 70 724 159 48 238 245 67 44 470 138 57 36
leaf_count=184 168 68 36 30 283 3113 430 30 65 32 107 52 56 920 369 237 1009 323 503 349 656 56 57 48 105 34 205 51 35 461 604 113 259 762 1610 30 92 221 139 45 65 310 30 55 268 36 2425 78 61 128 70 724 159 48 238 245 67 44 470 138 57 36
internal_value=-0.10762 -3.69024 12.3858 25.3635 9.16448 -8.01721 -0.505118 24.0316 21.4673 19.0054 27.3999 13.3441 38.5418 6.76998 5.83476 1.64635 0.928095 -0.498094 1.8519 -2.19406 -2.73783 25.7149 -5.67253 34.191 8.36448 4.49877 3.07647 36.2735 40.8078 12.2051 -3.7879 15.4148 9.12942 -6.23707 -2.41803 30.7944 -10.0063 0.643988 4.37255 11.105 2.42098 5.48457 14.7973 23.3074 12.1986 -4.49213 -10.3048 14.3354 7.49796 11.1109 7.3048 -3.52368 -5.707 6.57381 -10.8826 -7.33557 12.7547 6.80443 5.00963 8.24724 12.7408 -1.03243
internal_weight=19699 15309 4390 873 3517 6491 8818 843 697 584 195 1281 88 2236 1990 3878 3404 2395 1348 4940 4478 108 3240 113 1143 127 462 146 116 1173 3417 574 599 1203 2214 65 441 1061 405 184 847 442 389 91 298 70 3251 246 257 189 1038 1047 343 968 2908 483 132 474 845 375 340 405
internal_count=19699 15309 4390 873 3517 6491 8818 843 697 584 195 1281 88 2236 1990 3878 3404 2395 1348 4940 4478 108 3240 113 1143 127 462 146 116 1173 3417 574 599 1203 2214 65 441 1061 405 184 847 442 389 91 298 70 3251 246 257 189 1038 1047 343 968 2908 483 132 474 845 375 340 405
cat_boundaries=0 1 2 3 4
cat_threshold=40 2582 30 2070
is_linear=0
shrinkage=0.05


Tree=51
num_leaves=63
num_cat=7
split_feature=8 24 1 18 8 8 4 18 18 22 19 1 27 24 11 10 25 18 12 13 18 11 4 14 0 5 18 17 27 11 2 18 2 12 10 0 10 25 12 4 11 13 9 17 14 18 18 24 18 19 5 11 17 13 0 14 10 3 2 4 8 11
split_gain=3.23404e+08 8.52925e+07 7.06309e+07 2.23214e+07 1.65713e+07 1.29489e+07 9.70468e+06 8.58168e+06 8.28082e+06 8.24837e+06 8.10666e+06 8.03146e+06 7.69671e+06 6.02371e+06 8.54794e+06 5.69672e+06 6.28498e+06 5.05272e+06 4.95098e+06 4.61039e+06 4.42864e+06 4.42709e+06 4.20266e+06 4.03638e+06 5.27758e+06 4.07875e+06 3.94214e+06 6.55927e+06 3.94037e+06 3.74894e+06 3.75934e+06 3.68184e+06 4.02185e+06 3.79467e+06 3.70834e+06 4.43866e+06 4.65485e+06 3.59737e+06 3.51122e+06 3.4867e+06 3.46243e+06 5.44438e+06 3.5435e+06 3.34257e+06 6.23822e+06 3.45791e+06 4.12038e+06 3.2817e+06 3.25069e+06 7.05028e+06 3.16379e+06 3.06594e+06 4.8947e+06 3.00547e+06 2.91853e+06 2.81129e+06 2.80515e+06 2.74186e+06 2.73252e+06 2.70644e+06 2.62584e+06 2.61952e+06
threshold=5068.416666666667 0 2882.5000000000005 2.5000000000000004 10822.083333333336 3745.8750000000005 8302.0000000000018 47.500000000000007 8.5000000000000018 3.7800000000000007 4.5000000000000009 1772.5000000000002 1 2 608.99036849188906 456.4531543285903 3 34.500000000000007 9.5750000000000011 3.6750000000000003 21.500000000000004 436.07691033587179 7970.5000000000009 2.7250000000000005 5382.5000000000009 4540.5000000000009 2.5000000000000004 4.8550000000000013 4 1117.3797887098003 9853.5000000000018 37.500000000000007 10661.500000000002 2.3550000000000004 408.88688146555927 9876.0000000000018 473.7570484450078 5 3.7050000000000005 5751.5000000000009 1194.9173281523842 3.5950000000000002 1231.8664067305215 4.0250000000000012 5.0050000000000008 33.500000000000007 19.500000000000004 6 16.500000000000004 7.5000000000000009 9407.5000000000018 718.95047120542256 7.9050000000000011 9.5750000000000011 5011.5000000000009 8.1900000000000013 700.91566715217107 5604.5000000000009 6124.5000000000009 12173.500000000002 4279.5833333333348 370.55997244521581
decision_type=2 1 2 2 2 2 2 2 2 2 2 2 1 1 2 2 1 2 2 2 2 2 2 2 2 2 2 2 1 2 2 2 2 2 2 2 2 1 2 2 2 2 2 2 2 2 2 1 2 2 2 2 2 2 2 2 2 2 2 2 2 2
left_child=2 3 11 6 7 28 -2 18 39 10 -10 -1 13 14 23 16 48 20 22 -9 40 -15 -5 -7 25 -25 27 -13 47 31 -31 32 33 -24 -35 36 -36 -17 50 51 41 59 -42 44 45 46 -14 -4 58 -50 -33 -3 55 -23 60 -53 -22 61 -11 -6 -47 -51
right_child=1 8 5 4 17 12 -8 19 9 15 -12 26 43 21 -16 37 -18 -19 -20 -21 56 53 29 24 -26 -27 -28 -29 -30 30 -32 38 -34 34 35 -37 -38 -39 -40 -41 42 -43 -44 -45 -46 54 -48 -49 49 57 -52 52 -54 -55 -56 -57 -58 -59 -60 -61 -62 -63
leaf_value=-10.788836142373192 28.006580815170754 13.322890413650928 -10.20881422418085 9.3814825411168687 17.93077783217797 32.755160651668426 65.069617422003503 21.602271420981296 17.215259462746523 10.048884979776435 6.4779322307908318 -8.6237041639692986 0.89005391541591627 4.6026216193950376 1.4409022700534297 2.5974475701909703 1.6509673007445249 47.511259214339724 34.711535455385842 41.097613398234053 7.17988974085221 -3.8540124440193178 30.726201741926133 21.943404069760952 29.47962308052259 3.1896467177554815 -7.1205735876929541 12.194717415285783 -5.0872922098518814 16.306433900431092 -3.6405120708725671 14.846271130628885 30.005586635511975 1.5669075787067415 36.118465045575178 3.7262794991901944 15.34325167450082 -4.3230623881399382 39.494519941268436 18.400276949549024 16.147969136093604 47.877773940121692 33.087888988955271 -6.054487616010011 9.542403711594126 0.09077313969297926 -3.3577935128067185 -1.300057589415639 2.0463605262015174 11.900504621382684 31.927906970279977 4.2396064249674481 16.988516276081405 9.7184619545936588 -8.4100944760916896 -13.141138840976517 24.141845943744368 10.468634536241492 28.58256108483603 36.942276822196114 4.8926347291848771 30.705223124960199
leaf_weight=1886 33 212 100 322 39 31 38 93 236 37 689 81 942 537 189 908 367 31 30 45 39 360 31 41 39 99 3582 71 1650 51 44 80 43 64 31 70 207 227 31 158 66 54 58 256 159 656 1449 1956 184 31 41 60 48 46 69 38 65 96 43 36 503 46
leaf_count=1886 33 212 100 322 39 31 38 93 236 37 689 81 942 537 189 908 367 31 30 45 39 360 31 41 39 99 3582 71 1650 51 44 80 43 64 31 70 207 227 31 158 66 54 58 256 159 656 1449 1956 184 31 41 60 48 46 69 38 65 96 43 36 503 46
internal_value=0.0182495 10.9728 -3.72368 20.2973 19.1816 -0.997484 47.8431 16.2407 6.3641 5.33245 9.2174 -8.12924 0.57006 3.8344 8.9313 3.47913 6.69919 28.1484 14.6931 27.9594 26.467 1.60673 14.1014 16.098 13.2132 8.68182 -6.78591 1.10069 -3.27139 16.2945 7.06785 17.7603 15.47 13.919 12.5184 14.794 18.0493 1.19814 24.4808 12.2135 30.0375 35.7723 24.0715 -0.524103 -0.150747 -0.576614 -1.68424 -1.78068 10.6571 8.85959 20.6343 9.483 3.90727 -2.31624 1.58 -2.49987 17.7811 16.106 20.0107 27.0563 2.17476 23.1345
internal_weight=19724 5022 14702 1642 1571 9082 71 1183 3380 2864 925 5620 5376 1342 399 1939 804 388 1045 138 357 943 1015 210 179 140 3734 152 3706 693 95 598 446 403 372 308 238 1135 152 516 253 129 124 4034 3778 3619 2391 2056 437 357 121 358 146 406 1228 98 104 173 80 75 1159 77
internal_count=19724 5022 14702 1642 1571 9082 71 1183 3380 2864 925 5620 5376 1342 399 1939 804 388 1045 138 357 943 1015 210 179 140 3734 152 3706 693 95 598 446 403 372 308 238 1135 152 516 253 129 124 4034 3778 3619 2391 2056 437 357 121 358 146 406 1228 98 104 173 80 75 1159 77
cat_boundaries=0 1 2 3 4 5 6 7
cat_threshold=1 8 2050 16 9 20 8
is_linear=0
shrinkage=0.05


Tree=52
num_leaves=63
num_cat=6
split_feature=7 8 8 1 8 18 18 24 16 27 27 16 8 18 12 0 24 8 11 9 27 3 17 18 17 18 11 2 18 16 22 19 11 0 11 17 11 18 17 13 16 16 12 16 18 26 13 11 17 16 0 12 9 10 18 0 7 3 17 11 18 17
split_gain=2.93975e+08 9.11378e+07 4.52331e+07 1.63369e+07 1.29908e+07 9.42925e+06 8.25563e+06 7.97077e+06 8.85409e+06 7.30709e+06 7.2319e+06 6.8902e+06 6.57885e+06 6.44471e+06 6.60217e+06 6.38229e+06 5.48014e+06 5.201e+06 4.46812e+06 4.43356e+06 4.29378e+06 4.25308e+06 4.1161e+06 5.3001e+06 3.92666e+06 4.06364e+06 3.88873e+06 4.16553e+06 3.85048e+06 3.78645e+06 4.6048e+06 3.72103e+06 3.70767e+06 3.64029e+06 3.48151e+06 4.41124e+06 3.3322e+06 7.14536e+06 6.05507e+06 4.88784e+06 4.40263e+06 4.19702e+06 3.63682e+06 4.5635e+06 3.11258e+06 3.01923e+06 3.87576e+06 3.15736e+06 7.68258e+06 5.52979e+06 4.15485e+06 3.01077e+06 2.98405e+06 2.89499e+06 2.80518e+06 2.7833e+06 2.76188e+06 2.6933e+06 3.97192e+06 2.6927e+06 2.78297e+06 2.55902e+06
threshold=6066.6250000000009 3507.2500000000005 9541.3333333333339 2387.5000000000005 4420.0416666666679 6.5000000000000009 3.5000000000000004 0 5.6500000000000012 1 2 6.285000000000001 7677.5833333333339 45.500000000000007 7.3750000000000009 9667.5000000000018 3 10822.083333333336 608.99036849188906 1089.2495048815579 4 6977.5000000000009 3.2850000000000006 3.5000000000000004 3.1950000000000007 15.500000000000002 854.31735545390086 9853.5000000000018 36.500000000000007 7.1000000000000005 4.0900000000000007 7.5000000000000009 1117.3797887098003 7807.5000000000009 492.00917314444922 2.5250000000000004 388.6277918039188 4.5000000000000009 2.9850000000000008 4.9350000000000014 3.7650000000000001 5.3050000000000006 7.2650000000000006 3.9650000000000003 47.500000000000007 5 9.1650000000000009 718.95047120542256 4.9350000000000014 6.0750000000000011 6003.5000000000009 6.5700000000000012 694.32472310472406 766.3146265286108 33.500000000000007 6296.5000000000009 7576.3750000000009 5822.5000000000009 4.5750000000000011 415.54733410772548 17.500000000000004 1.7550000000000001
decision_type=2 2 2 2 2 2 2 1 2 1 1 2 2 2 2 2 1 2 2 2 1 2 2 2 2 2 2 2 2 2 2 2 2 2 2 2 2 2 2 2 2 2 2 2 2 1 2 2 2 2 2 2 2 2 2 2 2 2 2 2 2 2
left_child=1 3 5 22 10 12 -4 8 21 45 16 -10 29 14 17 -14 18 26 -3 56 36 -7 -1 51 25 -11 53 -28 -25 30 -2 -26 -29 -32 35 -18 38 -38 -5 40 44 -41 43 -39 -40 47 -47 48 -6 -50 -51 -24 -31 -8 61 -23 57 -9 59 -59 -61 -12
right_child=2 4 6 20 9 7 13 19 11 24 54 -13 15 -15 -16 -17 34 -19 -20 -21 -22 55 23 28 31 -27 27 32 -30 52 33 -33 -34 -35 -36 -37 37 42 39 41 -42 -43 -44 -45 -46 46 -48 -49 49 50 -52 -53 -54 -55 -56 -57 -58 58 -60 60 -62 -63
leaf_value=-9.6468772905437508 7.9729500293731697 13.32229306296162 46.564827771186827 -3.4180987565136904 6.9501644562397686 6.4470339832919663 17.760702577504244 13.867303016552558 46.229405740102138 7.4773615127494999 -1.7237330401848034 17.463107551897274 48.399808259443802 39.711060113906861 43.075591308048793 17.302956084049111 1.1660627538173953 24.834506328366388 0.43476855496190625 -7.5867325858464314 -5.9359669523621115 23.570353676622567 -1.1735611387661524 -10.443795905552561 -3.0311682131193085 1.6029376619035867 20.013672266183079 11.787663253148397 -3.7560490379251288 13.338502880622602 40.995319590849036 5.904420811777384 -10.42308185381048 18.331833561046704 -4.1614195348984069 15.00057096257806 2.1314421205238983 -0.91392410470728302 0.23535672812759878 25.571736082663904 -6.9383695520460611 5.5668161323666574 -2.884983455068697 -16.987542111502616 13.344499233407035 0.66274419580403132 17.461610112692181 1.1652716472551421 37.858683928321391 4.4426719884077706 27.489564375443894 18.052103258669376 -4.9486403274536137 34.739988548332647 -0.17987940049094289 11.930748809136681 15.466198278841091 14.040317106011669 -8.5548759577567122 8.5962546407142817 0.23270677626132966 -5.2887719388082806
leaf_weight=3010 40 184 40 1156 672 404 132 78 30 369 1226 68 33 55 35 33 578 357 106 63 1971 55 56 426 649 1456 54 42 435 87 34 142 34 37 277 64 182 57 125 39 128 80 123 196 71 356 38 154 34 48 33 32 30 31 1236 776 73 76 57 173 234 854
leaf_count=3010 40 184 40 1156 672 404 132 78 30 369 1226 68 33 55 35 33 578 357 106 63 1971 55 56 426 649 1456 54 42 435 87 34 142 34 37 277 64 182 57 125 39 128 80 123 196 71 356 38 154 34 48 33 32 30 31 1236 776 73 76 57 173 234 854
internal_value=0.0169145 -2.64976 13.9898 -6.44686 0.973067 10.5664 24.4398 9.38542 11.7153 3.0679 -0.856032 26.2691 18.9497 23.2439 21.9217 32.8514 2.44356 20.7826 8.32462 5.04419 -4.24604 10.6552 -8.74162 -5.87038 1.50961 2.7907 15.8457 9.39566 -7.06497 14.9256 21.5409 -1.42705 1.85128 29.1848 0.518092 2.5452 -2.66197 -6.00104 -1.51339 3.45691 0.273974 12.1231 -9.93751 -13.3662 4.98408 6.06471 2.22643 7.63151 8.99379 20.9356 13.8321 5.81759 8.64949 20.9899 -2.0602 12.7011 6.26878 5.18235 3.92785 5.40097 3.78773 -3.18746
internal_weight=19724 16563 3161 8087 8476 2381 780 2087 1333 3951 4525 98 294 740 685 66 1209 650 290 754 4128 1235 3959 949 2616 1825 293 130 861 228 111 791 76 71 919 642 2157 558 1599 443 324 119 376 253 196 1335 394 941 787 115 81 88 117 163 3316 831 691 618 540 483 407 2080
internal_count=19724 16563 3161 8087 8476 2381 780 2087 1333 3951 4525 98 294 740 685 66 1209 650 290 754 4128 1235 3959 949 2616 1825 293 130 861 228 111 791 76 71 919 642 2157 558 1599 443 324 119 376 253 196 1335 394 941 787 115 81 88 117 163 3316 831 691 618 540 483 407 2080
cat_boundaries=0 1 2 3 4 5 6
cat_threshold=65 9 8 2050 9 10
is_linear=0
shrinkage=0.05


Tree=53
num_leaves=63
num_cat=6
split_feature=7 8 8 4 8 18 18 13 18 24 27 27 8 13 18 12 24 8 11 2 15 19 2 18 24 16 4 4 18 14 16 22 15 15 1 12 8 15 15 11 24 0 16 15 4 22 0 13 4 8 13 16 15 12 4 10 18 19 9 18 6 18
split_gain=2.65318e+08 8.22604e+07 4.09423e+07 1.50476e+07 1.17242e+07 8.52389e+06 8.42807e+06 7.28918e+06 6.80797e+06 6.69764e+06 6.59465e+06 6.52679e+06 6.00899e+06 5.40825e+06 5.12359e+06 5.66139e+06 5.03752e+06 4.78101e+06 4.74928e+06 6.03227e+06 4.69517e+06 4.62417e+06 4.50374e+06 4.44533e+06 3.84031e+06 4.67404e+06 3.68284e+06 3.53941e+06 3.44394e+06 6.08736e+06 3.41728e+06 4.15584e+06 3.325e+06 5.86567e+06 4.50719e+06 7.42609e+06 4.634e+06 3.68756e+06 3.51328e+06 3.31028e+06 4.48034e+06 3.28536e+06 3.0229e+06 3.54148e+06 2.96681e+06 2.95811e+06 3.06442e+06 2.78955e+06 3.9968e+06 2.93672e+06 2.85126e+06 2.77748e+06 2.77461e+06 2.77314e+06 2.7673e+06 2.74806e+06 3.47713e+06 3.40439e+06 2.69311e+06 2.67522e+06 2.64422e+06 2.61488e+06
threshold=6066.6250000000009 3507.2500000000005 9302.3333333333339 2178.5000000000005 4420.0416666666679 6.5000000000000009 3.5000000000000004 5.7900000000000009 4.5000000000000009 0 1 2 7677.5833333333339 3.9850000000000008 47.500000000000007 7.5750000000000011 3 10822.083333333336 1117.3797887098003 9208.5000000000018 -0.010349305806591243 8.5000000000000018 9853.5000000000018 47.500000000000007 4 4.9350000000000014 3442.5000000000005 5853.5000000000009 4.5000000000000009 3.7150000000000003 7.1000000000000005 4.0900000000000007 -0.07453518617091566 0.01897605294456987 11331.500000000002 3.2150000000000003 12509.04166666667 0.074185539934679814 -0.21037258625615515 492.00917314444922 5 7807.5000000000009 5.0550000000000006 0.26493455861876919 3345.5000000000005 168.50000000000003 1798.5000000000002 7.5600000000000014 5326.0000000000009 5578.3750000000009 5.995000000000001 7.7650000000000015 -0.018510050724815826 4.0650000000000004 4850.5000000000009 452.66858502355007 19.500000000000004 7.5000000000000009 694.32472310472406 15.500000000000002 5092.8750000000009 48.500000000000007
decision_type=2 2 2 2 2 2 2 2 2 1 1 1 2 2 2 2 1 2 2 2 2 2 2 2 1 2 2 2 2 2 2 2 2 2 2 2 2 2 2 2 1 2 2 2 2 2 2 2 2 2 2 2 2 2 2 2 2 2 2 2 2 2
left_child=1 3 5 8 11 12 -4 21 24 13 26 16 30 20 15 17 28 18 19 -8 27 -5 -20 -10 25 -1 -6 -7 -3 -30 31 -2 34 -34 38 -36 -37 -35 -19 40 -18 -33 43 -9 -13 46 -25 48 -28 54 -50 -14 61 59 -49 56 60 -58 -32 -21 -12 -29
right_child=2 4 6 7 10 9 14 42 23 -11 55 44 51 -15 -16 -17 39 32 22 53 -22 -23 -24 45 -26 -27 47 52 29 -31 58 41 33 37 35 36 -38 -39 -40 -41 -42 -43 -44 -45 -46 -47 -48 49 50 -51 -52 -53 -54 -55 -56 -57 57 -59 -60 -61 -62 -63
leaf_value=21.409179235448441 7.5743025779724125 20.073960700867669 44.235102138962858 -6.5075164860087789 -10.691019745306535 -3.7664267546789989 35.129077675031581 2.6378026848560889 -10.258507476458382 2.7317511943976083 3.2884036543204433 -7.9627128453598814 42.720763943990079 15.33256165382174 37.187876617665196 41.79301876068115 11.487102118507028 5.2328598976135261 17.30871843761868 31.54106959660848 5.4765088530672275 -3.1353486335773493 -7.0683858889341353 6.489466718629183 -6.7735444809823511 -0.39501547594280806 3.3894194172486252 10.835362451253349 19.393371687882716 -5.8858846727284515 12.671577793702312 38.9455538595424 10.060158859128538 42.004899301836566 53.913923410808344 17.37655784200739 41.38838815093041 20.510555978545124 28.87459302382036 -2.9114315697618127 1.0810911478211365 17.415241968309555 -0.82228126404015167 22.69020817049088 -1.5902820832829285 -10.312624602415125 -5.1441578644715005 11.182811468387472 8.4299765077024595 -2.1722708846583512 23.837352699391985 21.205343685150147 25.667173062186492 3.3534079658985139 27.641296602064564 -0.46435375077492336 -0.9663939435254788 4.9628520016933928 -4.7012083180745448 15.380867304120745 10.895749958232045 26.028332554499311
leaf_weight=30 40 63 43 2374 33 35 46 76 2565 410 282 194 30 388 49 30 118 30 36 30 615 1778 40 83 195 136 802 506 42 55 87 34 92 31 34 54 32 56 33 354 577 37 494 31 3122 147 178 145 257 33 34 30 38 40 31 1099 661 382 30 175 192 30
leaf_count=30 40 63 43 2374 33 35 46 76 2565 410 282 194 30 388 49 30 118 30 36 30 615 1778 40 83 195 136 802 506 42 55 87 34 92 31 34 54 32 56 33 354 577 37 494 31 3122 147 178 145 257 33 34 30 38 40 31 1099 661 382 30 175 192 30
internal_value=0.0159183 -2.51745 13.2903 -6.12488 0.924414 9.83643 22.6656 -4.3185 -8.70009 8.69015 2.9145 -0.81323 17.8842 10.1259 21.5177 20.506 2.32138 19.63 15.6085 18.5153 8.55811 -5.06346 4.47866 -9.48741 -2.21613 3.34405 5.76148 11.6701 10.3262 5.05977 14.1793 20.4638 23.7071 18.8619 28.4464 34.132 26.3112 28.1695 17.6166 1.01445 3.0287 27.7255 0.828057 8.44738 -1.95719 -4.63968 -1.44458 6.22273 5.21069 11.5153 10.2302 31.9631 12.6113 15.396 14.0817 1.43412 2.81894 1.2052 8.21702 17.7458 6.36986 11.6857
internal_weight=19724 16563 3161 8087 8476 2310 851 4753 3334 2022 3951 4525 288 1612 808 759 1209 729 367 291 1224 4152 76 2973 361 166 1335 609 160 97 228 111 362 179 183 120 86 87 63 1049 695 71 601 107 3316 408 261 1302 1093 209 291 60 574 245 176 2616 1517 1043 117 205 474 536
internal_count=19724 16563 3161 8087 8476 2310 851 4753 3334 2022 3951 4525 288 1612 808 759 1209 729 367 291 1224 4152 76 2973 361 166 1335 609 160 97 228 111 362 179 183 120 86 87 63 1049 695 71 601 107 3316 408 261 1302 1093 209 291 60 574 245 176 2616 1517 1043 117 205 474 536
cat_boundaries=0 1 2 3 4 5 6
cat_threshold=193 9 8 2048 24 22
is_linear=0
shrinkage=0.05


Tree=54
num_leaves=63
num_cat=1
split_feature=1 4 7 18 7 7 24 18 15 12 10 6 18 13 17 18 19 10 17 15 15 1 18 18 12 1 7 17 7 17 15 11 11 15 15 11 17 4 18 9 13 14 10 4 18 13 5 4 11 10 3 5 13 15 15 14 19 18 17 1 15 15
split_gain=2.46371e+08 5.79408e+07 5.64791e+07 1.26399e+07 1.17027e+07 1.06651e+07 8.86498e+06 8.45552e+06 6.88164e+06 6.7222e+06 5.75085e+06 5.52956e+06 5.47769e+06 5.69288e+06 5.33832e+06 5.24215e+06 4.91105e+06 5.67916e+06 6.62898e+06 1.13258e+07 5.79628e+06 4.64352e+06 4.28847e+06 6.28421e+06 4.06312e+06 3.89231e+06 4.42456e+06 3.48711e+06 3.26912e+06 3.16247e+06 3.13219e+06 3.12512e+06 2.93495e+06 2.9115e+06 2.95172e+06 8.23424e+06 2.88198e+06 3.33565e+06 2.88808e+06 2.87645e+06 2.87514e+06 5.48107e+06 3.44599e+06 2.86092e+06 2.82721e+06 2.72576e+06 2.99386e+06 2.70311e+06 2.69557e+06 2.64656e+06 2.63018e+06 2.5353e+06 2.52267e+06 2.48071e+06 3.69817e+06 2.38945e+06 2.33619e+06 2.71133e+06 3.08839e+06 2.30679e+06 2.26482e+06 2.62755e+06
threshold=5400.5000000000009 2982.5000000000005 7721.5625000000009 2.5000000000000004 3733.8125000000005 10048.312500000002 0 38.500000000000007 0.30621050898552954 7.5750000000000011 485.2966967768329 5903.6250000000009 42.500000000000007 5.3900000000000015 9.3850000000000016 2.5000000000000004 11.500000000000002 1020.7108971356332 2.1050000000000004 -0.12911546425757273 -0.04912368155709386 7557.5000000000009 19.500000000000004 32.500000000000007 4.8550000000000013 5846.5000000000009 5874.2500000000009 3.7650000000000001 11500.062500000002 9.8100000000000005 0.027572764996482504 472.33788247287015 608.99036849188906 -0.059872611464968438 -0.23276084073772788 1194.9173281523842 5.5500000000000007 4003.5000000000005 3.5000000000000004 719.37773962376161 3.5250000000000004 3.6050000000000004 735.22960432326715 4568.5000000000009 36.500000000000007 7.285000000000001 3705.5000000000005 5366.5000000000009 664.92717127067101 460.29095956743157 8716.0000000000018 1042.5000000000002 5.8150000000000004 -0.059872611464968438 -0.12444387743893208 3.3850000000000002 10.500000000000002 3.5000000000000004 5.6550000000000002 3565.5000000000005 0.039033032893115473 0.13684210526315513
decision_type=2 2 2 2 2 2 1 2 2 2 2 2 2 2 2 2 2 2 2 2 2 2 2 2 2 2 2 2 2 2 2 2 2 2 2 2 2 2 2 2 2 2 2 2 2 2 2 2 2 2 2 2 2 2 2 2 2 2 2 2 2 2
left_child=1 6 8 -4 24 16 29 9 10 28 21 -12 13 39 45 -10 17 18 19 -5 -20 22 -2 -24 44 27 -27 -17 53 51 33 -22 36 34 -30 -36 37 -15 -38 47 42 -42 -33 -14 -3 48 -47 -6 -8 -28 -43 -1 -51 54 -7 -9 57 58 -53 -26 -55 -62
right_child=2 4 3 5 12 7 14 55 15 -11 11 -13 43 32 -16 25 -18 -19 20 -21 31 -23 23 -25 59 26 49 -29 30 -31 -32 40 -34 -35 35 -37 38 -39 -40 -41 41 50 -44 -45 -46 46 -48 -49 -50 52 -52 56 -54 60 -56 -57 -58 -59 -60 -61 61 -63
leaf_value=-13.780681499176556 11.491040482155519 -4.8706441288955915 43.304389529812092 44.227800587813064 -0.91778833803443194 15.037833160824247 -5.2592310960910451 30.70058057869182 33.576529844345586 41.695237993512841 -1.0038177706155123 5.5482178690203705 2.357529801394429 0.76883027269880966 10.748767051431869 10.479276471753275 29.512860148003764 3.5442859631997572 6.7021906308735471 11.642577891349793 3.9510808064387399 24.187672285600144 -0.045128138092862577 9.6024643995663901 6.0628452292415833 -7.4872231834813165 21.309434470724554 34.391850207646691 15.67821547023037 7.1746635261081879 37.128280890153512 18.494118471400252 -1.2465410217162103 8.8885805507118896 50.214263291656977 17.470300629734993 21.277695126803419 8.6830016487495492 4.346910155316194 -5.7271140538467655 41.70115550931763 26.740855204022452 -0.29041308313608172 8.3610429898305778 -1.7446749104795778 3.383347449464313 -8.6505872285529364 2.6048172728660455 -13.255764730681074 -3.4441229575020929 9.9227907505441237 -7.4503828606474292 15.979427091777325 4.2459105420468459 33.639640835711837 50.060727341969809 -5.3077508248999479 -9.5363309571064647 7.6627160237759968 -1.9531663317920112 23.297278549086371 4.7796132532755538
leaf_weight=243 437 1732 49 48 3231 90 2513 34 31 35 459 1079 598 322 54 31 47 135 237 60 39 44 314 365 180 38 47 30 57 31 36 103 217 39 32 48 53 227 48 263 34 46 32 297 1242 177 73 655 110 35 47 109 32 67 38 30 488 2281 49 179 53 30
leaf_count=243 437 1732 49 48 3231 90 2513 34 31 35 459 1079 598 322 54 31 47 135 237 60 39 44 314 365 180 38 47 30 57 31 36 103 217 39 32 48 53 227 48 263 34 46 32 297 1242 177 73 655 110 35 47 109 32 67 38 30 488 2281 49 179 53 30
internal_value=-0.100638 -3.08882 10.32 18.3377 -0.589473 17.4743 -6.85905 22.6174 6.32483 20.5258 5.59761 3.59283 0.746415 0.103474 -4.80994 14.366 13.8158 12.8712 14.8203 26.1249 12.5509 8.25567 7.62752 5.14099 -2.95864 11.5701 7.28833 22.2396 19.0137 -8.69058 23.6904 17.1561 3.78832 20.9417 24.3729 30.5679 5.46919 4.04117 13.2314 -0.666534 19.1217 24.522 14.0415 4.34976 -3.56518 -5.11912 -0.130561 -0.32404 -5.59458 12.2135 18.2414 -8.87315 5.8328 15.4472 20.5602 39.7756 -8.46572 -9.09758 -2.76341 2.066 11.0841 16.6041
internal_weight=19780 15372 4408 1466 9244 1417 6128 589 2942 525 2698 1538 5911 5016 2927 244 828 781 646 108 538 1160 1116 679 3333 213 152 61 490 3201 212 301 867 176 137 80 650 549 101 4149 262 127 135 895 2974 2873 250 3886 2623 114 93 3170 67 278 128 64 2927 2439 158 359 150 83
internal_count=19780 15372 4408 1466 9244 1417 6128 589 2942 525 2698 1538 5911 5016 2927 244 828 781 646 108 538 1160 1116 679 3333 213 152 61 490 3201 212 301 867 176 137 80 650 549 101 4149 262 127 135 895 2974 2873 250 3886 2623 114 93 3170 67 278 128 64 2927 2439 158 359 150 83
cat_boundaries=0 1
cat_threshold=40
is_linear=0
shrinkage=0.05


Tree=55
num_leaves=63
num_cat=2
split_feature=8 4 7 12 18 7 27 8 18 18 27 12 4 4 19 10 18 11 18 12 11 18 13 4 7 10 7 0 11 2 2 0 0 8 6 2 0 2 11 12 7 0 4 9 18 5 18 11 10 22 13 2 12 10 4 10 12 18 12 18 5 9
split_gain=2.2237e+08 5.19485e+07 5.17894e+07 1.195e+07 1.14075e+07 9.62522e+06 8.17787e+06 7.66506e+06 7.6311e+06 7.59723e+06 6.84181e+06 6.06678e+06 4.59892e+06 4.52773e+06 4.43222e+06 5.12544e+06 3.6156e+06 5.30082e+06 3.38254e+06 3.09227e+06 3.05767e+06 4.13927e+06 3.7424e+06 3.02334e+06 3.23267e+06 2.9551e+06 2.95038e+06 2.8542e+06 3.44887e+06 3.41016e+06 2.85108e+06 4.75676e+06 2.78682e+06 3.15913e+06 3.27369e+06 2.7718e+06 3.31666e+06 3.30237e+06 3.07536e+06 3.36113e+06 2.84772e+06 2.70068e+06 2.61431e+06 2.55442e+06 2.54001e+06 2.39691e+06 2.35462e+06 2.46602e+06 3.03328e+06 2.33185e+06 4.16583e+06 3.76284e+06 3.05934e+06 2.32721e+06 2.60415e+06 2.30184e+06 2.29661e+06 2.29375e+06 3.03448e+06 3.61761e+06 2.28851e+06 2.19208e+06
threshold=5294.291666666667 2962.5000000000005 7721.5625000000009 4.8550000000000013 2.5000000000000004 10048.312500000002 0 3745.8750000000005 38.500000000000007 42.500000000000007 1 7.5750000000000011 1557.5000000000002 1871.5000000000002 11.500000000000002 1020.7108971356332 19.500000000000004 560.8328188953509 37.500000000000007 9.5750000000000011 418.09784785107433 3.5000000000000004 4.1050000000000013 5712.5000000000009 5562.9375000000009 926.86863331380493 11500.062500000002 11358.000000000002 1048.2668171720497 13037.500000000002 9208.5000000000018 9232.5000000000018 7807.5000000000009 6834.791666666667 5124.8750000000009 5706.5000000000009 5818.5000000000009 5225.5000000000009 603.29784342036021 7.3000000000000007 4487.0625000000009 5606.5000000000009 7126.0000000000009 1005.4342130189797 36.500000000000007 3861.5000000000005 37.500000000000007 462.89282656513143 473.7570484450078 4.7350000000000003 2.5850000000000004 7445.5000000000009 4.6250000000000009 1056.9990431813287 7492.5000000000009 316.16310208117017 3.3450000000000002 22.500000000000004 3.5350000000000006 30.500000000000004 2402.5000000000005 451.77750787591373
decision_type=2 2 2 2 2 2 1 2 2 2 1 2 2 2 2 2 2 2 2 2 2 2 2 2 2 2 2 2 2 2 2 2 2 2 2 2 2 2 2 2 2 2 2 2 2 2 2 2 2 2 2 2 2 2 2 2 2 2 2 2 2 2
left_child=1 6 10 7 -4 14 12 44 11 61 23 26 60 -8 15 25 17 -12 32 20 22 -22 -14 24 41 30 -7 -28 -29 -30 31 42 33 34 -18 36 38 -38 40 -40 -5 -2 -6 -26 -3 -46 47 -44 -49 -25 -51 52 56 54 -19 -21 -52 -35 -59 -60 -1 -9
right_child=2 3 4 35 5 8 13 9 -10 -11 16 -13 19 -15 -16 -17 18 53 -20 55 21 -23 -24 49 43 -27 27 28 29 -31 -32 -33 -34 57 -36 -37 37 -39 39 -41 -42 -43 46 -45 45 -47 -48 48 -50 50 51 -53 -54 -55 -56 -57 -58 58 59 -61 -62 -63
leaf_value=-7.3376625085928868 7.8407245392149152 -4.6952765204831959 41.13916984091 2.8567962372705615 24.354145255296803 14.674873907274481 -10.960482895471923 -0.45929783253955681 37.786866473220293 4.4639021088317667 11.839767754550964 39.610475790841242 -4.8291715840907834 -6.9732863373590153 28.037216720809329 3.3670716694507892 11.316459224337624 1.0982934340282018 10.516832309095269 -5.3398864899362835 2.7079434854044044 -10.752657375678625 0.0012649643988836381 9.4198279373270353 5.7004768686565743 26.743062733494959 32.682455325126647 32.351837283686585 9.0445335543155672 26.638656081472124 8.0082461592957781 29.771650797011809 -12.522804409440827 17.743187496662141 -0.57894100711467245 -4.7877387814002459 6.4605705825872324 24.296050869756275 -6.4358316242315219 5.5187809075446843 8.849675270867726 27.295929546356202 -1.130925464630127 -8.0066765471508639 -1.1118659082702969 -9.7192740177286083 20.169155229205515 21.163674476454336 7.9633275286792076 -0.53331534639000899 25.655224663136053 5.6792393660545351 35.381888209162533 14.577314851450366 14.061883727894273 9.0542993544078456 10.064576910842549 1.2368258749146062 25.894752728939057 1.7267339340845744 -18.745674336210211 -3.401505123346857
leaf_weight=680 44 1700 49 929 48 278 1099 3108 64 741 315 35 1103 2022 47 135 63 391 117 42 71 292 630 385 322 43 52 38 80 42 185 51 34 40 706 101 93 36 157 94 252 30 44 38 1150 87 67 62 146 32 51 40 37 43 43 82 44 166 32 30 47 795
leaf_count=680 44 1700 49 929 48 278 1099 3108 64 741 315 35 1103 2022 47 135 63 391 117 42 71 292 630 385 322 43 52 38 80 42 185 51 34 40 706 101 93 36 157 94 252 30 44 38 1150 87 67 62 146 32 51 40 37 43 43 82 44 166 32 30 47 795
internal_value=-0.0956064 -2.95977 9.71717 -0.599998 17.4208 16.6006 -6.55427 -1.44178 21.4866 -0.177421 5.95641 19.4995 -4.60797 -8.35054 13.125 12.2276 4.16825 6.80612 2.44476 -3.49329 -3.94718 -8.11987 -3.07316 9.28586 6.21007 14.0793 18.063 22.5059 19.1985 15.1015 13.1762 15.4634 1.56294 2.02476 0.395585 3.23968 3.75907 11.4379 3.06733 -1.95881 4.13555 15.728 13.4751 4.25361 -3.44099 -1.71724 11.8381 9.62315 11.898 11.7099 16.0318 19.1137 23.1848 3.48201 2.3827 4.17885 18.4343 6.69953 4.76205 14.2006 -8.07518 -1.05859
internal_weight=19780 15311 4469 9243 1466 1417 6068 7581 589 4644 3003 525 2947 3121 828 781 1980 792 1188 2220 2096 363 1733 1023 434 646 490 212 160 122 603 418 1071 1037 769 1662 1561 129 1432 251 1181 74 367 360 2937 1237 319 252 208 589 204 172 132 477 434 124 95 268 228 62 727 3903
internal_count=19780 15311 4469 9243 1466 1417 6068 7581 589 4644 3003 525 2947 3121 828 781 1980 792 1188 2220 2096 363 1733 1023 434 646 490 212 160 122 603 418 1071 1037 769 1662 1561 129 1432 251 1181 74 367 360 2937 1237 319 252 208 589 204 172 132 477 434 124 95 268 228 62 727 3903
cat_boundaries=0 1 2
cat_threshold=9 9
is_linear=0
shrinkage=0.05


Tree=56
num_leaves=63
num_cat=2
split_feature=1 4 7 18 7 7 27 18 17 12 18 18 17 17 18 4 18 13 19 10 17 16 4 17 16 12 10 3 3 10 18 0 13 11 17 13 14 18 14 13 10 5 16 27 18 9 14 0 17 10 10 5 17 5 13 4 17 19 16 12 12 11
split_gain=2.01436e+08 4.71214e+07 4.57751e+07 1.02952e+07 9.23357e+06 8.68676e+06 7.59869e+06 6.88707e+06 5.5982e+06 5.47527e+06 5.08406e+06 6.3613e+06 5.71684e+06 4.78028e+06 5.23299e+06 4.55025e+06 4.34626e+06 5.07326e+06 4.00008e+06 4.62571e+06 5.92157e+06 5.65837e+06 3.81566e+06 3.63598e+06 3.63492e+06 3.23724e+06 3.23048e+06 3.18203e+06 3.10136e+06 3.07978e+06 2.972e+06 3.56273e+06 4.64409e+06 2.95901e+06 3.84848e+06 3.96646e+06 3.43958e+06 3.14532e+06 2.93114e+06 2.90524e+06 2.82443e+06 2.80304e+06 2.73749e+06 5.47216e+06 3.05649e+06 2.66616e+06 2.65293e+06 3.13096e+06 2.6217e+06 2.6209e+06 5.2975e+06 4.51133e+06 2.55399e+06 3.13449e+06 2.54114e+06 2.50777e+06 2.4257e+06 3.33718e+06 2.41734e+06 2.40969e+06 2.72943e+06 2.5716e+06
threshold=5400.5000000000009 3042.5000000000005 7721.5625000000009 2.5000000000000004 3733.8125000000005 10048.312500000002 0 38.500000000000007 9.5750000000000011 7.5750000000000011 47.500000000000007 6.5000000000000009 2.3250000000000006 4.1450000000000005 15.500000000000002 1871.5000000000002 42.500000000000007 5.3900000000000015 11.500000000000002 1020.7108971356332 2.1050000000000004 3.6350000000000002 1557.5000000000002 4.8550000000000013 5.9850000000000012 7.5600000000000014 397.10460968104144 5125.5000000000009 6367.5000000000009 530.4716900828015 37.500000000000007 8261.5000000000018 3.4450000000000007 448.77731593781346 3.0050000000000003 7.330000000000001 2.6750000000000003 3.5000000000000004 7.285000000000001 2.6750000000000003 485.2966967768329 2402.5000000000005 4.6450000000000005 1 49.500000000000007 596.22180114904859 3.2250000000000005 11009.000000000002 5.9650000000000007 799.86790254836058 954.68496444119216 10418.500000000002 2.8350000000000004 6290.0000000000009 5.7900000000000009 4568.5000000000009 1.0000000180025095e-35 3.5000000000000004 4.0450000000000008 4.4400000000000004 4.1050000000000013 854.31735545390086
decision_type=2 2 2 2 2 2 1 2 2 2 2 2 2 2 2 2 2 2 2 2 2 2 2 2 2 2 2 2 2 2 2 2 2 2 2 2 2 2 2 2 2 2 2 1 2 2 2 2 2 2 2 2 2 2 2 2 2 2 2 2 2 2
left_child=1 6 10 -4 23 18 8 9 22 39 11 24 29 14 27 -8 17 45 19 20 21 -5 41 -3 48 -15 -25 -13 40 -12 59 -32 -33 34 38 36 -36 -35 -24 -7 -16 -1 43 44 -38 -6 47 -41 -2 51 -51 -48 53 -29 -26 -18 57 -17 -58 60 -22 -61
right_child=2 4 3 5 16 7 15 -9 -10 -11 12 13 -14 25 28 56 55 -19 -20 -21 30 -23 33 26 54 -27 -28 52 -30 -31 31 32 -34 37 35 -37 42 -39 -40 46 -42 -43 -44 -45 -46 -47 49 -49 -50 50 -52 -53 -54 -55 -56 -57 58 -59 -60 61 -62 -63
leaf_value=-7.0663214384133957 13.444513463137444 -2.9786844734849893 39.082211529478741 12.183008663470929 -0.14382825683214484 8.1740304043418472 -10.412458762325841 35.897523143887518 7.6260709121823318 37.629951891217914 11.409952143379437 -0.084510327202000038 22.445269569786646 -3.3515809191643982 3.8174271466511613 1.8371874811719449 2.0442074195709217 3.6413762362054456 26.635356170065862 3.1987180743394075 8.4571432835625533 35.088090972575763 -5.5428559835189741 14.686740496022892 0.094911484782760208 12.554634070934521 -3.0910948184576443 18.867917216235195 5.779257590432425 -4.9029229734625135 2.5350180208683017 12.584878270075873 32.853665498733527 2.5497341256272996 11.51771329056983 14.192785849778549 17.454129655250622 -10.152997334918807 2.1120017212041668 19.442109476602994 -2.5253522791426346 -20.689919004440309 -6.6478006532078702 -3.2151814181499092 1.3390509894915992 -4.1474032082410259 20.269637678350723 39.726106055577596 31.705461985270183 34.248965135574345 15.783094680035251 -0.18249843808320854 4.4079918912812772 8.7029041913882743 10.479096734565022 7.6649864879320777 -6.9076744710650617 -5.9463631861636355 -12.775771562448529 25.148992992724693 -6.7884287574074493 8.3665338046550755
leaf_weight=673 57 3018 49 52 3669 76 1099 64 96 35 93 73 93 287 421 170 598 851 47 135 266 56 1048 56 74 36 47 145 740 42 32 65 50 59 51 46 62 280 142 52 301 40 210 306 56 469 56 30 30 50 174 52 102 159 289 297 1095 725 209 42 33 50
leaf_count=673 57 3018 49 52 3669 76 1099 64 96 35 93 73 93 287 421 170 598 851 47 135 266 56 1048 56 74 36 47 145 740 42 32 65 50 59 51 46 62 280 142 52 301 40 210 306 56 469 56 30 30 50 174 52 102 159 289 297 1095 725 209 42 33 50
internal_value=-0.090826 -2.7928 9.33174 16.5498 -0.465029 15.7706 -6.08501 20.4122 -4.24396 18.5245 5.735 5.13256 12.9062 4.05335 4.99058 -7.76183 0.701038 0.125471 12.4688 11.6162 13.3753 24.0597 -4.64153 -2.66341 10.5622 -1.57875 6.57452 9.52621 3.50455 6.33484 11.2305 17.2913 21.3974 -3.63541 -2.87539 -0.0200014 -0.974437 -7.9422 -4.62942 17.1598 1.17314 -7.83062 -1.97933 0.33289 9.04018 -0.597593 18.8094 26.8631 19.7414 16.8202 19.9049 10.4223 11.2542 13.5513 8.36221 3.90943 -6.47241 -4.46792 -7.84819 8.95183 6.77452 16.0281
internal_weight=19780 15372 4408 1466 9005 1417 6367 589 3069 525 2942 2714 228 2264 1941 3298 5884 4989 828 781 646 108 2973 3121 450 323 103 479 1462 135 538 147 115 2260 1921 731 685 339 1190 490 722 713 634 424 118 4138 414 82 87 332 224 108 406 304 363 895 2199 895 1304 391 299 92
internal_count=19780 15372 4408 1466 9005 1417 6367 589 3069 525 2942 2714 228 2264 1941 3298 5884 4989 828 781 646 108 2973 3121 450 323 103 479 1462 135 538 147 115 2260 1921 731 685 339 1190 490 722 713 634 424 118 4138 414 82 87 332 224 108 406 304 363 895 2199 895 1304 391 299 92
cat_boundaries=0 1 2
cat_threshold=9 8
is_linear=0
shrinkage=0.05


Tree=57
num_leaves=63
num_cat=5
split_feature=8 7 8 18 27 7 27 24 11 18 4 8 8 17 27 24 16 13 4 17 9 18 13 16 14 4 11 17 17 10 7 6 1 8 13 17 10 10 18 17 3 16 4 17 11 3 16 16 9 14 11 11 10 16 17 4 3 17 8 5 17 9
split_gain=1.86982e+08 4.69968e+07 3.48584e+07 1.33786e+07 8.09195e+06 7.58612e+06 7.08319e+06 8.7943e+06 6.34548e+06 6.22245e+06 5.68812e+06 5.68191e+06 5.13123e+06 4.75522e+06 4.54916e+06 5.89507e+06 4.43167e+06 4.05405e+06 3.95409e+06 3.73626e+06 3.76539e+06 3.65551e+06 3.61826e+06 4.36069e+06 4.21434e+06 3.6079e+06 3.56147e+06 4.8661e+06 3.66886e+06 3.43299e+06 3.69353e+06 3.2872e+06 3.60674e+06 3.18458e+06 3.0901e+06 3.07106e+06 3.0597e+06 2.97049e+06 2.94498e+06 5.85057e+06 2.9391e+06 3.32573e+06 3.20531e+06 2.90249e+06 2.88704e+06 2.77837e+06 2.76781e+06 2.67071e+06 2.64693e+06 2.63026e+06 3.62064e+06 5.8992e+06 2.6269e+06 2.57927e+06 4.47518e+06 2.51802e+06 3.0513e+06 2.51319e+06 2.36206e+06 2.25574e+06 2.22342e+06 2.55773e+06
threshold=4866.0000000000009 7721.5625000000009 2819.2916666666674 2.5000000000000004 0 11500.062500000002 1 2 608.99036849188906 47.500000000000007 5712.5000000000009 9798.1666666666697 4279.5833333333348 4.6450000000000005 3 4 7.3150000000000004 3.4750000000000005 1941.5000000000002 9.5750000000000011 968.66526600973214 37.500000000000007 4.3250000000000011 3.2250000000000005 6.2800000000000002 2312.5000000000005 718.95047120542256 4.9350000000000014 7.9050000000000011 745.86447004928766 8538.9375000000018 4475.1250000000009 3612.5000000000005 9798.1666666666697 2.9450000000000007 3.0350000000000006 813.88196116091763 840.32627862978347 15.500000000000002 3.0450000000000004 6055.0000000000009 3.7750000000000004 6133.5000000000009 6.8350000000000009 640.73812355852147 9591.0000000000018 3.5950000000000002 7.9500000000000011 456.43719430683927 3.4750000000000005 478.03297516235381 582.81787696184733 1221.6073574257323 7.0200000000000005 4.6250000000000009 3602.5000000000005 4306.5000000000009 3.6950000000000007 3792.4583333333335 7605.0000000000009 7.3000000000000007 509.20931337257105
decision_type=2 2 2 2 1 2 1 1 2 2 2 2 2 2 1 1 2 2 2 2 2 2 2 2 2 2 2 2 2 2 2 2 2 2 2 2 2 2 2 2 2 2 2 2 2 2 2 2 2 2 2 2 2 2 2 2 2 2 2 2 2 2
left_child=2 4 14 -3 10 9 7 8 16 19 26 -11 48 38 15 25 31 -7 -16 20 21 29 23 -19 -24 47 27 -2 -28 30 34 32 -4 36 -5 40 -31 -35 39 -6 -12 -42 -43 -29 -32 59 -39 -1 58 -36 -51 -52 -47 54 -37 56 60 -23 -8 -22 -9 -62
right_child=1 3 6 5 13 17 12 55 -10 11 35 -13 -14 -15 18 -17 -18 22 -20 -21 45 57 24 -25 -26 -27 28 43 -30 33 44 -33 -34 37 49 53 -38 46 -40 -41 41 42 -44 -45 -46 52 -48 -49 -50 50 51 -53 -54 -55 -56 -57 -58 -59 -60 -61 61 -63
leaf_value=2.2048746553109715 5.2959713793831114 41.728876192011739 28.558829451435145 26.524529948601355 11.08347958430342 13.328171197160499 -3.2097898409259424 -1.6266596492813772 -0.65633230371908713 16.748005288839341 4.545231408708144 42.828031589138895 0.43360052489347178 -9.0225093386967981 -8.974508885379171 -5.425589778913861 -1.4995574696858724 24.792828190954111 -5.742277162623715 29.318779525756838 11.203583609673286 16.561359248762056 9.3903560451989954 50.293372650146488 30.738359855651858 12.269504510768703 -4.0497482707983332 25.386464270555749 10.473361539840699 23.43284114631447 -2.7939976229554131 34.345782012939452 9.1757994436555439 11.556929289988982 -1.0643951733907064 15.093021228650342 6.6697488196845205 18.4779130487731 2.8374601395691323 0.84291776509608263 6.6458737971368906 28.948066467179196 13.128315801394955 8.9157631503211121 8.4828468924931126 18.628619497472592 38.661653845650811 -10.46680474911096 -6.1937814476441533 -0.37073794949439265 35.460395662443979 9.1073481417364555 1.7886002969741821 5.2640485705751363 35.886884080701407 2.2872680915683685 -12.357265300063764 32.239852792024614 -0.75475259677264328 -4.7699045825314217 11.545470991408504 -0.59159321438698542
leaf_weight=193 486 47 36 39 341 77 2850 996 88 64 172 31 1693 75 1666 1120 30 38 2190 30 31 127 43 30 50 71 158 53 60 37 84 30 72 39 36 92 103 33 1988 236 121 45 111 54 175 55 35 53 504 31 35 54 40 33 36 840 59 32 1493 77 74 105
leaf_count=193 486 47 36 39 341 77 2850 996 88 64 172 31 1693 75 1666 1120 30 38 2190 30 31 127 43 30 50 71 158 53 60 37 84 30 72 39 36 92 103 33 1988 236 121 45 111 54 175 55 35 53 504 31 35 54 40 33 36 840 59 32 1493 77 74 105
internal_value=0.0374988 7.83092 -3.00768 15.4816 5.05588 14.6165 -1.0915 1.27381 9.83611 12.9842 8.09878 25.2583 -1.93318 3.37456 -6.2188 -3.72424 15.9176 22.7643 -7.12031 11.9174 11.4263 12.8721 27.2772 36.0431 20.8678 2.26891 5.41223 7.42121 -0.0525621 11.3196 8.73868 19.704 15.6368 16.0634 13.9362 11.8033 11.1 22.5575 3.7502 6.89497 9.67892 12.8666 17.6917 17.0741 4.82549 5.30121 28.8666 -0.525203 -2.76386 10.7891 14.3451 19.4709 11.5381 17.7279 20.9413 0.174818 -1.26174 19.7168 -2.36582 -0.184922 -0.7046 4.42596
internal_weight=19697 5534 14163 1473 4061 1426 8870 2330 256 1188 1421 95 6540 2640 5293 1437 168 238 3856 1093 1063 860 161 68 93 317 811 593 218 701 454 138 108 247 195 610 140 107 2565 577 449 277 156 107 259 203 68 246 4847 156 120 89 95 161 128 2074 1234 159 4343 108 1175 179
internal_count=19697 5534 14163 1473 4061 1426 8870 2330 256 1188 1421 95 6540 2640 5293 1437 168 238 3856 1093 1063 860 161 68 93 317 811 593 218 701 454 138 108 247 195 610 140 107 2565 577 449 277 156 107 259 203 68 246 4847 156 120 89 95 161 128 2074 1234 159 4343 108 1175 179
cat_boundaries=0 1 2 3 4 5
cat_threshold=9 8 2048 8 20
is_linear=0
shrinkage=0.05


Tree=58
num_leaves=63
num_cat=3
split_feature=8 7 6 18 27 2 12 4 27 24 11 4 17 9 18 13 2 5 8 13 14 5 18 11 17 19 11 10 8 3 0 18 0 8 13 7 2 7 6 17 2 11 11 18 3 17 17 10 18 4 3 1 13 13 14 17 18 10 14 19 9 13
split_gain=1.68758e+08 4.24146e+07 3.15034e+07 1.20742e+07 7.30298e+06 7.17035e+06 6.94378e+06 5.13353e+06 5.10583e+06 7.39786e+06 5.34621e+06 5.04515e+06 4.29159e+06 4.2709e+06 4.94218e+06 4.56311e+06 4.12192e+06 6.60615e+06 4.07682e+06 3.73276e+06 3.28419e+06 3.27021e+06 3.38732e+06 3.24882e+06 4.88599e+06 3.24844e+06 3.25037e+06 2.95956e+06 5.21429e+06 3.43954e+06 3.34729e+06 2.93068e+06 2.89738e+06 3.82414e+06 3.13684e+06 3.19439e+06 3.21942e+06 2.89169e+06 2.86467e+06 2.78175e+06 3.28542e+06 2.78053e+06 2.7262e+06 4.68218e+06 2.89273e+06 2.80987e+06 2.71157e+06 3.81598e+06 3.96551e+06 2.70475e+06 2.66126e+06 2.62227e+06 2.56594e+06 3.95547e+06 2.52723e+06 2.50448e+06 2.9999e+06 2.49375e+06 2.46092e+06 2.37842e+06 2.37003e+06 2.32431e+06
threshold=4866.0000000000009 7721.5625000000009 2992.5000000000005 2.5000000000000004 0 11318.500000000002 6.8050000000000006 5712.5000000000009 1 2 608.99036849188906 1941.5000000000002 4.6450000000000005 968.66526600973214 39.500000000000007 3.7950000000000004 13037.500000000002 11937.000000000002 4279.5833333333348 6.7650000000000015 4.7250000000000005 10418.500000000002 18.500000000000004 927.54013843235236 5.1800000000000006 1.5000000000000002 323.53480901224361 840.32627862978347 9798.1666666666697 8343.5000000000018 11009.000000000002 3.5000000000000004 7930.0000000000009 6151.7083333333339 3.4850000000000008 7250.5000000000009 7445.5000000000009 4391.9375000000009 6094.6250000000009 2.8150000000000004 7171.0000000000009 697.31855998651974 448.77731593781346 7.5000000000000009 3856.5000000000005 3.5450000000000004 3.6650000000000005 755.69946095868761 13.500000000000002 2982.5000000000005 6055.0000000000009 10411.500000000002 4.0250000000000012 5.9300000000000006 5.0050000000000008 3.0050000000000003 22.500000000000004 1307.2560509709017 4.4850000000000012 8.5000000000000018 627.51689791653791 3.4850000000000008
decision_type=2 2 2 2 1 2 2 2 1 1 2 2 2 2 2 2 2 2 2 2 2 2 2 2 2 2 2 2 2 2 2 2 2 2 2 2 2 2 2 2 2 2 2 2 2 2 2 2 2 2 2 2 2 2 2 2 2 2 2 2 2 2
left_child=2 4 11 -3 7 13 16 23 9 10 37 25 32 14 27 -16 17 21 49 -13 -18 -7 -23 24 41 -1 -27 30 29 -29 46 -26 33 -6 38 36 -36 -4 -35 50 -41 -2 44 58 45 -11 47 48 -5 -10 -9 57 -52 -54 -51 56 -40 61 -44 -50 -30 -15
right_child=1 3 8 5 12 6 -8 39 18 42 -12 19 -14 51 15 -17 20 -19 -20 -21 -22 22 -24 -25 31 26 -28 28 60 -31 -32 -33 -34 34 35 -37 -38 -39 55 40 -42 -43 43 -45 -46 -47 -48 -49 59 54 52 -53 53 -55 -56 -57 -58 -59 -60 -61 -62 -63
leaf_value=-2.5918736886939819 5.4508394450394082 39.642432608502979 11.396135795783643 27.112347660193578 2.2939075137165528 10.215404168933127 42.402105266397655 4.1902948490966709 -7.0646600945100833 -1.4193515805755488 -0.62351562380790715 -4.768292038504419 -8.5713838098446526 -2.1898379345329442 16.756051107675216 35.853390818375807 37.587653414796044 -2.4956503582000735 0.41192050976772249 3.0509337357571349 16.021252222599525 35.279726340553978 15.874712295117588 -3.2018233065511668 23.669743271745169 -7.5438500048934687 -15.397481728614645 19.625153599614684 18.287325994591964 0.85564999580383305 -5.3892030211055983 9.3655969880974812 -8.60617241859436 12.640516336654363 8.8791137410058205 17.919200510456321 -7.563855689944643 28.125244975090027 9.3458568526753076 22.046288309907013 7.6997653141617777 -5.0394043355771947 -11.834332705798902 -7.4652278286996339 4.9116743077926861 6.1321663566883782 6.2517698093056682 30.059996706247333 7.5999734632286113 -2.3931847051596171 7.4088434250026509 12.777783638391739 29.833340045384002 11.283100042729588 4.4272297496068562 -6.6944915659287405 0.098962978629378584 -10.456721698536592 1.3282558421477182 21.840730409061209 35.94650255504407 13.549144127898746
leaf_weight=311 469 47 134 37 1580 59 33 169 301 711 88 3314 75 49 158 39 41 45 1693 160 31 44 46 102 52 2007 141 46 38 52 34 115 48 76 304 89 33 32 145 106 64 73 38 274 430 149 200 32 213 3697 138 78 42 91 141 68 222 34 542 34 38 45
leaf_count=311 469 47 134 37 1580 59 33 169 301 711 88 3314 75 49 158 39 41 45 1693 160 31 44 46 102 52 2007 141 46 38 52 34 115 48 76 304 89 33 32 145 106 64 73 38 274 430 149 200 32 213 3697 138 78 42 91 141 68 222 34 542 34 38 45
internal_value=0.0354862 7.43937 -2.85748 14.7075 4.80309 13.8857 20.7691 7.69384 -0.855277 1.08535 8.98568 -5.63486 3.20583 12.0594 13.5151 20.5367 18.0853 14.2936 -1.65225 -4.40817 28.3021 19.3641 25.3616 5.14162 6.34194 -7.36788 -8.05938 11.6046 17.2881 9.66583 9.8065 13.8196 3.56269 3.79476 6.32553 9.49402 7.26897 14.621 3.6841 11.2132 16.6452 4.03795 0.11202 -2.07876 1.56322 -0.111007 10.8078 13.6913 11.847 -2.50056 9.11442 5.5512 12.1852 17.1411 -2.14262 2.1193 3.75237 1.14751 0.465879 9.56024 27.1169 5.34478
internal_weight=19697 5534 14163 1473 4061 1426 299 1421 8230 2398 254 5933 2640 1127 921 197 266 194 5832 3474 72 149 90 811 709 2459 2148 724 174 98 550 167 2565 2517 937 426 337 166 511 610 170 542 2144 854 1290 860 516 316 284 4139 440 206 271 133 3838 435 367 128 580 247 76 94
internal_count=19697 5534 14163 1473 4061 1426 299 1421 8230 2398 254 5933 2640 1127 921 197 266 194 5832 3474 72 149 90 811 709 2459 2148 724 174 98 550 167 2565 2517 937 426 337 166 511 610 170 542 2144 854 1290 860 516 316 284 4139 440 206 271 133 3838 435 367 128 580 247 76 94
cat_boundaries=0 1 2 3
cat_threshold=9 8 2048
is_linear=0
shrinkage=0.05


Tree=59
num_leaves=63
num_cat=6
split_feature=8 7 8 18 27 2 17 27 24 15 16 4 10 15 16 16 8 17 11 17 27 24 9 18 13 16 16 8 17 0 7 4 15 16 10 1 0 13 9 13 16 10 18 25 15 16 16 7 1 16 11 17 13 16 15 9 9 0 0 2 9 13
split_gain=1.52304e+08 3.82792e+07 2.86441e+07 1.08969e+07 6.72222e+06 6.47124e+06 6.26676e+06 5.77107e+06 7.19709e+06 5.20843e+06 5.25264e+06 5.02112e+06 4.31314e+06 4.29451e+06 5.69578e+06 5.79623e+06 4.16932e+06 4.10557e+06 4.09257e+06 4.62421e+06 3.91228e+06 5.3755e+06 3.85449e+06 4.46032e+06 4.11821e+06 3.81597e+06 3.65682e+06 3.55789e+06 3.47705e+06 3.47001e+06 3.2524e+06 3.08799e+06 2.99417e+06 2.97844e+06 2.671e+06 4.98417e+06 3.02093e+06 2.61174e+06 2.67205e+06 4.52354e+06 5.60175e+06 2.58888e+06 2.58186e+06 2.55492e+06 6.11751e+06 5.88778e+06 3.11246e+06 3.0474e+06 3.06864e+06 3.2665e+06 2.54693e+06 2.54289e+06 2.47845e+06 2.44387e+06 2.42545e+06 2.61753e+06 2.40265e+06 2.37456e+06 2.32598e+06 2.30257e+06 2.29514e+06 2.77584e+06
threshold=4866.0000000000009 7721.5625000000009 2819.2916666666674 2.5000000000000004 0 11318.500000000002 6.8050000000000006 1 2 -0.027090694935218661 7.3150000000000004 5712.5000000000009 351.86348221421889 -0.071600712036151246 3.8950000000000005 3.3150000000000004 3728.6666666666674 4.6450000000000005 718.95047120542256 2.5950000000000002 3 4 968.66526600973214 39.500000000000007 3.7950000000000004 5.5500000000000007 3.1550000000000007 6203.416666666667 7.9050000000000011 7930.0000000000009 1733.8125000000002 2312.5000000000005 0.027572764996482504 2.0750000000000006 840.32627862978347 9863.0000000000018 11009.000000000002 3.3250000000000006 317.25403815235376 3.8050000000000002 3.4450000000000007 305.43037519019646 46.500000000000007 5 -0.23276084073772788 2.8650000000000007 3.9850000000000008 8538.9375000000018 8061.0000000000009 3.5050000000000003 670.68752219399255 4.2150000000000007 3.6050000000000004 7.6500000000000012 -0.21274518968700945 199.16157593906533 456.43719430683927 10153.000000000002 6003.5000000000009 10108.000000000002 596.22180114904859 6.2800000000000002
decision_type=2 2 2 2 1 2 2 1 1 2 2 2 2 2 2 2 2 2 2 2 1 1 2 2 2 2 2 2 2 2 2 2 2 2 2 2 2 2 2 2 2 2 2 1 2 2 2 2 2 2 2 2 2 2 2 2 2 2 2 2 2 2
left_child=2 4 20 -3 11 22 13 8 9 51 12 18 -11 14 15 -7 41 27 19 54 21 31 23 34 59 -21 -24 33 -20 37 -22 53 52 -6 36 -36 43 -29 39 40 -39 -9 -35 44 -5 -46 56 48 49 -45 -49 -4 -15 -1 -2 -56 -47 -28 -27 -25 61 -18
right_child=1 3 7 5 17 6 -8 16 -10 10 -12 -13 -14 32 -16 -17 60 -19 28 25 30 -23 26 24 -26 58 57 29 -30 -31 -32 -33 -34 42 35 -37 -38 38 -40 -41 -42 -43 -44 47 45 46 -48 50 -50 -51 -52 -53 -54 -55 55 -57 -58 -59 -60 -61 -62 -63
leaf_value=4.5225799290983524 14.585344667020053 37.66031112873808 9.6382750122170719 35.566626847174859 -7.4975525918072226 20.412770489851635 40.281999975262266 -2.1279442141675755 0.16314147291508382 9.9589117779451257 1.460256264759944 13.247432651211108 29.661620713061975 -6.8489913131251487 12.39893851900754 47.39573356263778 -0.34832286630799164 -8.1428145453135183 -4.6411603429611175 26.866699748657023 -8.5532372969666532 -4.5111708189504425 -6.1906313520211445 12.698447734941313 34.060721397399902 2.7837814111794748 2.772576720873515 4.044515094295174 9.7764429076512656 -6.5114270034826021 -5.4616163145660117 15.906348537880442 19.435338998877484 2.4169814533577432 8.7068238090213992 25.703559909666645 -5.1197431676528034 33.871033289077438 6.9109184443798988 4.8717896650707919 6.9946476835193057 -5.329730963940702 11.886302981376648 16.141439781188964 30.977048992388177 -2.3038202755486785 21.09867151464735 -8.8954154537218368 19.516832279457766 -6.6548428040562264 5.6357384874109639 -7.2443041894170976 12.680235391855241 -11.160831892490387 12.847505354326826 -1.0296682414817222 11.242557342723012 15.194179328483873 17.010404793690828 27.23354818889073 -4.50110730452593 14.93048042456309
leaf_weight=111 46 47 38 31 73 48 33 1966 2074 51 52 336 61 33 73 34 3270 75 138 48 1267 1248 52 123 39 56 75 511 60 53 2589 46 46 1790 95 79 34 47 393 63 33 930 75 30 33 67 35 41 68 33 114 54 32 32 43 162 64 79 59 35 344 30
leaf_count=111 46 47 38 31 73 48 33 1966 2074 51 52 336 61 33 73 34 3270 75 138 48 1267 1248 52 123 39 56 75 511 60 53 2589 46 46 1790 95 79 34 47 393 63 33 930 75 30 33 67 35 41 68 33 114 54 32 32 43 162 64 79 59 35 344 30
internal_value=0.0337119 7.06741 -2.71461 13.9721 4.56293 13.1914 19.7307 -0.977613 1.15737 8.90323 14.5927 8.24939 20.6899 17.1811 22.5574 31.6008 -1.73735 3.40287 5.64016 8.4678 -5.62546 -3.31617 11.4565 12.8394 19.5099 15.0252 5.27364 3.6991 -0.27219 5.97029 -6.4607 4.40478 9.67366 2.40998 11.0243 16.4237 9.31618 6.60212 9.04044 14.8929 22.7845 -3.15614 2.79779 10.2674 14.2851 11.6878 7.85314 6.31601 12.151 4.20053 1.79201 -0.271065 2.7654 1.01301 4.20941 1.88115 4.31426 9.1447 10.0827 15.9182 -0.614567 -0.209425
internal_weight=19697 5534 14163 1473 4061 1426 299 8870 2330 256 164 948 112 266 155 82 6540 3113 612 414 5293 1437 1127 921 197 163 206 3038 198 1100 3856 189 111 1938 724 174 550 1047 536 143 80 2896 1865 516 230 199 166 286 131 63 155 92 65 143 251 205 131 154 115 158 3644 3300
internal_count=19697 5534 14163 1473 4061 1426 299 8870 2330 256 164 948 112 266 155 82 6540 3113 612 414 5293 1437 1127 921 197 163 206 3038 198 1100 3856 189 111 1938 724 174 550 1047 536 143 80 2896 1865 516 230 199 166 286 131 63 155 92 65 143 251 205 131 154 115 158 3644 3300
cat_boundaries=0 1 2 3 4 5 6
cat_threshold=8 8 2048 8 16 20
is_linear=0
shrinkage=0.05


Tree=60
num_leaves=63
num_cat=8
split_feature=8 4 4 13 27 27 27 11 24 4 11 3 24 9 24 8 1 13 10 2 3 8 24 19 3 9 25 19 19 11 10 13 2 16 9 9 9 0 12 14 13 0 11 14 6 14 2 13 12 13 12 7 13 4 4 10 0 16 19 0 7 22
split_gain=1.34668e+08 3.55447e+07 2.92848e+07 1.12084e+07 7.51329e+06 6.86229e+06 6.51309e+06 4.50514e+06 4.3647e+06 6.237e+06 4.38921e+06 5.60151e+06 4.10306e+06 3.9883e+06 3.86211e+06 3.67728e+06 3.64815e+06 3.60129e+06 3.49435e+06 3.7047e+06 3.44744e+06 3.25287e+06 3.20361e+06 3.57099e+06 3.18209e+06 3.11389e+06 2.99558e+06 2.9355e+06 3.72324e+06 3.17791e+06 2.90181e+06 3.64397e+06 4.17306e+06 2.8271e+06 2.80287e+06 3.63795e+06 2.73934e+06 2.94962e+06 2.64788e+06 3.9667e+06 3.51176e+06 3.35868e+06 2.6338e+06 2.75355e+06 2.74877e+06 3.37543e+06 3.00833e+06 2.59432e+06 3.3843e+06 2.88816e+06 2.55598e+06 2.46796e+06 2.39294e+06 2.37988e+06 2.99446e+06 2.58145e+06 2.41942e+06 2.28448e+06 3.03693e+06 2.24659e+06 2.20829e+06 2.28291e+06
threshold=5068.416666666667 8680.5000000000018 2962.5000000000005 5.0550000000000006 0 1 2 927.54013843235236 3 4593.5000000000009 381.00576587374456 4699.5000000000009 4 308.77115311940122 5 6629.2083333333348 9427.5000000000018 4.0050000000000008 1631.2668936365978 13037.500000000002 3308.5000000000005 11469.708333333334 6 3.5000000000000004 8931.0000000000018 348.8843528083259 7 11.500000000000002 1.5000000000000002 204.48593155919841 1307.2560509709017 5.1800000000000006 8372.0000000000018 5.9300000000000006 968.66526600973214 706.97558773770209 156.40439021233428 7474.5000000000009 3.0650000000000004 2.7750000000000004 3.1150000000000007 11734.000000000002 396.82508930577984 6.8500000000000005 7629.8750000000009 6.4450000000000012 7895.5000000000009 6.6250000000000009 6.1950000000000012 3.3050000000000002 6.8850000000000007 6405.5625000000009 2.8050000000000002 11266.000000000002 9550.0000000000018 766.3146265286108 9876.0000000000018 3.1450000000000005 5.5000000000000009 6296.5000000000009 6286.6875000000009 3.7800000000000007
decision_type=2 2 2 2 1 1 1 2 1 2 2 2 1 2 1 2 2 2 2 2 2 2 1 2 2 2 1 2 2 2 2 2 2 2 2 2 2 2 2 2 2 2 2 2 2 2 2 2 2 2 2 2 2 2 2 2 2 2 2 2 2 2
left_child=2 4 6 16 24 8 14 -5 9 10 47 25 -8 36 20 -15 17 34 19 38 27 -9 23 -7 30 50 -24 28 -1 -29 31 32 33 51 35 -3 -6 57 39 -18 -40 53 43 -33 -44 -46 -47 48 49 -4 -12 -2 -53 54 -42 -55 -56 60 -59 -60 -38 -62
right_child=1 3 5 7 13 22 12 21 -10 -11 11 -13 -14 15 -16 -17 18 -19 -20 -21 -22 -23 26 -25 -26 -27 -28 29 -30 -31 -32 42 -34 -35 -36 -37 37 -39 40 -41 41 -43 44 -45 45 46 -48 -49 -50 -51 -52 52 -54 55 56 -57 -58 58 59 -61 61 -63
leaf_value=6.6851038678487145 5.128661363865878 6.4755302392402472 3.1715605587154241 45.589546318054204 0.39926364377418661 5.9431551554425042 -2.8743513708046038 17.840611925878022 0.036805120479926019 19.94889571250431 -11.140791568756104 -16.286196792957394 -7.6741955524031384 0.14933391064198095 -4.276932852976377 4.8384729227855656 18.060167834681014 22.579763766697475 0.64089315947559156 31.77975993658367 -14.165828280072464 35.757284298696014 0.40318536310473835 -0.46911254158093074 21.166951274871828 4.6365392208416409 -2.7295273237644504 -0.46614179872629935 -3.8702270737994802 15.650852893789612 -6.5014061272144321 30.977802118178335 -12.830221881866457 -1.6206534113202775 -5.0284788937795737 24.658407528698447 7.3553962479799226 17.879362495243551 30.248787095455022 3.2542664088559956 26.167117593227289 2.6883713436126708 7.725386921304505 10.068915212154389 29.058790514204237 22.747989097508519 3.5860898688987448 22.951098527908329 -6.0509485293657352 16.328944417146538 5.7780184949145603 1.7814928269386294 14.832577013671397 16.920692104246559 1.7998621145884197 35.269331823454962 17.675081352392834 8.629327778319519 2.5202100151687641 -10.866957553130824 27.828235489130023 8.9416088044643409
leaf_weight=120 370 196 77 30 161 247 594 76 1186 63 65 43 2446 1078 2421 683 92 42 36 38 38 38 968 1795 44 376 3652 57 275 66 36 31 30 98 42 32 156 64 52 89 39 40 439 32 36 33 54 30 39 91 34 45 160 41 48 36 48 180 133 41 32 32
leaf_count=120 370 196 77 30 161 247 594 76 1186 63 65 43 2446 1078 2421 683 92 42 36 38 38 38 968 1795 44 376 3652 57 275 66 36 31 30 98 42 32 156 64 52 89 39 40 439 32 36 33 54 30 39 91 34 45 160 41 48 36 48 180 133 41 32 32
internal_value=-0.0245401 7.07788 -2.4349 15.4275 4.94208 -0.574254 -5.1147 28.3497 1.98551 4.77633 3.57354 0.994852 -6.74883 3.28452 -3.41186 1.96801 13.2911 8.9597 15.7086 16.7457 0.363931 23.8128 -1.34522 0.305021 7.87656 2.55924 -2.0737 1.43685 -0.663544 8.182 7.50558 7.88529 5.41572 6.22906 6.84103 9.02751 6.22723 7.69793 15.5678 10.7799 18.4185 15.9774 10.6631 20.3574 9.57632 16.1825 10.8544 9.20966 7.21815 10.2985 -5.33029 7.56693 11.9677 18.4847 14.4838 25.4993 9.73747 6.56272 4.07605 -0.634238 10.564 18.3849
internal_weight=19666 4983 14683 1015 3968 8666 6017 144 2004 818 755 518 3040 2560 2977 1761 871 312 559 523 556 114 6662 2042 1408 475 4620 518 395 123 1364 1328 703 673 270 228 799 638 485 181 304 252 625 63 562 123 87 237 207 168 99 575 205 212 135 77 96 574 354 174 220 64
internal_count=19666 4983 14683 1015 3968 8666 6017 144 2004 818 755 518 3040 2560 2977 1761 871 312 559 523 556 114 6662 2042 1408 475 4620 518 395 123 1364 1328 703 673 270 228 799 638 485 181 304 252 625 63 562 123 87 237 207 168 99 575 205 212 135 77 96 574 354 174 220 64
cat_boundaries=0 1 2 3 4 5 6 7 8
cat_threshold=9 8 9 2070 1792 2066 704 16
is_linear=0
shrinkage=0.05


Tree=61
num_leaves=63
num_cat=8
split_feature=8 4 4 13 27 27 27 15 17 15 4 17 24 9 0 16 13 11 1 15 22 3 13 10 0 17 9 15 10 11 24 18 24 18 18 19 12 7 8 17 4 5 14 14 25 18 15 10 13 12 10 14 11 9 9 25 5 15 12 7 18 11
split_gain=1.21554e+08 3.20791e+07 2.6443e+07 1.01156e+07 6.78075e+06 6.19393e+06 5.88184e+06 5.46873e+06 4.15239e+06 6.13854e+06 5.05377e+06 4.02568e+06 3.70139e+06 3.64622e+06 4.80476e+06 3.60821e+06 5.81963e+06 6.45238e+06 3.29245e+06 3.25099e+06 5.32979e+06 4.74025e+06 3.25017e+06 3.15365e+06 3.55741e+06 2.98994e+06 2.93311e+06 4.18771e+06 3.31856e+06 3.46014e+06 2.8919e+06 3.41417e+06 2.86485e+06 4.91263e+06 5.06111e+06 2.83672e+06 1.01747e+07 2.77293e+06 2.7412e+06 2.73083e+06 3.18337e+06 4.01928e+06 2.72155e+06 2.70745e+06 2.70457e+06 3.80429e+06 2.70404e+06 3.46817e+06 3.32442e+06 3.72779e+06 2.82129e+06 4.42739e+06 2.6141e+06 2.52959e+06 3.28325e+06 2.4931e+06 2.48565e+06 2.45957e+06 2.42201e+06 2.38537e+06 2.36945e+06 2.35132e+06
threshold=5068.416666666667 8680.5000000000018 2962.5000000000005 5.0550000000000006 0 1 2 0.23595118267385309 2.4050000000000007 -0.25329120589784121 4568.5000000000009 10.770000000000001 3 502.19430273945625 7577.5000000000009 6.4750000000000005 6.6250000000000009 629.67722300029493 9427.5000000000018 -0.21037258625615515 4.0900000000000007 8716.0000000000018 4.0050000000000008 1631.2668936365978 12274.500000000002 3.5850000000000004 788.39282713281102 -0.033149171270719202 745.86447004928766 734.13398498707591 4 12.500000000000002 5 3.5000000000000004 47.500000000000007 1.5000000000000002 6.0150000000000015 8004.1250000000009 11469.708333333334 1.9950000000000003 6544.5000000000009 6836.0000000000009 5.3050000000000006 3.7150000000000003 6 47.500000000000007 0.040766690960489356 776.88118820193029 3.3750000000000004 3.1350000000000002 926.86863331380493 3.9550000000000005 613.37740792988131 968.66526600973214 706.97558773770209 7 9863.0000000000018 0.043807253071035356 5.4250000000000007 6602.7500000000009 37.500000000000007 200.8843893345763
decision_type=2 2 2 2 1 1 1 2 2 2 2 2 1 2 2 2 2 2 2 2 2 2 2 2 2 2 2 2 2 2 1 2 1 2 2 2 2 2 2 2 2 2 2 2 1 2 2 2 2 2 2 2 2 2 2 1 2 2 2 2 2 2
left_child=2 4 6 18 19 8 11 38 -4 -10 15 32 -8 14 60 16 35 -18 22 20 -2 26 53 24 46 37 28 -28 55 -30 31 -7 33 -1 -35 -11 43 -16 -5 42 -41 52 -15 -37 45 -32 48 56 -20 -50 51 -51 -42 54 57 -21 -48 -3 -12 -22 -6 -36
right_child=1 3 5 7 13 30 12 -9 9 10 58 -13 -14 39 25 -17 17 -19 23 21 59 -23 -24 -25 -26 -27 27 -29 29 -31 44 -33 -34 34 61 36 -38 -39 -40 40 41 -43 -44 -45 -46 -47 47 -49 49 50 -52 -53 -54 -55 -56 -57 -58 -59 -60 -61 -62 -63
leaf_value=11.383499999589558 14.82009004282229 10.466750130323859 0.015217514644516907 14.856916392739141 3.2297488960584602 7.0111387126018547 -2.7330132308089183 42.643702123165134 -9.079374865583473 13.924093842687029 28.450173246159274 12.50226371407509 -7.2920481178451473 2.3807394405688953 10.387092316535211 0.94833060292475813 38.610852788289392 8.3976587711378592 6.1596220944968749 4.4178664236761334 3.6589941079176747 26.051348260829329 21.450775430316018 0.60884857765502398 27.699209845693488 -0.26770796775817873 12.655714792013169 -3.1817881119251252 31.26969809993621 12.056379644634823 -0.21991139015568162 -0.33082920822024414 -4.2002431924687409 -5.6599116058100627 -1.0594122251306757 10.784631285967867 -23.89436848163605 26.490141886345885 31.812722213848218 -5.6526399945670915 -0.75980782612510356 -4.8499786813177321 17.492688927799463 -3.0140029926300049 -2.5934236545348162 16.570812151091442 22.598096191639804 30.578120307828868 32.507181040445964 8.297228835105896 3.6884388156965673 30.317776135035924 14.379792586644491 -4.7770549251919707 23.42548686861992 10.52518735350675 6.8290117675182875 -1.1187197579096442 9.5775015494402727 -7.3563627851770281 11.646992839856095 11.689662785906542
leaf_weight=79 66 123 1191 67 1380 173 594 40 74 66 34 40 2446 432 62 327 30 43 142 348 103 38 42 36 57 31 64 120 31 96 933 1869 2397 316 69 123 32 47 37 264 46 102 32 50 3652 35 49 51 30 50 51 42 75 42 32 448 51 73 34 94 89 76
leaf_count=79 66 123 1191 67 1380 173 594 40 74 66 34 40 2446 432 62 327 30 43 142 348 103 38 42 36 57 31 64 120 31 96 933 1869 2397 316 69 123 32 47 37 264 46 102 32 50 3652 35 49 51 30 50 51 42 75 42 32 448 51 73 34 94 89 76
internal_value=-0.0237483 6.72398 -2.31374 14.6561 4.69498 -0.545674 -4.8602 26.9322 1.88625 4.6504 6.02524 -3.24199 -6.41312 3.12029 4.5832 4.70896 8.28373 20.814 12.6265 7.48273 2.52283 8.68734 8.51172 14.9232 15.9085 13.4338 8.09129 2.32691 9.24042 16.7462 -1.27813 0.28977 -3.46745 -0.134401 -2.1111 4.90841 2.0058 17.3306 20.8893 0.678006 -1.93729 2.46115 3.42294 6.79659 -1.97026 0.383232 14.4662 19.9674 11.8292 16.4829 13.1211 18.3501 8.62424 6.49897 8.57614 8.04288 14.5559 6.15175 19.0138 -1.59706 3.73971 5.62286
internal_weight=19666 4983 14683 1015 3968 8666 6017 144 2004 813 739 2977 3040 2560 1609 671 344 73 871 1408 263 1145 312 559 523 140 1107 184 923 127 6662 2042 2937 540 461 271 205 109 104 951 487 223 464 173 4620 968 466 151 315 173 143 92 121 270 228 796 100 196 68 197 1469 145
internal_count=19666 4983 14683 1015 3968 8666 6017 144 2004 813 739 2977 3040 2560 1609 671 344 73 871 1408 263 1145 312 559 523 140 1107 184 923 127 6662 2042 2937 540 461 271 205 109 104 951 487 223 464 173 4620 968 466 151 315 173 143 92 121 270 228 796 100 196 68 197 1469 145
cat_boundaries=0 1 2 3 4 5 6 7 8
cat_threshold=9 8 9 1792 704 2066 16 5
is_linear=0
shrinkage=0.05


Tree=62
num_leaves=63
num_cat=5
split_feature=1 4 6 13 4 13 4 11 18 2 17 24 18 16 19 18 0 17 16 18 5 16 4 19 2 11 1 3 16 27 6 4 10 2 10 13 24 19 18 17 16 18 11 18 12 18 14 2 5 24 18 11 11 5 13 12 1 18 27 17 12 19
split_gain=1.07826e+08 2.8893e+07 2.47653e+07 9.09898e+06 5.34203e+06 4.25673e+06 4.17675e+06 3.97527e+06 3.96735e+06 3.90121e+06 5.1828e+06 4.58499e+06 1.15882e+07 4.36838e+06 3.9187e+06 5.68358e+06 3.398e+06 3.39312e+06 4.13818e+06 3.63597e+06 3.30419e+06 3.16696e+06 3.10665e+06 3.07028e+06 3.01288e+06 2.94217e+06 4.81014e+06 3.23706e+06 3.25741e+06 2.86592e+06 2.8378e+06 2.76949e+06 2.70646e+06 3.60272e+06 2.69515e+06 2.69163e+06 2.48184e+06 3.1007e+06 3.93233e+06 3.50305e+06 3.30405e+06 2.46214e+06 5.22764e+06 2.40318e+06 2.96285e+06 2.34527e+06 2.30892e+06 6.09827e+06 2.28961e+06 2.25877e+06 2.19383e+06 5.00775e+06 2.7447e+06 3.85184e+06 2.59522e+06 2.56506e+06 2.95628e+06 2.31874e+06 2.15073e+06 3.03261e+06 2.35158e+06 3.09129e+06
threshold=5185.5000000000009 8680.5000000000018 2664.2500000000005 5.0550000000000006 2272.5000000000005 7.330000000000001 3661.5000000000005 927.54013843235236 6.5000000000000009 5058.0000000000009 7.5750000000000011 0 3.5000000000000004 3.5650000000000004 4.5000000000000009 37.500000000000007 8261.5000000000018 6.7650000000000015 7.3150000000000004 3.5000000000000004 4471.5000000000009 8.7450000000000028 7970.5000000000009 8.5000000000000018 7895.5000000000009 592.60981273216362 7781.5000000000009 6561.5000000000009 4.5000000000000009 1 1002.8750000000001 5326.0000000000009 1631.2668936365978 13037.500000000002 859.6284343517151 4.2650000000000006 2 1.5000000000000002 46.500000000000007 5.5500000000000007 5.245000000000001 21.500000000000004 312.16668862387331 15.500000000000002 3.1950000000000007 29.500000000000004 6.2800000000000002 11711.500000000002 2981.5000000000005 3 30.500000000000004 927.54013843235236 1019.579804422808 8987.5000000000018 3.4950000000000006 3.4550000000000005 10126.500000000002 21.500000000000004 4 2.3550000000000004 6.3750000000000009 11.500000000000002
decision_type=2 2 2 2 2 2 2 2 2 2 2 1 2 2 2 2 2 2 2 2 2 2 2 2 2 2 2 2 2 1 2 2 2 2 2 2 1 2 2 2 2 2 2 2 2 2 2 2 2 1 2 2 2 2 2 2 2 2 1 2 2 2
left_child=2 9 17 24 8 6 20 -5 -4 -2 11 14 -13 -14 25 16 22 30 19 -19 29 -12 -16 41 -3 26 -11 34 -29 36 -1 58 33 43 -27 -17 -6 -38 -39 40 48 42 -8 44 -26 -15 -9 -48 -40 -44 52 55 53 54 -45 -52 -57 -54 59 -25 61 -61
right_child=1 3 4 7 5 -7 23 46 -10 10 21 12 13 45 15 35 -18 18 -20 -21 -22 -23 -24 31 32 27 -28 28 -30 -31 -32 -33 -34 -35 -36 -37 37 38 39 -41 -42 -43 49 50 -46 -47 47 -49 -50 -51 51 -53 57 -55 -56 56 -58 -59 -60 60 -62 -63
leaf_value=-11.858765470019039 0.42956263279685614 1.3945568153935095 -0.21455881133008359 41.779930578867599 -2.0158552352360126 3.6415026239960562 5.3410987840023409 10.175599306279963 -11.2780159860704 9.3240513979106456 20.019954949682887 29.764009148733962 4.6625196339046893 -3.7324604864659698 1.0099399469143993 6.8921012283130638 -11.982253688031978 23.85161130966679 -6.7581791252386383 1.0377676355838776 -8.261133607411848 5.0696707289794398 10.044931310254174 0.5241183655417484 33.107137889862059 7.7612499904632575 25.156215779869648 7.9509179603485833 -3.1119279283158328 -3.1327599565757525 -5.1022727599551025 8.352442279316131 0.62606199723343525 28.322183403602015 24.539848502989742 18.512914016030052 8.8950204019328112 -3.3649242534422537 14.097573163558025 -10.487670669836156 21.898349638908144 -1.9993174448092277 -3.0376204077977884 23.27158711995834 14.200582168351358 7.6808613986968997 13.594893741607667 41.204379743999908 1.9139324996023548 0.9697066160238853 14.109868274367493 4.4946901933713397 23.697777301833987 0.13713971094320751 6.3449972367948959 31.998054772092587 13.369186291975135 8.0739312412838142 -0.66217223282543225 4.2996085439773806 -4.5762368830238902 14.893406915856065
leaf_weight=161 520 62 134 30 873 578 437 33 205 430 91 35 354 451 666 530 44 31 61 40 206 58 111 506 30 105 54 126 141 1752 4476 147 43 39 31 55 131 325 49 34 31 1902 655 39 67 50 45 36 181 741 131 88 47 131 54 57 34 48 807 187 41 109
leaf_count=161 520 62 134 30 873 578 437 33 205 430 91 35 354 451 666 530 44 31 61 40 206 58 111 506 30 105 54 126 141 1752 4476 147 43 39 31 55 131 325 49 34 31 1902 655 39 67 50 45 36 181 741 131 88 47 131 54 57 34 48 807 187 41 109
internal_value=-0.0226086 6.43422 -2.14551 13.9436 -0.735237 -0.519441 -0.783323 25.5856 -6.90485 4.45745 5.08605 4.6594 1.54775 0.410802 5.83495 4.21864 1.53519 -5.11184 2.79289 10.9987 -2.11351 14.2004 2.30065 0.077981 12.0167 8.46277 11.0904 5.30695 2.10874 -1.73839 -5.33686 1.77618 12.8317 13.5178 11.5858 7.98466 -0.213514 1.88058 0.428823 4.60838 6.57491 -0.739065 0.568626 12.7225 20.048 -2.59341 21.3239 25.8658 4.50958 -0.925335 11.5928 14.5883 8.68192 5.66155 13.4432 18.5893 25.0378 15.8036 1.1903 2.93668 6.64624 8.2007
internal_weight=19666 4866 14800 1014 10031 9692 9114 144 339 3852 3332 3183 890 855 2293 1406 821 4769 132 71 3582 149 777 5532 870 887 484 403 267 3376 4637 1797 808 765 136 585 1624 751 620 295 261 3735 1833 726 97 501 114 81 230 1396 629 310 319 224 93 222 91 95 1650 843 337 296
internal_count=19666 4866 14800 1014 10031 9692 9114 144 339 3852 3332 3183 890 855 2293 1406 821 4769 132 71 3582 149 777 5532 870 887 484 403 267 3376 4637 1797 808 765 136 585 1624 751 620 295 261 3735 1833 726 97 501 114 81 230 1396 629 310 319 224 93 222 91 95 1650 843 337 296
cat_boundaries=0 1 2 3 4 5
cat_threshold=1729 9 1864 278 10
is_linear=0
shrinkage=0.05


Tree=63
num_leaves=63
num_cat=2
split_feature=8 8 7 15 26 12 3 8 15 11 18 22 10 17 13 16 1 18 17 16 13 13 17 18 17 18 15 17 12 10 7 26 18 12 12 16 13 9 10 15 11 13 10 8 22 0 18 16 12 1 15 9 15 3 15 11 16 13 13 13 10 12
split_gain=9.57402e+07 2.45649e+07 2.27635e+07 1.28066e+07 5.79251e+06 8.73206e+06 5.16794e+06 4.85669e+06 3.63602e+06 3.82316e+06 3.49287e+06 5.79886e+06 4.80057e+06 3.401e+06 4.60975e+06 3.82984e+06 3.36378e+06 3.46398e+06 3.41782e+06 4.80436e+06 3.25038e+06 3.04736e+06 2.98062e+06 2.86174e+06 3.48586e+06 3.40806e+06 4.41443e+06 3.20663e+06 2.9405e+06 2.848e+06 2.82182e+06 2.80613e+06 2.67002e+06 3.257e+06 6.64758e+06 4.14747e+06 3.8048e+06 4.07152e+06 3.65228e+06 3.63187e+06 3.36977e+06 3.35228e+06 2.80722e+06 2.68777e+06 2.61122e+06 2.53592e+06 3.18118e+06 2.52784e+06 2.52263e+06 2.32961e+06 2.27078e+06 2.23561e+06 3.00947e+06 3.71962e+06 2.7544e+06 2.35431e+06 2.14524e+06 2.09576e+06 2.26331e+06 2.08209e+06 3.91637e+06 2.12216e+06
threshold=5191.3333333333348 7808.5833333333348 2909.0000000000005 0.60464610306278399 0 3.8250000000000006 10322.500000000002 4279.5833333333348 0.30621050898552954 531.22112040396325 47.500000000000007 4.7350000000000003 432.22875912493549 4.7250000000000005 4.6450000000000005 5.3050000000000006 1353.5000000000002 5.5000000000000009 4.7250000000000005 5.1800000000000006 3.6350000000000002 5.7000000000000011 7.7600000000000007 36.500000000000007 2.3950000000000005 47.500000000000007 0.73280580661934025 4.3850000000000007 4.3850000000000007 1307.2560509709017 6915.5625000000009 1 3.5000000000000004 4.0650000000000004 4.3450000000000006 4.7250000000000005 3.4750000000000005 671.48461138688128 435.43579912695412 -0.065284879910836022 1019.579804422808 3.6250000000000004 745.86447004928766 10020.625000000002 3.3400000000000003 6411.0000000000009 8.5000000000000018 7.3900000000000015 6.4750000000000005 8228.5000000000018 -0.10559391691467152 758.30652836876914 -0.11560509030788059 5919.5000000000009 0.54809905824903982 949.27018811116011 7.9500000000000011 3.3850000000000002 4.2950000000000008 2.9450000000000007 755.69946095868761 3.2150000000000003
decision_type=2 2 2 2 1 2 2 2 2 2 2 2 2 2 2 2 2 2 2 2 2 2 2 2 2 2 2 2 2 2 2 1 2 2 2 2 2 2 2 2 2 2 2 2 2 2 2 2 2 2 2 2 2 2 2 2 2 2 2 2 2 2
left_child=2 10 16 4 5 20 -7 8 9 -4 29 44 -13 -10 -15 -16 -1 18 -18 -20 59 -8 -9 27 -25 -26 31 28 -19 30 51 -27 -6 36 -35 43 37 -34 -38 -37 -39 -40 -43 -36 -12 -32 48 -24 -47 -48 -11 54 53 -53 -2 -54 -21 -33 -59 60 -3 -61
right_child=1 3 7 -5 32 6 21 22 13 50 11 12 -14 14 15 -17 17 23 19 56 -22 -23 47 24 25 26 -28 -29 -30 -31 45 57 33 34 35 39 38 40 41 -41 -42 42 -44 -45 -46 46 49 -49 -50 -51 -52 52 55 -55 -56 -57 -58 58 -60 61 -62 -63
leaf_value=-7.9231451954360415 3.2173994327144047 8.3539160271213486 -1.0773954023505874 40.868806975596662 20.868961851541385 15.458774875557943 46.562895998201874 0.95619907378022695 -0.60314812175730337 -6.9777248422056433 8.2961283778334849 32.149677536189557 10.134383459824782 -2.6634871399546247 24.613819488259253 7.2602710988677917 -4.0918457627765363 -5.6751848236466156 18.104178065061571 4.6514426986679771 23.349677557103774 25.245515083471936 21.346213138464726 -5.2687245001518095 -3.0215958578125957 0.14510483238846064 -8.5840030254856234 -12.61698064934339 0.11240801290290836 -9.9702180850200168 17.102062492325622 4.0238162335482519 10.727833522148744 -9.9290429654328722 7.4457951513926197 -5.6673687104255928 -1.0897561398419469 -5.9810689601031219 29.480220324084872 11.739314677797516 10.07322836289039 8.3342774375563575 20.29763041916101 27.840982883998329 -6.2350269927978523 21.867029501529451 4.8059987886331577 3.2917711217352683 7.1671644969420001 -7.993274370600016 -1.8002931582738981 14.920165383815766 -7.1009541169426145 -3.8157066432329323 17.998533622920515 7.1465767996651799 -5.5122786047153696 23.456579657963346 6.5173395348317698 11.437215749679075 29.812867075602213 -1.7534854531288149
leaf_weight=628 2090 73 4905 37 43 46 38 2907 374 480 81 40 65 83 43 122 286 2266 48 131 51 30 33 841 603 118 62 151 243 39 53 55 238 69 30 62 33 88 42 58 52 105 92 35 50 47 402 47 77 39 379 54 169 52 32 35 86 49 33 62 30 60
leaf_count=628 2090 73 4905 37 43 46 38 2907 374 480 81 40 65 83 43 122 286 2266 48 131 51 30 33 841 603 118 62 151 243 39 53 55 238 69 30 62 33 88 42 58 52 105 92 35 50 47 402 47 77 39 379 54 169 52 32 35 86 49 33 62 30 60
internal_value=0.0012012 6.22771 -1.95287 11.8515 11.0484 16.342 28.4023 -0.445955 -1.22436 -1.61628 3.90378 9.76677 18.5212 2.40756 6.94789 11.7827 -4.47508 -4.03956 -0.301242 3.78975 11.9527 37.1582 1.21822 -4.50548 -2.94202 -0.815111 3.38208 -5.54053 -5.11465 3.45585 3.62753 6.29148 8.60497 8.11681 3.31578 8.25574 9.9929 6.74788 14.5025 2.74586 -0.0180442 16.6554 13.9212 18.4278 2.74989 6.64451 5.66353 10.7392 12.7389 3.67409 -4.69339 2.86088 -1.10535 5.72898 3.4403 -4.65652 0.623424 10.7874 16.6396 9.36942 14.6041 4.94999
internal_weight=19672 4699 14973 1374 1337 390 114 9373 6386 5764 3325 236 105 622 248 165 5600 4972 551 265 276 68 2987 4421 1761 920 317 2660 2509 3089 3050 255 947 904 254 185 650 378 272 120 140 239 197 65 131 618 565 80 124 441 859 2432 310 106 2122 204 217 137 82 225 103 122
internal_count=19672 4699 14973 1374 1337 390 114 9373 6386 5764 3325 236 105 622 248 165 5600 4972 551 265 276 68 2987 4421 1761 920 317 2660 2509 3089 3050 255 947 904 254 185 650 378 272 120 140 239 197 65 131 618 565 80 124 441 859 2432 310 106 2122 204 217 137 82 225 103 122
cat_boundaries=0 1 2
cat_threshold=8 4
is_linear=0
shrinkage=0.05


Tree=64
num_leaves=63
num_cat=2
split_feature=8 8 4 13 4 16 8 18 16 13 15 18 11 15 13 13 3 16 19 14 10 1 14 5 17 17 19 0 17 14 11 11 1 0 14 26 13 2 5 3 17 16 3 6 18 0 11 13 16 0 16 14 18 17 17 18 1 16 0 16 18 24
split_gain=8.67926e+07 2.95971e+07 1.23918e+07 8.94638e+06 6.30176e+06 5.24041e+06 4.62818e+06 4.10679e+06 4.23656e+06 3.78362e+06 3.65261e+06 3.49886e+06 4.47834e+06 3.32544e+06 3.28168e+06 3.43477e+06 7.06822e+06 3.27465e+06 3.19998e+06 3.02404e+06 3.77086e+06 2.71141e+06 5.43754e+06 2.65923e+06 2.58402e+06 3.75902e+06 3.71661e+06 3.35143e+06 2.81825e+06 4.30684e+06 4.12361e+06 2.59933e+06 4.17595e+06 2.65598e+06 2.58135e+06 2.55604e+06 2.6383e+06 2.83998e+06 2.67217e+06 4.0752e+06 2.49292e+06 2.70159e+06 2.48403e+06 3.09038e+06 2.52861e+06 2.39245e+06 2.38904e+06 2.5302e+06 3.29769e+06 2.29315e+06 2.27398e+06 2.44859e+06 2.27349e+06 2.28125e+06 2.4592e+06 3.35117e+06 2.20973e+06 2.73314e+06 2.48377e+06 2.19979e+06 2.10872e+06 2.36428e+06
threshold=6203.416666666667 3507.2500000000005 8680.5000000000018 5.0550000000000006 2178.5000000000005 5.245000000000001 4362.416666666667 47.500000000000007 3.4750000000000005 7.330000000000001 0.18803860335249881 6.5000000000000009 334.31832498353583 0.55943719593100394 3.4750000000000005 4.0250000000000012 12230.000000000002 4.9350000000000014 8.5000000000000018 6.0850000000000009 1056.9990431813287 9863.0000000000018 4.3850000000000007 7883.5000000000009 7.5750000000000011 4.0250000000000012 4.5000000000000009 5606.5000000000009 4.5150000000000006 8.2700000000000014 750.30508228010581 462.89282656513143 7454.5000000000009 8261.5000000000018 3.9850000000000008 0 5.995000000000001 6464.5000000000009 6544.5000000000009 5194.0000000000009 4.1450000000000005 9.1650000000000009 8716.0000000000018 8425.6250000000018 33.500000000000007 11734.000000000002 608.99036849188906 7.5600000000000014 3.9550000000000005 4140.5000000000009 8.3500000000000014 5.5500000000000007 35.500000000000007 3.0050000000000003 6.1950000000000012 47.500000000000007 9650.5000000000018 3.5850000000000004 10427.000000000002 2.7250000000000005 21.500000000000004 1
decision_type=2 2 2 2 2 2 2 2 2 2 2 2 2 2 2 2 2 2 2 2 2 2 2 2 2 2 2 2 2 2 2 2 2 2 2 1 2 2 2 2 2 2 2 2 2 2 2 2 2 2 2 2 2 2 2 2 2 2 2 2 2 1
left_child=1 4 13 7 11 -5 10 14 -9 52 18 17 -13 24 45 16 34 -1 -3 -7 -21 -17 -23 -15 25 26 31 -28 30 -30 -27 -2 -33 -34 59 36 -8 38 -38 -40 41 -12 43 44 -29 56 49 48 -48 -37 51 -11 -6 -54 55 -55 -4 58 -58 -16 61 -51
right_child=2 6 3 5 9 19 35 8 -10 50 40 12 -14 23 15 21 -18 -19 -20 20 -22 22 -24 -25 -26 28 27 42 29 -31 -32 32 33 -35 -36 46 37 -39 39 -41 -42 -43 -44 -45 -46 -47 47 -49 -50 60 -52 -53 53 54 -56 -57 57 -59 -60 -61 -62 -63
leaf_value=10.359314331297691 17.469909235326256 -2.1010716761300436 4.2685586316936517 41.516825248255877 -3.6551829887589093 6.4072545156759375 2.1093021695411593 35.577795714139938 9.4238591162363701 17.631439527487142 -0.59025197754228365 -5.3378127857645961 -12.472013905520756 7.6329484261964495 18.115239769935609 15.681884131064784 35.798105568885802 -2.8344189567241549 1.165935783280095 37.352444425225258 14.56966448114032 -15.088212858140469 11.013419923242534 27.546558764775597 16.255447486802645 -19.38222649039292 19.721214522737448 1.2000484015126593 7.042415800473548 -11.059098361787342 1.5671410131454468 3.7040747580584141 9.80007528135034 23.483081745862961 22.745540905546171 7.4655260508673056 6.0597012764175338 -5.0552694777224936 4.8358369919561568 30.686286214192712 7.6211063998604791 10.964104720436294 14.597216305136682 -12.589045519982616 6.6577359125836866 -3.4170777907738321 -0.56057876739226253 6.9788729872022364 -9.1765388525765523 -0.45144856948819428 -3.6777174877432679 3.497506970750702 -2.6559737556675653 -0.24954842329646151 -11.264210220269469 8.5842194550426303 14.173919916152954 20.445881517471808 0.43136783722908273 5.2918407237175664 -1.520271385781212 6.0424761126335298
leaf_weight=52 82 2559 197 33 2711 34 2202 32 30 39 396 2521 241 38 50 52 40 492 1060 32 42 32 53 30 51 41 33 509 151 42 55 256 122 50 49 144 297 47 31 30 197 58 48 31 364 52 307 63 174 278 78 143 1193 450 38 141 70 62 62 101 526 278
leaf_count=52 82 2559 197 33 2711 34 2202 32 30 39 396 2521 241 38 50 52 40 492 1060 32 42 32 53 30 51 41 33 509 151 42 55 256 122 50 49 144 297 47 31 30 197 58 48 31 364 52 307 63 174 278 78 143 1193 450 38 141 70 62 62 101 526 278
internal_value=0.00114483 -1.38711 7.94636 12.3843 -3.55909 24.0788 0.647224 10.5148 22.9227 -2.40076 -0.523938 -5.23842 -5.96031 5.56064 9.57661 13.0054 16.6112 -1.57325 -1.14417 18.7505 24.4217 6.68866 1.18692 16.4184 5.15829 4.84105 5.85016 4.05629 -0.379086 3.10323 -7.37998 9.31478 7.75235 13.7777 12.7738 1.78976 2.78079 6.50033 8.0174 17.5492 2.92402 0.885855 3.51328 2.92476 3.47565 6.65865 0.312608 -2.44328 -3.67737 1.538 3.46503 6.52621 -2.7372 -1.37132 1.06524 1.858 7.99864 11.7864 7.71908 9.538 0.749125 2.89607
internal_weight=19672 16746 2926 1023 8099 141 8647 882 62 4793 4270 3306 2762 1903 820 377 240 544 3619 108 74 137 85 68 1835 1784 1495 985 289 193 96 510 428 172 200 4377 2607 405 358 61 651 454 952 904 873 443 1770 544 481 1226 260 182 4533 1822 629 591 391 194 132 151 1082 556
internal_count=19672 16746 2926 1023 8099 141 8647 882 62 4793 4270 3306 2762 1903 820 377 240 544 3619 108 74 137 85 68 1835 1784 1495 985 289 193 96 510 428 172 200 4377 2607 405 358 61 651 454 952 904 873 443 1770 544 481 1226 260 182 4533 1822 629 591 391 194 132 151 1082 556
cat_boundaries=0 1 2
cat_threshold=10 70
is_linear=0
shrinkage=0.05


Tree=65
num_leaves=63
num_cat=2
split_feature=8 8 8 15 25 12 18 18 17 18 16 18 13 24 16 21 17 12 17 13 12 18 15 15 12 13 8 16 18 11 8 19 17 12 13 12 18 12 15 12 16 13 10 13 10 15 11 11 0 16 10 17 12 7 15 13 5 10 13 8 19 10
split_gain=7.85694e+07 2.31948e+07 1.68448e+07 1.11969e+07 5.10943e+06 7.39788e+06 3.97033e+06 4.7092e+06 7.27899e+06 9.28226e+06 6.22753e+06 3.92709e+06 4.84856e+06 3.43648e+06 6.05532e+06 3.64707e+06 3.39922e+06 3.21143e+06 3.13016e+06 5.56853e+06 3.86242e+06 5.93638e+06 3.03822e+06 3.02265e+06 3.17287e+06 2.766e+06 2.71864e+06 2.76662e+06 2.60885e+06 2.59133e+06 2.47843e+06 2.465e+06 2.6473e+06 2.36312e+06 2.31379e+06 4.24911e+06 4.35779e+06 5.70211e+06 3.3913e+06 3.34041e+06 4.83373e+06 3.15553e+06 3.22836e+06 2.98144e+06 2.47172e+06 2.37446e+06 4.15298e+06 3.8863e+06 3.54368e+06 2.29576e+06 2.11482e+06 2.32959e+06 2.08922e+06 2.06131e+06 1.90895e+06 1.89705e+06 4.02937e+06 1.95113e+06 1.81414e+06 1.7839e+06 1.75356e+06 1.75344e+06
threshold=4891.666666666667 7808.5833333333348 2566.6250000000005 0.60464610306278399 0 3.8250000000000006 6.5000000000000009 35.500000000000007 1.8500000000000003 19.500000000000004 4.9350000000000014 8.5000000000000018 4.2150000000000007 1 5.1800000000000006 1.0000000180025095e-35 6.7650000000000015 9.5750000000000011 2.4050000000000007 5.0550000000000006 6.1950000000000012 48.500000000000007 -0.046250439596958189 0.23595118267385309 7.1400000000000015 3.6350000000000002 6577.9166666666679 4.1250000000000009 7.5000000000000009 375.5261711557385 1080.3333333333337 7.5000000000000009 4.4400000000000004 4.0750000000000011 7.285000000000001 6.1950000000000012 7.5000000000000009 4.0650000000000004 0.10144875414336497 4.2150000000000007 4.5000000000000009 3.4750000000000005 435.43579912695412 3.6250000000000004 745.86447004928766 -0.0092441043911139342 523.97751781380578 1019.579804422808 9876.0000000000018 4.2650000000000006 307.76926314421087 7.5600000000000014 2.6250000000000004 4906.3125000000009 0.027572764996482504 2.9450000000000007 9647.5000000000018 658.35832580345334 9.2600000000000016 10020.625000000002 1.5000000000000002 1020.7108971356332
decision_type=2 2 2 2 1 2 2 2 2 2 2 2 2 1 2 2 2 2 2 2 2 2 2 2 2 2 2 2 2 2 2 2 2 2 2 2 2 2 2 2 2 2 2 2 2 2 2 2 2 2 2 2 2 2 2 2 2 2 2 2 2 2
left_child=2 26 16 4 5 25 13 8 9 53 -10 -7 -13 14 -4 17 29 -16 -9 20 21 -20 -23 -18 -25 55 31 -28 -12 30 -1 50 33 54 35 36 -6 41 -36 -39 -41 45 -43 -44 59 46 -38 48 52 -29 -2 -52 -48 -8 -33 56 -3 -57 -53 -45 -31 -46
right_child=1 3 6 -5 34 11 7 18 10 -11 28 12 -14 -15 15 -17 23 -19 19 -21 -22 22 -24 24 -26 -27 27 49 -30 60 -32 32 -34 -35 38 -37 37 39 -40 40 -42 42 43 44 61 -47 47 -49 -50 -51 51 58 -54 -55 -56 57 -58 -59 -60 -61 -62 -63
leaf_value=-9.4500987165615342 5.4882947736316261 25.17039374418037 22.729960843350028 37.852159186956044 25.237269199595733 15.882552347267762 2.207445682824801 -0.86706782039878094 -3.1210704817646273 -3.0164266027711788 -2.8995678361458115 20.532222324802031 48.496940533576478 0.099955398467576229 -1.6524733086801924 16.085369951384408 -6.7153013782224793 11.284436672349131 0.4728754804778641 20.304616634051005 -12.759648150747473 21.255484302308826 6.6971128203652128 19.105754449026929 1.6141839289665221 21.388460359386372 3.7214076830383811 20.637172629283029 -13.443013354678426 -0.83919432640075697 -4.1887503953776424 3.0051724495586214 15.478858158221612 -2.6299360527479947 7.3732732454935714 -11.4476207224528 25.224994617038305 -13.463301046504533 28.865089379587484 10.606994412043324 -10.847094849842351 -1.5233758016066119 27.254837344941638 11.751351098550693 24.891369131565096 1.9397346673090814 -2.9442313810189567 18.722407175147016 -12.921393517524965 7.6887504001174651 0.38707680613974205 15.921082097833807 13.201558357126572 12.858475054705398 8.0566351008677 11.861178356170655 5.1165635697046916 -0.99588013887405402 1.3931630929311118 -2.2873256379907785 -11.74862480111457 11.033400478107589
leaf_weight=238 279 43 47 37 34 52 1356 1883 2168 1589 79 31 31 877 212 49 69 62 859 42 44 45 176 35 100 51 758 39 228 45 3760 508 52 121 45 30 36 43 31 73 41 33 42 72 50 181 33 46 31 280 1666 44 51 47 296 50 60 72 42 33 203 42
leaf_count=238 279 43 47 37 34 52 1356 1883 2168 1589 79 31 31 877 212 49 69 62 859 42 44 45 176 35 100 51 758 39 228 45 3760 508 52 121 45 30 36 43 31 73 41 33 42 72 50 181 33 46 31 280 1666 44 51 47 296 50 60 72 42 33 203 42
internal_value=0.00122968 5.09992 -1.9571 10.7196 9.96873 14.9182 -0.794989 -1.18083 -2.0589 -0.399551 -4.06487 26.0158 34.5146 1.83999 5.80474 3.52165 -4.5067 1.27486 0.393594 2.42947 1.76153 2.35314 9.66149 1.79786 6.14904 10.875 3.20973 5.36539 -10.7299 -4.8096 -4.50196 2.4379 4.50161 3.88451 7.69165 7.04282 7.70241 6.96364 16.1397 -1.58817 2.89105 9.02923 13.1361 15.1602 12.5817 6.07402 9.87252 6.43967 1.52658 9.27179 1.44517 0.801319 6.85857 2.56425 4.86491 8.49189 13.4886 4.27341 8.82605 7.3392 -9.76909 18.5649
internal_weight=19672 5459 14213 1374 1337 390 9763 8516 5467 2992 2475 114 62 1247 370 323 4450 274 3049 1166 1124 1080 221 204 135 276 4085 1077 307 4246 3998 3008 977 925 947 871 841 807 76 157 114 650 272 239 197 378 197 161 115 319 2031 1752 84 1403 804 225 103 122 86 105 248 92
internal_count=19672 5459 14213 1374 1337 390 9763 8516 5467 2992 2475 114 62 1247 370 323 4450 274 3049 1166 1124 1080 221 204 135 276 4085 1077 307 4246 3998 3008 977 925 947 871 841 807 76 157 114 650 272 239 197 378 197 161 115 319 2031 1752 84 1403 804 225 103 122 86 105 248 92
cat_boundaries=0 1 2
cat_threshold=16 2066
is_linear=0
shrinkage=0.05


Tree=66
num_leaves=63
num_cat=3
split_feature=7 3 7 18 25 0 18 4 17 27 3 18 17 13 9 28 16 18 7 1 1 17 17 19 15 9 13 9 4 4 13 11 13 15 17 0 13 15 18 4 18 5 13 13 22 5 18 13 16 17 17 10 10 13 4 15 15 15 13 4 17 11
split_gain=7.31726e+07 1.81375e+07 1.81037e+07 8.10837e+06 4.18296e+06 5.43439e+06 4.22688e+06 7.19801e+06 4.61799e+06 4.1183e+06 4.03082e+06 3.8239e+06 5.4371e+06 5.75022e+06 3.68526e+06 3.53823e+06 3.44662e+06 3.74186e+06 3.3363e+06 2.75819e+06 2.72485e+06 3.16557e+06 3.1125e+06 3.37926e+06 4.50608e+06 4.25048e+06 4.02097e+06 3.02111e+06 3.30435e+06 2.70524e+06 2.4972e+06 2.47865e+06 3.8759e+06 3.72094e+06 2.81523e+06 4.71886e+06 3.7092e+06 2.4204e+06 2.39788e+06 2.33441e+06 2.27602e+06 3.15751e+06 2.7495e+06 3.05567e+06 2.50499e+06 2.26881e+06 2.2635e+06 2.07047e+06 2.0269e+06 2.73606e+06 3.28825e+06 2.46882e+06 4.50349e+06 4.19758e+06 3.72727e+06 2.69005e+06 2.43509e+06 2.01425e+06 2.01151e+06 1.87868e+06 1.85863e+06 1.85423e+06
threshold=5263.1875000000009 3058.5000000000005 8835.2500000000018 2.5000000000000004 0 11734.000000000002 18.500000000000004 11266.000000000002 3.8250000000000006 1 12230.000000000002 41.500000000000007 2.2450000000000006 4.1850000000000014 1089.2495048815579 2 4.6450000000000005 4.5000000000000009 3888.2500000000005 11331.500000000002 7277.0000000000009 8.7150000000000016 7.1400000000000015 1.5000000000000002 0.049932523616732401 303.8598211399721 3.3650000000000007 912.70811461809353 8893.0000000000018 2178.5000000000005 3.6950000000000007 635.45414430177914 3.1950000000000007 -0.012634424399130356 4.8550000000000013 5315.0000000000009 5.3900000000000015 0.10144875414336497 15.500000000000002 4568.5000000000009 20.500000000000004 4704.5000000000009 2.4450000000000007 2.1550000000000007 20.350000000000005 7295.0000000000009 35.500000000000007 2.5450000000000004 6.8200000000000012 4.0650000000000004 4.3250000000000011 1056.9990431813287 745.86447004928766 3.4750000000000005 11266.000000000002 -0.11365130911305052 0.049932523616732401 -0.12586028556047432 3.3650000000000007 8680.5000000000018 2.6650000000000005 394.07272708671047
decision_type=2 2 2 2 1 2 2 2 2 1 2 2 2 2 2 1 2 2 2 2 2 2 2 2 2 2 2 2 2 2 2 2 2 2 2 2 2 2 2 2 2 2 2 2 2 2 2 2 2 2 2 2 2 2 2 2 2 2 2 2 2 2
left_child=1 9 11 -4 6 10 7 -5 19 15 48 14 47 30 20 16 -1 -18 46 60 39 22 23 -22 25 26 -25 28 45 -11 -14 32 -20 -33 61 36 -36 -19 -7 -2 44 -42 43 -43 -41 57 -3 -13 49 51 -51 52 54 -54 55 -6 -57 -27 -59 -52 -8 -34
right_child=2 18 3 4 5 38 8 -9 -10 29 -12 12 13 -15 -16 -17 17 37 31 -21 21 -23 -24 24 -26 27 -28 -29 -30 -31 -32 33 34 -35 35 -37 -38 -39 -40 40 41 42 -44 -45 -46 -47 -48 -49 -50 50 59 -53 53 -55 -56 56 -58 58 -60 -61 -62 -63
leaf_value=12.702876774523709 -2.8091277506267818 -2.3538908819446438 35.85586352131584 11.85915068311076 21.147276999155682 2.4271276086568836 2.8467366293856973 36.828802285371005 29.278037639707328 -5.8194821649126203 26.802808663339331 11.794274776776632 13.428471339742343 33.146110975381099 -3.7180292092634168 -2.6574607875970848 8.2150024349039263 -11.969538646844718 -0.85760496502479422 -1.4726819048122486 20.182839557670412 22.345464741190277 -9.9953520341714235 5.0845469570159914 -3.3322084704689363 13.550874473651252 25.919193737723614 17.905413932335087 18.100527743732229 -3.3624203866006965 -1.1346230062278542 -4.3297672739506678 3.0309033030223613 3.0337264552889138 -8.6182942081065406 22.934845894858952 9.0366635070127597 1.5731952254451924 -14.51525944586723 5.2834202746541044 12.924378465351305 -0.81363024829576414 -0.19544704266956875 16.378315507939885 -8.5070729143479298 -3.2019588078639303 0.15013149902471087 1.3966833007738058 19.416392768301616 -12.270588493347169 -0.16970506581393155 1.9275295099218686 10.165604732253335 31.654553225699892 -8.1400144392444247 1.584640719095866 17.715987687952378 8.8667170071020376 -6.893099755272269 15.612180721398557 15.784684118715305 0.2918700127213899
leaf_weight=74 171 2241 33 62 45 64 38 54 32 2168 33 60 144 33 181 1552 88 65 1595 49 42 30 30 40 115 54 55 41 34 2318 37 533 1389 253 42 42 102 67 31 1046 57 48 805 56 34 129 1511 237 41 33 44 75 44 47 31 75 34 41 40 33 103 1113
leaf_count=74 171 2241 33 62 45 64 38 54 32 2168 33 60 144 33 181 1552 88 65 1595 49 42 30 30 40 115 54 55 41 34 2318 37 533 1389 253 42 42 102 67 31 1046 57 48 805 56 34 129 1511 237 41 33 44 75 44 47 31 75 34 41 40 33 103 1113
internal_value=-0.00961284 -1.68085 5.54273 11.4833 10.6525 7.79504 15.2953 23.483 11.706 -3.72258 9.87563 3.87235 7.87517 13.9511 3.20149 -1.70293 3.25762 0.228656 -0.215228 8.74651 3.63818 6.48228 5.71594 6.51347 5.46772 7.7995 17.1467 5.18008 3.42927 -4.53975 10.4515 0.621365 1.09501 -1.95958 2.25365 8.18836 3.8873 -5.09558 -3.10144 2.80304 3.27209 1.50878 0.792955 8.44357 4.84928 1.5398 -1.34547 3.49721 8.76289 7.8154 0.934596 9.97178 12.1577 21.2643 7.67826 10.8625 6.61644 6.0708 1.08409 6.59396 12.2979 1.81246
internal_weight=19714 15153 4561 1001 968 630 338 116 222 6332 535 3560 511 214 3049 1846 294 220 8821 190 2868 651 621 591 549 434 95 339 298 4486 181 5069 4283 786 2688 186 144 132 95 2217 2046 966 909 104 1080 264 3752 297 502 461 110 351 276 91 185 154 109 135 81 77 141 2502
internal_count=19714 15153 4561 1001 968 630 338 116 222 6332 535 3560 511 214 3049 1846 294 220 8821 190 2868 651 621 591 549 434 95 339 298 4486 181 5069 4283 786 2688 186 144 132 95 2217 2046 966 909 104 1080 264 3752 297 502 461 110 351 276 91 185 154 109 135 81 77 141 2502
cat_boundaries=0 1 2 3
cat_threshold=16 8 2
is_linear=0
shrinkage=0.05


Tree=67
num_leaves=63
num_cat=6
split_feature=8 8 3 18 27 25 18 4 12 24 24 18 17 18 15 25 17 15 18 8 18 14 8 15 12 18 10 1 8 6 1 17 15 17 3 14 18 6 1 12 13 11 11 19 11 18 18 17 15 12 24 18 14 11 14 10 18 4 11 10 13 4
split_gain=6.8272e+07 1.6468e+07 1.58606e+07 6.60555e+06 3.81275e+06 3.74929e+06 3.81476e+06 6.4962e+06 4.16774e+06 3.74078e+06 3.32153e+06 4.03962e+06 5.6053e+06 5.56768e+06 4.52313e+06 3.38483e+06 3.35043e+06 3.25838e+06 2.99544e+06 2.89912e+06 2.787e+06 4.72271e+06 3.0917e+06 3.00338e+06 2.72495e+06 3.66666e+06 2.77264e+06 2.55584e+06 2.49829e+06 2.36605e+06 3.28302e+06 2.2395e+06 2.20935e+06 2.27265e+06 2.17627e+06 2.56289e+06 4.16329e+06 2.2904e+06 2.20308e+06 2.32827e+06 2.65046e+06 4.42759e+06 2.85089e+06 2.37634e+06 2.20078e+06 2.10765e+06 2.0639e+06 2.69084e+06 2.28556e+06 1.99652e+06 2.19084e+06 1.97978e+06 1.97401e+06 1.95219e+06 1.92037e+06 1.9102e+06 1.88442e+06 1.84019e+06 1.75751e+06 2.10674e+06 1.74561e+06 2.12868e+06
threshold=5223.7916666666679 8519.7500000000018 3058.5000000000005 2.5000000000000004 0 1 18.500000000000004 11266.000000000002 3.8250000000000006 2 3 2.5000000000000004 6.660000000000001 47.500000000000007 0.78457257123812718 4 9.8100000000000005 0.22493223577784333 48.500000000000007 3913.0833333333335 47.500000000000007 2.6850000000000005 7058.7916666666679 -0.014412656448347149 6.660000000000001 2.5000000000000004 391.33131276477405 10995.000000000002 1741.7916666666667 5722.0000000000009 6658.5000000000009 2.6650000000000005 0.10806123535746269 4.8550000000000013 8343.5000000000018 4.1850000000000014 14.500000000000002 10940.125000000002 8228.5000000000018 2.3950000000000005 3.4750000000000005 624.58429588178456 949.27018811116011 6.5000000000000009 828.1666927229611 35.500000000000007 46.500000000000007 1.7550000000000001 0.0090090090090079473 4.4850000000000012 5 49.500000000000007 3.6350000000000002 358.2227383078943 3.6650000000000005 593.44193919301358 45.500000000000007 5078.5000000000009 1081.975543674517 1099.0435471173262 3.6250000000000004 3647.5000000000005
decision_type=2 2 2 2 1 1 2 2 2 1 1 2 2 2 2 1 2 2 2 2 2 2 2 2 2 2 2 2 2 2 2 2 2 2 2 2 2 2 2 2 2 2 2 2 2 2 2 2 2 2 1 2 2 2 2 2 2 2 2 2 2 2
left_child=2 9 4 -3 10 6 7 -5 27 20 56 12 -12 16 15 18 -13 55 -15 45 23 -22 52 57 26 -26 46 31 -6 -19 -31 -8 -28 -34 -7 36 -36 38 -38 -40 42 -42 43 -41 -43 49 48 -48 60 -4 -51 -20 -23 -49 -46 -11 -1 -2 -37 -60 -21 -62
right_child=1 3 19 5 28 34 8 -9 -10 17 11 13 -14 14 -16 -17 -18 29 51 24 21 22 -24 -25 25 -27 32 -29 -30 30 -32 -33 33 -35 35 58 37 -39 39 40 41 44 -44 -45 54 -47 47 53 -50 50 -52 -53 -54 -55 -56 -57 -58 -59 59 -61 61 -63
leaf_value=-2.8080552107989454 18.311593899582373 32.427596098535204 -3.1279412079412912 11.26619312378668 -7.0389002787112362 18.193466445674069 2.7043997890070868 34.987363139788314 27.814135164022446 2.7335954730592045 1.7656557193357649 -4.1428987982157865 23.323745997799072 -12.884138003985086 -8.7959950223565109 9.7784479495448373 6.7928419545491536 20.83466556492974 13.159872024123736 0.37187360412875814 27.847215268271313 7.2236482508977264 18.552536871375107 2.3160454750787149 20.772940038865613 2.9881833944026006 -1.9966481886264889 0.71639443261282787 -3.9097741514297262 0.22670535731625249 19.724834880828858 17.388175321788321 1.3225130665841416 16.085253940224646 25.110725438917008 -3.1433429551679035 -3.0678574008100177 -1.8964099558239635 23.342502847794563 -2.2984491856892908 -1.6908628068651472 27.388651301644064 -4.7480933919819917 14.557625789227695 5.166587661372291 0.17562511741428785 0.836816783137873 7.2455235163370775 -1.15453790345032 2.6109332139681403 -3.0500853695072139 -0.97382230520248414 -8.4846717325846353 21.973403479258224 22.29522549947103 -0.78712663850207709 -6.7893255891149211 6.264898613223008 16.339759265051949 1.8567608764372676 -6.5856915772126783 4.6843008904950691
leaf_weight=887 33 34 1690 62 868 46 38 54 32 1037 146 1059 38 36 64 194 75 34 37 750 35 60 41 708 31 445 1589 70 2406 77 30 82 199 30 37 86 34 55 31 30 35 44 55 69 36 1520 147 90 954 374 298 75 30 30 30 613 447 805 36 83 45 608
leaf_count=887 33 34 1690 62 868 46 38 54 32 1037 146 1059 38 36 64 194 75 34 37 750 35 60 41 708 31 445 1589 70 2406 77 30 82 199 30 37 86 34 55 31 30 35 44 55 69 36 1520 147 90 954 374 298 75 30 30 30 613 447 805 36 83 45 608
internal_value=-0.00919959 5.33798 -1.62834 10.739 -3.53666 10.0333 14.5305 22.3088 11.1207 3.67436 -2.24167 -0.779625 6.21787 -1.62075 3.40372 5.6867 -3.41964 2.03765 -0.316142 -0.25521 5.34348 11.5312 7.17201 4.71364 0.551088 4.14643 0.165815 8.30919 -4.72493 9.34454 5.69347 12.7383 -1.33495 3.2565 7.57067 6.94595 9.03346 7.61375 9.05072 10.2993 8.947 13.7984 4.37908 9.44972 18.7269 -1.27669 1.2056 5.37195 0.733634 -2.21128 0.094006 3.69534 1.98754 10.9275 12.9523 1.42559 -4.11129 6.73929 2.30251 6.23817 2.01754 3.90766
internal_weight=19714 4582 15132 1079 6332 1045 338 116 222 3503 3058 1724 184 1540 406 342 1134 1791 148 8800 1712 166 131 1546 4918 476 4442 190 3274 141 107 120 1818 229 707 661 456 419 364 330 299 145 154 99 110 3882 2624 267 2357 2362 672 112 90 120 66 1650 1334 838 205 119 1403 653
internal_count=19714 4582 15132 1079 6332 1045 338 116 222 3503 3058 1724 184 1540 406 342 1134 1791 148 8800 1712 166 131 1546 4918 476 4442 190 3274 141 107 120 1818 229 707 661 456 419 364 330 299 145 154 99 110 3882 2624 267 2357 2362 672 112 90 120 66 1650 1334 838 205 119 1403 653
cat_boundaries=0 1 2 3 4 5 6
cat_threshold=9 16 577 1378 3 3458
is_linear=0
shrinkage=0.05


Tree=68
num_leaves=63
num_cat=6
split_feature=8 8 4 13 25 0 13 10 10 27 3 24 15 15 6 17 24 13 6 12 15 7 3 5 12 5 24 15 13 16 15 17 16 9 20 4 4 17 16 17 5 6 9 12 9 20 9 2 7 3 15 9 10 17 8 4 12 25 7 10 10 9
split_gain=6.16097e+07 1.48624e+07 1.44421e+07 4.05488e+06 3.94511e+06 4.73742e+06 4.38293e+06 4.66014e+06 7.65969e+06 3.56387e+06 3.42392e+06 3.37605e+06 2.94069e+06 2.52114e+06 2.89328e+06 2.4928e+06 2.48979e+06 2.46345e+06 4.30835e+06 3.7752e+06 2.3945e+06 2.63944e+06 2.28479e+06 2.25257e+06 2.18942e+06 2.17763e+06 2.66425e+06 2.68786e+06 2.25918e+06 4.11772e+06 2.15924e+06 3.67531e+06 3.16125e+06 2.72935e+06 2.25807e+06 2.57081e+06 2.15559e+06 2.32393e+06 4.46416e+06 3.22278e+06 2.71772e+06 2.13536e+06 2.75702e+06 1.8958e+06 2.12856e+06 1.86851e+06 1.82921e+06 2.41185e+06 1.99501e+06 2.22246e+06 1.97859e+06 2.21246e+06 3.53499e+06 1.75953e+06 1.73563e+06 1.7038e+06 1.70142e+06 1.68092e+06 3.10828e+06 2.81444e+06 2.23762e+06 1.67754e+06
threshold=5223.7916666666679 8519.7500000000018 3042.5000000000005 3.2050000000000005 0 11734.000000000002 3.4150000000000005 954.68496444119216 700.91566715217107 1 12230.000000000002 2 0.22493223577784333 -0.15154113191668417 11536.750000000002 9.8100000000000005 3 4.5750000000000011 9817.7500000000018 4.0650000000000004 -1.0000000180025095e-35 10847.875000000002 3157.5000000000005 8021.0000000000009 5.9300000000000006 4471.5000000000009 4 -0.21274518968700945 4.1050000000000013 7.1700000000000008 -0.040312093628088706 4.6250000000000009 7.1000000000000005 706.97558773770209 3.5000000000000004 5078.5000000000009 4593.5000000000009 6.7650000000000015 6.5700000000000012 6.5100000000000007 4448.5000000000009 5722.0000000000009 552.20277854349843 5.4250000000000007 890.77363216644062 1.5000000000000002 255.58291203980204 8372.0000000000018 9076.0000000000018 9160.5000000000018 0.042694535585530914 890.77363216644062 766.3146265286108 6.3350000000000009 9798.1666666666697 5139.5000000000009 7.1400000000000015 5 4641.2500000000009 448.8352982376212 245.91432831119502 486.34170084734473
decision_type=2 2 2 2 1 2 2 2 2 1 2 1 2 2 2 2 1 2 2 2 2 2 2 2 2 2 1 2 2 2 2 2 2 2 2 2 2 2 2 2 2 2 2 2 2 2 2 2 2 2 2 2 2 2 2 2 2 1 2 2 2 2
left_child=2 11 9 22 6 10 13 8 -8 15 17 30 23 -3 20 25 -11 19 -19 46 -15 -22 -4 -13 -20 26 -1 -28 -29 -30 34 33 -33 55 35 -2 37 39 40 53 -39 -14 -43 44 -7 -18 -6 -48 -49 -50 51 52 -51 -5 -21 -32 -31 58 -38 60 -60 -24
right_child=1 4 3 36 5 43 7 -9 -10 16 -12 12 41 14 -16 -17 45 18 24 54 21 -23 61 -25 -26 -27 27 28 29 56 31 32 -34 -35 -36 -37 57 38 -40 -41 -42 42 -44 -45 -46 -47 47 48 49 50 -52 -53 -54 -55 -56 -57 -58 -59 59 -61 -62 -63
leaf_value=-3.0973279600545216 20.170846808751424 23.387313677469891 -5.3917999232312042 -0.18089732132382721 -0.20123555800494028 1.6538062914212546 16.0884388430174 12.982907791835508 47.846015256993915 -5.3093444516002162 25.077366757392884 1.6302237080737296 19.792931991464954 1.953660233477329 -5.6065844564726861 6.7316415068391082 3.1304881227259735 28.31754198074341 16.365000398386094 -12.631512606143952 9.3695091067620044 27.92899704933167 -0.73574094529062795 -11.01562945312924 0.12236355572212032 -9.9110448437352332 -7.3900015524789398 -0.77108847839842121 8.6910046543393822 2.2689381771617465 -5.4723416121109674 21.901715831955276 2.7368230966421274 -3.5290817731346182 13.232990525060893 5.1767619448350333 -2.1200983960377542 2.9553749648007481 0.23664443639484611 -14.343278472423556 21.370312104505654 -0.0686284600871883 17.169152011590846 6.628299612469144 -17.028748118492867 -3.1987955982512828 22.194082529015013 0.23790407605090383 21.770900500787274 3.4635033377681874 16.256255812723129 -3.7394943046569824 21.876556244649386 10.772547440915496 3.8364112198352815 4.4781821766049124 -13.212782211303711 1.4422352616653074 4.301314735412598 2.5468255617847184 20.473105445806532 -4.461841608261504
leaf_weight=2081 30 30 360 4032 51 30 43 82 34 2483 33 1614 34 47 33 77 147 40 42 32 53 30 2587 36 41 93 102 486 196 36 46 48 39 153 125 607 76 33 185 40 51 73 34 36 31 564 36 59 37 83 61 45 38 37 32 664 35 916 31 73 69 342
leaf_count=2081 30 30 360 4032 51 30 43 82 34 2483 33 1614 34 47 33 77 147 40 42 32 53 30 2587 36 41 93 102 486 196 36 46 48 39 153 125 607 76 33 185 40 51 73 34 36 31 564 36 59 37 83 61 45 38 37 32 664 35 916 31 73 69 342
internal_value=-0.00850274 5.07108 -1.54661 -0.242007 10.202 7.70952 14.7128 21.2778 30.1113 -3.37554 9.39933 3.49064 1.93577 10.0667 7.61508 -2.14562 -4.5506 8.5327 14.8378 6.89657 10.9714 16.0778 -1.63282 1.35431 8.34153 -2.37837 -2.13977 0.224442 1.25886 4.95383 5.07631 3.51564 13.3106 2.5282 7.08864 5.88292 0.58325 0.0746157 4.57692 -0.220133 14.1359 8.87731 5.4088 -2.4707 -7.84061 -1.86399 8.65956 9.91833 8.55014 10.4078 8.55566 5.72592 9.24611 -0.0812961 -4.39755 3.8335 -5.3629 2.49467 6.06477 10.011 15.4599 -1.17081
internal_weight=19714 4582 15132 8832 1079 727 352 159 77 6300 630 3503 1791 193 163 3106 3194 597 123 474 130 83 3289 1650 83 3029 2936 855 753 267 1712 950 87 863 762 637 5543 4378 269 4109 84 141 107 97 61 711 410 359 323 264 227 166 121 4069 64 710 71 1165 249 173 100 2929
internal_count=19714 4582 15132 8832 1079 727 352 159 77 6300 630 3503 1791 193 163 3106 3194 597 123 474 130 83 3289 1650 83 3029 2936 855 753 267 1712 950 87 863 762 637 5543 4378 269 4109 84 141 107 97 61 711 410 359 323 264 227 166 121 4069 64 710 71 1165 249 173 100 2929
cat_boundaries=0 1 2 3 4 5 6
cat_threshold=16 9 577 60 1832 16
is_linear=0
shrinkage=0.05


Tree=69
num_leaves=63
num_cat=0
split_feature=7 7 8 12 13 18 10 15 1 18 12 17 7 9 17 18 18 13 16 1 6 2 19 18 4 15 15 2 21 17 18 13 8 10 9 4 13 18 18 12 17 4 18 4 10 3 4 4 9 16 13 4 4 3 13 12 17 15 17 16 15 9
split_gain=6.18694e+07 1.69824e+07 9.12822e+06 3.53248e+06 3.26322e+06 4.16766e+06 5.56468e+06 3.21028e+06 4.7342e+06 3.58162e+06 3.52896e+06 6.43057e+06 3.17193e+06 3.00255e+06 2.9905e+06 6.14976e+06 5.68149e+06 3.60246e+06 4.14098e+06 3.38849e+06 2.97416e+06 2.92339e+06 3.09289e+06 4.34463e+06 3.38102e+06 4.97758e+06 2.85734e+06 2.62049e+06 2.52994e+06 2.51434e+06 4.12407e+06 3.00292e+06 2.49527e+06 2.44483e+06 2.30617e+06 2.15239e+06 2.08952e+06 2.02799e+06 3.66608e+06 4.20461e+06 2.95332e+06 2.66513e+06 1.98828e+06 2.9275e+06 2.43654e+06 4.31674e+06 1.96806e+06 2.2129e+06 1.95783e+06 1.95194e+06 1.91995e+06 2.07942e+06 1.87146e+06 1.93202e+06 1.86712e+06 3.66871e+06 2.42088e+06 4.29466e+06 2.41277e+06 2.16179e+06 2.13026e+06 1.89804e+06
threshold=6017.8125000000009 3480.3125000000005 10020.625000000002 6.8050000000000006 3.7350000000000008 37.500000000000007 745.86447004928766 0.19043062200956926 5368.5000000000009 33.500000000000007 7.0450000000000008 4.4400000000000004 2262.8750000000005 806.69177793695769 1.7550000000000001 3.5000000000000004 21.500000000000004 9.9400000000000031 4.9800000000000013 6283.5000000000009 5524.1250000000009 9623.0000000000018 5.5000000000000009 38.500000000000007 11640.500000000002 -0.099920054898571517 0.022241245472199068 11711.500000000002 1.0000000180025095e-35 2.4050000000000007 48.500000000000007 3.3850000000000002 10539.91666666667 1307.2560509709017 502.19430273945625 5503.5000000000009 6.5700000000000012 32.500000000000007 23.500000000000004 3.5850000000000004 3.6650000000000005 6087.5000000000009 18.500000000000004 8893.0000000000018 501.90621417085566 6055.0000000000009 7232.0000000000009 5712.5000000000009 248.23980341506322 3.3550000000000004 5.8700000000000001 1871.5000000000002 4216.5000000000009 3763.5000000000005 4.9350000000000014 6.0150000000000015 6.7650000000000015 0.54809905824903982 6.1950000000000012 9.1650000000000009 0.51231889937473574 364.26169582696269
decision_type=2 2 2 2 2 2 2 2 2 2 2 2 2 2 2 2 2 2 2 2 2 2 2 2 2 2 2 2 2 2 2 2 2 2 2 2 2 2 2 2 2 2 2 2 2 2 2 2 2 2 2 2 2 2 2 2 2 2 2 2 2 2
left_child=1 12 4 21 13 33 -7 9 34 14 11 35 -1 37 16 36 26 18 -17 48 -12 -4 24 32 27 -26 -3 -23 29 -11 31 -31 -24 42 54 -10 -16 38 40 -40 -2 -39 43 44 45 -6 47 -47 -20 -15 51 -14 53 -32 58 -56 57 59 61 -57 -58 -9
right_child=2 7 3 -5 5 6 -8 8 10 28 20 -13 50 49 15 17 -18 -19 19 -21 -22 22 23 -25 25 -27 -28 -29 -30 30 52 -33 -34 -35 -36 -37 -38 41 39 -41 -42 -43 -44 -45 -46 46 -48 -49 -50 -51 -52 -53 -54 -55 55 56 60 -59 -60 -61 -62 -63
leaf_value=-4.0166857309323198 7.1979280804678538 2.9503587974793959 22.378833927639896 24.20588375307479 -1.875097931132597 8.2137441913832685 29.871317324855113 0.12957786949443037 -0.77341382643755752 1.1357176818124943 14.939221280090738 35.912459640502931 -13.762053123712541 -6.5963593110171237 5.2434592206810802 -1.8640813732599346 -2.7327197988920009 12.099046488506039 -19.40486596037702 5.024825421969096 -3.8626968357069744 14.085871516500863 -9.7004346016125815 18.720340216678121 31.935685564080877 10.706120879810591 -2.0118941720326742 2.1470949500440115 -1.4631561201965502 -1.1768711207292541 15.481013966861525 6.6634045796261887 4.6820801697279277 -5.3266161607659388 -3.8224934754614859 17.017821533539717 20.568894716898601 -5.9267087678651551 -5.0877052165674819 10.800628878520087 -6.8252587502910984 8.0453807413442568 1.7325381991931854 19.890340073903403 4.9783750698590161 5.0457068042829638 2.8014205487569175 19.781421403312685 -7.7894498950337612 2.6246761405467987 0.51140364502737756 -2.3019703528036151 20.59330506874965 -1.4927199252446492 19.478142985483498 2.2793367375548068 3.3513823453117824 -8.4611777317829624 -12.94546728749429 16.613096533594906 21.631377286911011 9.5899529057164354
leaf_weight=3416 354 1494 49 53 51 91 44 366 34 1087 33 30 40 110 86 1872 972 41 41 48 58 103 39 46 48 65 360 83 501 223 38 270 133 46 174 34 30 37 209 52 42 440 183 45 559 32 30 125 315 120 653 3796 52 30 41 91 34 78 31 37 30 62
leaf_count=3416 354 1494 49 53 51 91 44 366 34 1087 33 30 40 110 86 1872 972 41 41 48 58 103 39 46 48 65 360 83 501 223 38 270 133 46 174 34 30 37 209 52 42 440 183 45 559 32 30 125 315 120 653 3796 52 30 41 91 34 78 31 37 30 62
internal_value=0.0363328 -1.196 6.41172 11.8625 5.09887 6.99366 15.2725 0.342619 2.82246 -0.0340107 10.0457 16.6294 -2.86854 3.42357 -0.74277 -2.02778 0.363535 -2.59024 -2.85485 -7.44575 2.95558 10.7066 9.60039 5.07126 12.9026 19.724 1.98681 8.75835 1.65948 2.57974 5.14034 3.11699 1.42093 5.9501 1.37628 8.1222 9.20693 4.48006 2.6784 -1.92221 5.71062 6.96159 6.45618 7.48281 6.78226 11.0191 14.5357 16.778 -9.12718 -1.78538 -1.99484 -2.42147 13.4529 7.9926 2.55106 5.5422 3.426 0.78705 0.524386 6.42269 11.9201 1.50001
internal_weight=19687 16498 3189 619 2570 1206 135 8593 1133 7460 189 98 7905 1364 5259 2433 2826 2317 2276 404 91 566 517 218 299 113 1854 186 2201 1700 613 493 172 1071 944 68 116 1134 657 261 396 477 1025 842 797 238 187 157 356 230 4489 3836 120 68 770 311 270 206 459 128 64 428
internal_count=19687 16498 3189 619 2570 1206 135 8593 1133 7460 189 98 7905 1364 5259 2433 2826 2317 2276 404 91 566 517 218 299 113 1854 186 2201 1700 613 493 172 1071 944 68 116 1134 657 261 396 477 1025 842 797 238 187 157 356 230 4489 3836 120 68 770 311 270 206 459 128 64 428
is_linear=0
shrinkage=0.05


Tree=70
num_leaves=63
num_cat=1
split_feature=7 7 2 18 4 18 9 17 4 13 12 18 11 16 13 25 15 15 15 9 13 17 2 13 11 4 13 9 18 17 17 18 2 16 17 14 14 4 17 14 16 13 18 14 11 17 3 0 4 4 15 12 13 15 6 11 5 2 16 15 15 4
split_gain=5.58371e+07 1.53266e+07 7.93223e+06 4.51993e+06 2.97815e+06 3.55285e+06 4.28424e+06 3.10992e+06 2.89354e+06 2.92436e+06 2.68731e+06 3.40076e+06 3.37416e+06 2.96881e+06 2.96412e+06 2.63708e+06 3.49565e+06 5.63362e+06 5.25261e+06 6.08783e+06 4.53484e+06 6.10655e+06 2.42606e+06 2.38577e+06 2.3311e+06 2.32688e+06 2.29514e+06 3.00824e+06 2.29351e+06 2.41666e+06 2.87676e+06 5.58743e+06 2.42552e+06 2.27394e+06 2.50115e+06 2.27229e+06 2.32129e+06 2.24432e+06 2.20897e+06 2.19992e+06 2.19304e+06 2.1609e+06 2.58039e+06 2.57506e+06 2.12383e+06 2.35026e+06 2.11492e+06 2.40792e+06 2.12415e+06 3.55598e+06 2.31809e+06 4.30203e+06 2.33204e+06 2.10404e+06 2.25841e+06 2.28102e+06 2.03279e+06 1.96648e+06 2.30741e+06 2.01529e+06 1.95869e+06 4.29521e+06
threshold=6017.8125000000009 3480.3125000000005 8760.0000000000018 2.5000000000000004 4568.5000000000009 46.500000000000007 166.3574211560211 2.6750000000000003 1756.5000000000002 5.8700000000000001 6.8050000000000006 2.5000000000000004 608.99036849188906 3.9350000000000005 5.8150000000000004 0 -0.059872611464968438 -0.22238850701674875 -0.15154113191668417 682.92687436130893 3.3950000000000005 3.6650000000000005 6464.5000000000009 6.4750000000000005 388.6277918039188 9550.0000000000018 3.4850000000000008 661.73634984214493 35.500000000000007 6.1950000000000012 2.3050000000000002 47.500000000000007 3341.5000000000005 7.9500000000000011 6.660000000000001 2.8250000000000006 2.3950000000000005 12173.500000000002 7.0450000000000008 6.8500000000000005 6.1550000000000002 3.3850000000000002 49.500000000000007 2.8050000000000002 1358.4649075703492 7.5750000000000011 6367.5000000000009 7807.5000000000009 6296.5000000000009 6487.5000000000009 0.019996816223231403 3.8850000000000002 3.8950000000000005 -0.24405446499931768 8083.6250000000009 492.00917314444922 6621.0000000000009 9409.0000000000018 3.7650000000000001 -0.10402929508696972 0.040766690960489356 9550.0000000000018
decision_type=2 2 2 2 2 2 2 2 2 2 2 2 2 2 2 1 2 2 2 2 2 2 2 2 2 2 2 2 2 2 2 2 2 2 2 2 2 2 2 2 2 2 2 2 2 2 2 2 2 2 2 2 2 2 2 2 2 2 2 2 2 2
left_child=1 8 26 -4 10 22 -7 -8 -1 28 12 -12 -3 -14 38 16 17 20 19 -19 -5 -22 23 56 -9 -23 27 -2 -10 30 -30 -32 41 34 -11 36 -29 57 -13 -36 -25 43 -43 -33 45 46 47 -28 -48 -50 53 -52 -53 -51 55 -55 -6 -20 59 -59 -18 -62
right_child=2 4 3 15 5 6 7 24 9 33 11 14 13 -15 -16 -17 60 18 37 -21 21 25 -24 40 -26 -27 44 35 29 -31 31 32 -34 -35 39 -37 -38 -39 -40 -41 -42 42 -44 -45 -46 -47 48 -49 49 50 51 52 -54 54 -56 -57 -58 58 -60 -61 61 -63
leaf_value=-4.4364290453105628 3.987967290496004 -0.29070725324096847 27.117325117852957 -11.422159627278646 1.0484452455538675 22.731932392635862 0.2608924866102304 1.9886208732639041 -3.4919608052417268 0.87551434442054399 18.989558348655702 0.18990367968877159 0.060862270513857446 -6.8511260316781701 3.240014229941806 1.4510260367578316 3.6852865749313715 14.342808255282316 21.778505325317383 43.881591982454864 29.746654148101808 10.815012811024985 -7.815765208947032 16.766143710114235 18.615846023919449 -6.3744130345753263 3.7276461061550417 -7.6278340816497803 -2.9557276374561146 -13.14225746199142 -1.4263549544734284 10.674157801601623 -6.5240013460959165 -3.6284184256690235 17.465080625688039 -7.9071483407065131 8.7746951232522221 25.498912645131352 -14.658297957930456 2.7536009874884733 3.662059681117535 20.788159589315285 5.7409166435578038 -2.9455519225170366 -6.5420452664880191 16.131912100315095 2.3053857473161936 -11.049544274012248 21.445921905308353 14.020323446241477 29.180908215430478 0.1176520908580107 13.833119526090503 -2.2526012568175795 -3.1482144106393575 8.9590697284988181 -10.168320616280161 -7.2688012480735784 17.158045201552543 10.47629827708006 1.014029958827628 14.219261468771178
leaf_weight=1882 725 3970 36 30 2725 37 157 35 3025 387 30 60 254 400 545 119 210 33 31 37 30 45 76 43 53 35 340 34 1135 43 848 72 31 199 48 107 59 32 43 54 124 58 56 67 34 56 177 30 49 59 31 51 79 60 87 186 41 32 38 32 90 195
leaf_count=1882 725 3970 36 30 2725 37 157 35 3025 387 30 60 254 400 545 119 210 33 31 37 30 45 76 43 53 35 340 34 1135 43 848 72 31 199 48 107 59 32 43 54 124 58 56 67 34 56 177 30 49 59 31 51 79 60 87 186 41 32 38 32 90 195
internal_value=0.0345162 -1.1362 6.09113 9.71446 0.325488 1.50697 6.87334 4.47837 -2.72511 -2.19038 -0.407868 2.53183 -0.838906 -4.16665 1.7699 9.08098 9.99308 13.7493 18.4795 29.9562 5.80933 10.5088 1.00404 1.23258 12.0027 3.29464 4.37491 2.49035 -2.58603 -1.39968 -1.17695 0.606536 6.67658 0.877598 2.71133 -2.93852 2.77807 13.6106 -6.00886 9.67665 7.03617 8.29404 13.3965 4.10926 5.78187 6.1296 5.6421 2.5295 7.12049 8.53623 7.39233 12.4436 8.45244 5.31769 3.77578 6.22452 0.882181 10.7502 7.39849 1.60375 7.34935 10.0492
internal_weight=19687 16498 3189 1025 8593 3291 282 245 7905 6023 5302 678 4624 654 648 989 870 375 235 70 140 110 3009 2933 88 80 2164 925 5335 2310 2267 1132 284 688 489 200 93 165 103 102 167 253 114 139 1239 1205 1149 370 779 602 553 161 130 392 333 246 2766 133 102 64 495 285
internal_count=19687 16498 3189 1025 8593 3291 282 245 7905 6023 5302 678 4624 654 648 989 870 375 235 70 140 110 3009 2933 88 80 2164 925 5335 2310 2267 1132 284 688 489 200 93 165 103 102 167 253 114 139 1239 1205 1149 370 779 602 553 161 130 392 333 246 2766 133 102 64 495 285
cat_boundaries=0 1
cat_threshold=21
is_linear=0
shrinkage=0.05


Tree=71
num_leaves=63
num_cat=1
split_feature=8 8 8 4 13 14 12 18 3 11 15 5 11 13 12 11 18 18 11 13 5 9 1 9 10 15 10 12 16 16 13 11 3 21 4 15 16 15 10 1 4 18 27 1 16 3 5 15 9 0 18 11 15 15 12 9 19 8 16 19 11 10
split_gain=5.05822e+07 1.33312e+07 7.84274e+06 3.58789e+06 3.57814e+06 6.68331e+06 6.33015e+06 4.28392e+06 4.07615e+06 4.34883e+06 3.36583e+06 3.24705e+06 5.77961e+06 3.15497e+06 3.12778e+06 3.50452e+06 2.93044e+06 3.17629e+06 4.55026e+06 3.43647e+06 2.58342e+06 2.42763e+06 2.627e+06 3.73173e+06 9.09413e+06 2.4808e+06 2.53372e+06 3.06378e+06 5.50149e+06 2.69632e+06 2.36248e+06 2.34989e+06 2.29944e+06 2.14968e+06 2.08866e+06 2.34576e+06 2.731e+06 3.07138e+06 3.46844e+06 2.41754e+06 2.84273e+06 2.47006e+06 2.22211e+06 4.24145e+06 3.38156e+06 3.35905e+06 2.53082e+06 2.20916e+06 2.10379e+06 2.08674e+06 2.06915e+06 2.30985e+06 2.00262e+06 2.546e+06 2.00176e+06 1.96207e+06 1.91755e+06 2.53958e+06 1.91391e+06 1.89532e+06 3.08983e+06 2.07793e+06
threshold=5893.0833333333348 3745.8750000000005 10020.625000000002 2178.5000000000005 4.6250000000000009 4.9650000000000007 6.1950000000000012 47.500000000000007 7064.5000000000009 565.00260288131278 0.23595118267385309 6078.5000000000009 598.07478320514986 7.1650000000000009 6.8050000000000006 573.82110702544855 33.500000000000007 23.500000000000004 527.10291413294181 9.9400000000000031 4773.5000000000009 345.60948561005188 13053.500000000002 509.20931337257105 609.25213734183512 0.10806123535746269 799.86790254836058 3.1350000000000002 3.5250000000000004 3.2250000000000005 6.6250000000000009 1358.4649075703492 4929.5000000000009 1.0000000180025095e-35 9320.0000000000018 -0.18404723996219846 3.0950000000000002 -0.21274518968700945 419.03100231103639 7908.5000000000009 7970.5000000000009 34.500000000000007 0 7013.0000000000009 2.5050000000000003 6908.5000000000009 5307.5000000000009 0.057057057057054647 317.25403815235376 5011.5000000000009 32.500000000000007 677.11457188318002 0.066034630509407347 -0.022592717171170628 4.5150000000000006 719.37773962376161 4.5000000000000009 4580.416666666667 2.7050000000000005 1.5000000000000002 334.31832498353583 435.43579912695412
decision_type=2 2 2 2 2 2 2 2 2 2 2 2 2 2 2 2 2 2 2 2 2 2 2 2 2 2 2 2 2 2 2 2 2 2 2 2 2 2 2 2 2 2 1 2 2 2 2 2 2 2 2 2 2 2 2 2 2 2 2 2 2 2
left_child=1 3 4 59 6 8 7 34 9 -6 16 30 -13 20 15 -4 17 18 56 -20 -5 -17 23 24 -23 26 29 28 -28 -25 -12 54 49 -18 35 36 -2 38 -38 40 42 52 43 46 45 -44 -37 48 -41 -32 -36 -52 53 -42 -7 -19 57 -3 -46 -1 -61 -62
right_child=2 10 14 13 5 31 -8 -9 -10 -11 11 12 -14 -15 -16 21 33 55 19 -21 -22 22 -24 25 -26 -27 27 -29 -30 -31 32 -33 -34 -35 50 39 37 -39 -40 47 41 -43 44 -45 58 -47 -48 -49 -50 -51 51 -53 -54 -55 -56 -57 -58 -59 -60 60 61 -63
leaf_value=-0.43044608707669418 -2.119372614570286 1.4026494343023677 25.194939161749449 -1.8087594954643038 22.469563233511792 -2.1802329329193615 -15.711397434416273 11.890531061003287 29.211063383724181 -3.2470114527210114 0.60541040460857021 26.1769076023783 0.099174943081168254 2.9725415123876004 22.334422665721966 -1.3094402846423063 2.8283715307474138 -2.1699636125932535 -2.0989604883126218 13.331341680964909 -12.899799264152094 -0.81042352844687082 20.877259055773418 6.9765736398242773 33.793251884815305 16.678038196563723 3.8694279766082769 3.3710432311253893 31.93205466270447 -10.287923321675281 6.7333376375216893 -7.179254160608564 -4.1511248304563413 -1.3525009985749772 3.2179565644264225 11.07838843877499 19.552233159864272 19.071732119887564 2.3644996334129655 12.014222038586936 8.7596419910589862 20.112313719799644 4.1957993332296608 -13.136429892480374 -7.1259222226984367 24.400215675764613 -1.1023630205274635 -11.169008110364279 -2.6541390090277703 20.717669949597784 21.984751143011938 6.388314103180508 15.843225131522525 -8.9734305779423043 7.5418591488329261 -11.287334202951001 -0.34362194257563561 6.1463550154561437 3.0088152339605818 -3.5826659241685537 -13.962589042555027 -5.35420043219818
leaf_weight=395 69 765 34 5608 35 61 42 155 51 31 439 42 43 351 53 55 1375 1223 1456 37 53 34 48 42 43 50 40 140 31 49 103 35 34 396 105 52 37 59 142 30 48 38 48 64 51 36 237 60 132 36 43 53 33 35 401 62 580 447 538 2616 123 163
leaf_count=395 69 765 34 5608 35 61 42 155 51 31 439 42 43 351 53 55 1375 1223 1456 37 53 34 48 42 43 50 40 140 31 49 103 35 34 396 105 52 37 59 142 30 48 38 48 64 51 36 237 60 132 36 43 53 33 35 401 62 580 447 538 2616 123 163
internal_value=0.0328272 -1.11277 5.63975 -2.35431 4.48414 7.84293 3.50536 3.89621 18.5944 10.3906 0.529378 3.82741 12.9846 -1.62739 10.7196 9.63198 0.16686 -0.502267 0.322167 -1.71656 -1.9126 8.63735 9.78426 8.54308 18.5137 6.36201 4.65406 7.66169 16.1221 -2.31969 2.55557 5.31191 7.50423 1.89352 3.24745 2.68041 6.63905 9.17825 5.91727 1.81358 2.71415 9.04862 1.76336 -1.4488 3.41893 12.8548 1.08933 -2.97324 0.0622241 10.3552 8.06871 13.3742 5.4243 1.28184 6.25821 -2.60987 2.02073 3.15218 2.13127 -3.67983 -4.12212 -9.05641
internal_weight=19687 16347 3340 9309 2721 614 2107 2065 117 66 7038 697 85 6012 619 566 6341 4570 3285 1493 5661 532 477 429 77 352 302 211 71 91 612 497 173 1771 1910 1709 307 238 179 1402 1180 154 1026 353 673 84 289 222 162 139 201 96 116 83 462 1285 1792 1212 589 3297 2902 286
internal_count=19687 16347 3340 9309 2721 614 2107 2065 117 66 7038 697 85 6012 619 566 6341 4570 3285 1493 5661 532 477 429 77 352 302 211 71 91 612 497 173 1771 1910 1709 307 238 179 1402 1180 154 1026 353 673 84 289 222 162 139 201 96 116 83 462 1285 1792 1212 589 3297 2902 286
cat_boundaries=0 1
cat_threshold=2
is_linear=0
shrinkage=0.05


Tree=72
num_leaves=63
num_cat=3
split_feature=8 4 8 18 15 17 13 15 24 14 12 13 6 1 3 18 12 13 9 18 12 13 1 9 12 9 17 26 12 15 3 18 17 12 8 13 18 17 18 12 14 24 15 5 19 18 21 18 17 15 13 17 18 13 14 18 9 17 18 2 15 15
split_gain=3.87918e+07 1.02267e+07 7.83608e+06 4.37351e+06 4.36852e+06 4.28195e+06 4.83662e+06 4.0656e+06 4.19018e+06 4.05699e+06 3.99011e+06 3.7707e+06 3.62338e+06 3.38682e+06 5.27134e+06 3.22317e+06 3.18596e+06 4.23001e+06 2.92228e+06 2.89088e+06 3.09228e+06 3.27056e+06 2.8659e+06 2.73493e+06 2.94762e+06 2.65731e+06 2.65338e+06 2.60432e+06 2.57209e+06 2.56729e+06 2.8063e+06 2.38891e+06 1.03212e+07 2.24984e+06 2.24831e+06 2.05784e+06 2.22813e+06 2.79184e+06 2.64241e+06 5.03516e+06 2.55254e+06 2.37416e+06 3.26316e+06 2.40176e+06 1.98247e+06 1.9798e+06 2.80701e+06 2.62715e+06 4.39542e+06 2.66418e+06 2.51214e+06 2.22998e+06 2.46755e+06 2.15098e+06 3.45951e+06 1.91587e+06 2.04147e+06 3.34451e+06 1.90273e+06 1.80954e+06 1.76054e+06 3.98669e+06
threshold=5127.291666666667 2962.5000000000005 10020.625000000002 42.500000000000007 0.20007022368813673 3.2650000000000001 6.6250000000000009 0.0065359477124160579 0 6.2800000000000002 4.8550000000000013 7.9050000000000011 12000.375000000002 6528.0000000000009 5822.5000000000009 47.500000000000007 5.4250000000000007 4.8550000000000013 303.8598211399721 16.500000000000004 3.9650000000000003 3.5150000000000001 13053.500000000002 303.8598211399721 3.7050000000000005 447.93554223237965 10.770000000000001 1 4.7150000000000007 -0.035888697364132291 5967.5000000000009 2.5000000000000004 6.660000000000001 2.4550000000000005 1080.3333333333337 7.285000000000001 36.500000000000007 2.3050000000000002 48.500000000000007 5.2950000000000008 3.2050000000000005 2 0.70006914303055012 3041.5000000000005 1.5000000000000002 33.500000000000007 1.0000000180025095e-35 23.500000000000004 1.9700000000000002 -0.25705978986378192 4.4850000000000012 2.9350000000000005 47.500000000000007 3.3850000000000002 3.6050000000000004 33.500000000000007 342.34327234602807 2.5450000000000004 3.5000000000000004 5791.5000000000009 0.040766690960489356 -0.059872611464968438
decision_type=2 2 2 2 2 2 2 2 1 2 2 2 2 2 2 2 2 2 2 2 2 2 2 2 2 2 2 1 2 2 2 2 2 2 2 2 2 2 2 2 2 1 2 2 2 2 2 2 2 2 2 2 2 2 2 2 2 2 2 2 2 2
left_child=1 26 4 9 7 13 16 8 19 22 45 -8 -11 14 18 -9 25 -18 -6 20 21 -2 33 -23 -25 -7 34 -22 -29 -10 -31 32 -12 -4 -1 36 41 -38 -39 -40 -41 -36 43 44 -43 47 50 48 -3 -50 51 -47 -53 -54 -55 -21 -57 -58 -45 -30 61 -35
right_child=2 10 3 -5 5 6 11 15 29 12 31 -13 -14 -15 -16 -17 17 -19 -20 55 27 23 -24 24 -26 -27 -28 28 59 30 -32 -33 -34 60 35 -37 37 38 39 40 -42 42 -44 58 -46 46 -48 -49 49 -51 -52 52 53 54 -56 56 57 -59 -60 -61 -62 -63
leaf_value=-7.7107172448746866 5.6632218955892384 1.4491398427635431 17.662687279315705 25.443920898437501 12.040826040989645 25.741025442065617 34.840887986289133 -0.54116055004285413 -0.13402217895324742 5.4345706886715366 2.6234954058366307 11.793346514020648 25.838557355187159 -3.5167454933678663 19.376364832155168 10.164941754062971 -11.245932652762063 11.777468288512459 -5.6114536508917814 1.3594115402872169 10.798027115234962 29.660477846319026 -7.5394402749197829 6.8791239549716314 23.5575993216315 5.9642831279550279 9.7940657650552154 -4.6230427889447467 16.554182864773662 1.4607710933685303 17.256210775578278 1.1755470129987575 32.089554337894214 8.4653669135668164 -1.2699195690841736 0.23811373088357529 -3.692532709030067 -1.573758184223053 8.258178062970039 -16.914385512380889 0.50393647065964242 0.86543729459358887 11.812939987182617 -2.6851550209086117 -4.659993740069555 0.32818811818330601 -2.5100602963439353 -2.9349436844359218 -9.1284026605863104 -1.7971030538521147 -13.237130432128907 2.0499309368416081 3.0710165014138093 5.8613331338192554 26.458916070726186 9.9148108770287102 -0.74314075074297314 10.688119125366212 -11.71614745023227 3.2370473191969924 10.951603676426796 -4.4935789440223513
leaf_weight=240 113 1436 47 39 37 33 36 1122 784 36 236 35 55 108 62 75 38 42 64 508 120 33 35 69 43 35 41 95 31 70 47 1330 34 161 728 517 932 703 211 33 58 176 30 82 2091 1593 689 1688 141 1023 30 481 74 47 36 183 188 97 202 144 124 94
leaf_count=240 113 1436 47 39 37 33 36 1122 784 36 236 35 55 108 62 75 38 42 64 508 120 33 35 69 43 35 41 95 31 70 47 1330 34 161 728 517 932 703 211 33 58 176 30 82 2091 1593 689 1688 141 1023 30 481 74 47 36 183 188 97 202 144 124 94
internal_value=-0.0365309 -1.29748 3.8705 9.26205 3.11399 7.55195 12.7514 2.52974 3.66752 8.11876 -0.213573 23.4794 17.7667 3.3502 7.90007 0.129648 7.60481 0.841353 0.855223 5.17275 7.79359 12.0402 6.2143 17.0099 13.2825 15.5618 -2.88246 4.98428 1.92902 0.887182 7.80595 2.04604 6.33404 7.3443 -2.96904 -2.77157 -3.06818 -1.72135 0.106644 4.01831 -5.8126 -3.85657 -4.56356 -4.77404 -4.23102 -0.713074 0.28391 -1.39896 -0.40176 -2.68517 1.13532 1.32859 3.82645 9.26916 14.7952 3.48568 5.79369 3.1475 -9.10861 5.59608 6.06471 3.68834
internal_weight=19685 14882 4803 591 4212 490 219 3722 2525 552 8838 71 91 271 163 1197 148 80 101 1624 648 258 461 145 112 68 6044 390 270 901 117 1600 270 426 6003 5763 5246 1937 1005 302 91 3309 2581 2551 2267 7238 2950 4288 2600 1164 2261 2231 638 157 83 976 468 285 284 175 379 255
internal_count=19685 14882 4803 591 4212 490 219 3722 2525 552 8838 71 91 271 163 1197 148 80 101 1624 648 258 461 145 112 68 6044 390 270 901 117 1600 270 426 6003 5763 5246 1937 1005 302 91 3309 2581 2551 2267 7238 2950 4288 2600 1164 2261 2231 638 157 83 976 468 285 284 175 379 255
cat_boundaries=0 1 2 3
cat_threshold=705 8 1792
is_linear=0
shrinkage=0.05


Tree=73
num_leaves=63
num_cat=5
split_feature=8 7 4 15 13 24 0 11 19 19 11 19 10 13 0 7 13 10 8 13 9 4 5 4 15 15 25 11 10 13 2 1 24 19 16 15 24 21 0 5 17 16 15 4 9 3 4 19 8 21 13 11 15 12 11 16 25 7 11 17 19 19
split_gain=3.5141e+07 1.00072e+07 7.3774e+06 4.76155e+06 3.33929e+06 3.28307e+06 3.04202e+06 3.56764e+06 2.81968e+06 2.77283e+06 4.06904e+06 3.63884e+06 3.53151e+06 4.98163e+06 3.02458e+06 2.84546e+06 3.03289e+06 2.73457e+06 5.05686e+06 4.29492e+06 4.13271e+06 5.61171e+06 2.90074e+06 3.16335e+06 4.60898e+06 3.43284e+06 2.68424e+06 2.63065e+06 2.48873e+06 3.18646e+06 2.45405e+06 3.40849e+06 2.43878e+06 4.52525e+06 2.4218e+06 2.41519e+06 2.41014e+06 2.90537e+06 2.40813e+06 2.77585e+06 2.40676e+06 4.70988e+06 5.82631e+06 2.30117e+06 2.08886e+06 2.3067e+06 2.28781e+06 2.06777e+06 2.0645e+06 1.97304e+06 2.35295e+06 1.94479e+06 1.91682e+06 1.91478e+06 1.90445e+06 3.94692e+06 1.89588e+06 2.05942e+06 1.86136e+06 2.20126e+06 4.23309e+06 2.55413e+06
threshold=4558.9583333333348 7721.5625000000009 2272.5000000000005 0.60464610306278399 5.3900000000000015 0 12274.500000000002 1081.975543674517 8.5000000000000018 4.5000000000000009 512.24983175942066 7.5000000000000009 456.4531543285903 4.4400000000000004 4345.5000000000009 6286.6875000000009 3.9850000000000008 1056.9990431813287 11858.458333333336 4.245000000000001 682.92687436130893 8680.5000000000018 7397.0000000000009 9320.0000000000018 -0.15154113191668417 -0.21787611976579332 1 495.35822309333207 1056.9990431813287 5.9650000000000007 8207.5000000000018 9427.5000000000018 2 4.5000000000000009 2.4550000000000005 -0.2766323024054988 3 1.0000000180025095e-35 9232.5000000000018 10712.500000000002 6.660000000000001 6.3850000000000007 0.26493455861876919 10836.000000000002 282.26428217173952 6503.5000000000009 7970.5000000000009 11.500000000000002 8116.0833333333339 1.0000000180025095e-35 2.4050000000000007 378.47996918786242 0.23595118267385309 3.1950000000000007 438.57506350544514 3.2150000000000003 4 5087.8750000000009 645.96241026292523 4.8550000000000013 1.5000000000000002 1.5000000000000002
decision_type=2 2 2 2 2 1 2 2 2 2 2 2 2 2 2 2 2 2 2 2 2 2 2 2 2 2 1 2 2 2 2 2 1 2 2 2 1 2 2 2 2 2 2 2 2 2 2 2 2 2 2 2 2 2 2 2 1 2 2 2 2 2
left_child=2 5 -1 6 8 -2 17 -8 32 10 15 14 13 26 -11 -7 -17 19 38 22 30 -22 53 24 -24 -25 49 -27 56 -30 -21 -32 33 -4 -29 -34 -10 -38 48 -40 47 42 -42 -9 45 -14 -46 58 -19 50 -13 -49 -43 -3 -52 -56 -12 -58 59 61 -61 -6
right_child=1 3 4 -5 40 9 7 43 36 11 28 12 44 -15 -16 16 -18 18 -20 20 21 -23 23 25 -26 27 -28 34 29 -31 31 -33 35 -35 -36 -37 37 -39 39 -41 41 52 -44 -45 46 -47 -48 51 -50 -51 54 -53 -54 -55 55 -57 57 -59 -60 60 -62 -63
leaf_value=-3.4269645233821282 -0.38525858999352264 21.437540900707248 1.9947415067340388 24.134855280424418 -2.2035144855879167 5.6803678618293629 27.557186040011317 15.241807984511059 -1.3831934290297758 9.3103854635523415 2.6818969380748396 -1.8493947029113771 0.91538262409823279 21.325830577535832 -1.3022176069676901 24.32147851197616 8.3830557200487927 -5.2568395151410785 18.190126174205059 20.235624769330027 10.739989073247445 39.197314834594728 10.7166100294301 -9.5712921473287764 -4.6415228746038801 21.941839160919191 1.4950828243330652 16.838956751142231 23.079404417161019 1.7222875499725341 -5.7224068215552801 11.952400925709652 -9.6519557773163829 -2.4363029220415182 4.8634923388772329 -2.6965395731979105 2.6766003573143728 -2.3218438703318438 -11.206252698684008 3.3343046642839909 4.0461256627853102 -3.7272451929526755 29.803078234823126 0.46733429482642647 -1.7705936650731671 17.003744383116025 11.308799143963391 -1.9071211284957827 9.9771727227773823 0.38268601065096647 8.5347743477359899 -15.675153272364822 5.5181958242068214 6.886585954462106 6.6868802371777996 29.329183285052963 3.1730284915520599 -7.3520306002575424 -5.0274262174431774 14.453999139622946 -6.1135083092583553 3.354965385046377
leaf_weight=3655 1178 40 904 38 372 488 33 60 1571 72 574 37 56 47 994 46 85 35 37 32 41 30 66 31 188 30 384 49 31 40 47 65 132 1589 305 2291 1142 390 89 52 52 101 38 47 469 37 36 96 61 69 155 35 126 52 38 39 78 115 112 82 36 465
leaf_count=3655 1178 40 904 38 372 488 33 60 1571 72 574 37 56 47 994 46 85 35 37 32 41 30 66 31 188 30 384 49 31 40 47 65 132 1589 305 2291 1142 390 89 52 52 101 38 47 469 37 36 96 61 69 155 35 126 52 38 39 78 115 112 82 36 465
internal_value=-0.0344624 2.97571 -1.51707 6.67278 -0.784883 1.934 6.1954 13.1847 -1.19161 2.63056 4.36236 1.60429 3.31185 5.55291 -0.585419 7.43678 13.9798 5.4126 0.998833 6.65171 12.8919 22.7642 4.88872 3.74396 -0.650827 6.43378 4.52614 7.72586 2.0914 11.0472 8.02426 4.53529 -1.93651 -0.826224 6.52111 -3.06282 -0.0114954 1.39504 -1.68504 -5.84378 1.36796 5.24213 14.9213 8.75209 0.429947 7.31613 -0.838201 0.342828 4.42311 7.69772 9.86023 -5.5856 1.40459 13.2131 11.7277 18.1551 1.26237 -2.94575 1.07069 1.78586 8.17917 0.88453
internal_weight=19685 6496 13189 1428 9534 5068 1390 140 8019 3890 1457 2433 1367 769 1066 619 131 1250 274 976 215 71 761 669 254 415 722 384 838 71 144 112 4916 2493 354 2423 3103 1532 237 141 1515 317 90 107 598 93 505 1198 96 338 269 131 227 92 232 77 767 193 1067 955 118 837
internal_count=19685 6496 13189 1428 9534 5068 1390 140 8019 3890 1457 2433 1367 769 1066 619 131 1250 274 976 215 71 761 669 254 415 722 384 838 71 144 112 4916 2493 354 2423 3103 1532 237 141 1515 317 90 107 598 93 505 1198 96 338 269 131 227 92 232 77 767 193 1067 955 118 837
cat_boundaries=0 1 2 3 4 5
cat_threshold=22 24 1984 1794 22
is_linear=0
shrinkage=0.05


Tree=74
num_leaves=63
num_cat=0
split_feature=8 8 7 15 3 13 15 5 13 15 4 16 14 14 18 15 15 5 15 17 15 10 18 12 16 18 14 13 1 15 6 18 3 3 2 2 18 16 17 11 19 18 17 4 4 17 14 18 12 14 1 17 13 18 18 15 14 10 12 1 10 18
split_gain=3.18477e+07 8.54904e+06 6.51819e+06 4.2973e+06 3.28324e+06 3.00317e+06 2.84152e+06 2.53564e+06 2.32647e+06 3.28322e+06 2.57955e+06 3.75833e+06 5.38273e+06 6.11626e+06 3.71656e+06 3.50417e+06 3.32534e+06 3.27104e+06 3.4664e+06 4.67852e+06 4.48589e+06 2.3235e+06 3.66389e+06 3.08892e+06 3.06417e+06 3.00166e+06 3.5695e+06 2.61282e+06 3.2653e+06 3.80062e+06 2.60017e+06 3.2705e+06 2.25898e+06 3.59613e+06 2.38797e+06 2.25146e+06 3.03882e+06 4.0435e+06 2.15308e+06 2.33855e+06 3.82633e+06 3.63515e+06 3.35954e+06 2.87504e+06 2.15267e+06 2.14358e+06 2.09948e+06 2.07296e+06 2.61732e+06 2.03612e+06 1.97198e+06 1.96106e+06 2.4455e+06 2.26406e+06 5.48857e+06 1.93584e+06 1.92433e+06 1.9218e+06 2.97657e+06 1.88633e+06 1.79673e+06 3.2638e+06
threshold=5127.291666666667 3745.8750000000005 7721.5625000000009 0.60464610306278399 1509.5000000000002 7.285000000000001 -0.34185922600604951 4410.5000000000009 7.5750000000000011 0.10144875414336497 10029.500000000002 5.3050000000000006 4.2150000000000007 3.9550000000000005 24.500000000000004 -0.071600712036151246 -0.11365130911305052 7397.0000000000009 -0.15154113191668417 1.7550000000000001 -0.19214478244127842 456.4531543285903 8.5000000000000018 4.0250000000000012 5.9850000000000012 47.500000000000007 3.2550000000000003 3.5950000000000002 6862.5000000000009 0.20007022368813673 6191.5000000000009 15.500000000000002 5515.5000000000009 5822.5000000000009 5401.5000000000009 10378.500000000002 31.500000000000004 3.0550000000000002 10.380000000000001 334.31832498353583 4.5000000000000009 33.500000000000007 4.8550000000000013 1895.5000000000002 8460.5000000000018 3.4150000000000005 2.7750000000000004 3.5000000000000004 6.5700000000000012 6.4750000000000005 11331.500000000002 2.8650000000000007 4.1450000000000005 50.500000000000007 48.500000000000007 0.095504548274358197 2.3650000000000007 371.2811314501559 9.8100000000000005 6718.5000000000009 813.88196116091763 37.500000000000007
decision_type=2 2 2 2 2 2 2 2 2 2 2 2 2 2 2 2 2 2 2 2 2 2 2 2 2 2 2 2 2 2 2 2 2 2 2 2 2 2 2 2 2 2 2 2 2 2 2 2 2 2 2 2 2 2 2 2 2 2 2 2 2 2
left_child=1 4 21 6 -1 7 -4 38 10 -10 17 12 13 14 15 50 -14 44 19 -19 -21 25 24 27 49 -2 -27 28 29 56 -29 -32 34 -34 -26 36 -16 -38 39 40 42 -42 -6 -41 -8 59 -17 48 -7 -23 -12 -43 53 54 -53 -30 -24 -3 -59 -33 61 -20
right_child=2 57 3 -5 5 47 8 -9 9 -11 11 -13 16 -15 35 46 -18 18 60 20 -22 22 23 -25 32 26 -28 30 55 -31 31 45 33 -35 -36 -37 37 -39 -40 43 41 51 -44 -45 -46 -47 -48 -49 -50 -51 -52 52 -54 -55 -56 -57 -58 58 -60 -61 -62 -63
leaf_value=-4.6442768346488101 3.1286656813401317 1.2313928608678431 20.853740513709283 22.928112240841514 0.71717552413964747 -1.2185235050746375 6.6381223946201562 -8.9297619254772496 4.2774767220020298 23.300787366822711 1.0674280611673992 24.870576399564744 -18.342141628265381 26.753237380867915 28.080316846510943 5.7617943286895752 4.8290349272886921 25.062781999111177 -2.7593225215680035 -0.14576072327486456 19.560420706537037 23.481857324730267 -7.0019814842625667 -3.6945154757603356 9.1153284234872896 20.047199079990389 3.315170593121473 0.91897975821648881 -3.608561366313213 15.656635522842407 19.614753890496033 -5.7677331822259088 21.748839511293355 2.949149837365022 -6.3004674812883472 5.2619036154747008 21.370833360810174 0.16941616587016894 11.26292339448006 -10.448335824081367 -3.7472713598763856 -1.9290901986836222 13.78531913963648 -2.9511848180852041 21.574389195442201 15.854359798922259 -9.733041620254518 0.52698121008070764 16.841679766837586 8.1080747185214879 18.911002075672151 -0.73841799182502987 7.8745634074564341 -7.4749831179136876 11.131618843610223 -16.684260243688311 1.5397167691085714 -0.94327227420633586 9.6657021697829748 7.6104147542986951 -5.9673362344044909 8.724729865662594
leaf_weight=1111 1283 3040 31 38 907 35 98 130 48 43 30 30 32 42 34 32 30 30 181 146 36 33 76 391 35 60 68 217 148 44 52 49 33 111 89 100 44 46 31 139 1886 1868 52 1598 32 34 69 477 47 62 32 794 108 93 111 35 498 2387 68 57 130 94
leaf_count=1111 1283 3040 31 38 907 35 98 130 48 43 30 30 32 42 34 32 30 30 181 146 36 33 76 391 35 60 68 217 148 44 52 49 33 111 89 100 44 46 31 139 1886 1868 52 1598 32 34 69 477 47 62 32 794 108 93 111 35 498 2387 68 57 130 94
internal_value=-0.0326781 -1.17521 3.50742 6.33914 -2.0921 -1.74949 5.88563 -2.00583 5.54419 13.2665 4.98999 7.69036 6.64066 8.63086 6.66409 0.920076 -7.13028 3.1066 1.58786 6.76782 3.75217 2.30929 1.19731 0.168993 5.73268 3.85708 11.1583 1.41745 -0.242816 1.49437 4.66897 8.90724 2.99762 7.25741 -1.94923 10.8439 15.3455 10.5346 -1.8872 -1.94115 -1.46056 -2.0301 1.42577 -3.55113 10.3147 4.93016 -4.82379 1.78941 9.13306 13.4484 10.277 -0.941142 0.727473 -0.0459595 0.717465 -6.10938 0.40876 0.391103 -0.649419 1.42618 -1.12362 1.16614
internal_weight=19685 14882 4803 1428 9387 8276 1390 7717 1359 91 1268 521 491 429 387 163 62 747 617 212 182 3375 1964 1601 363 1411 128 1210 801 618 409 192 268 144 124 224 124 90 7587 7556 5819 4860 959 1737 130 140 101 559 82 95 62 2974 1106 998 905 183 574 5495 2455 106 405 275
internal_count=19685 14882 4803 1428 9387 8276 1390 7717 1359 91 1268 521 491 429 387 163 62 747 617 212 182 3375 1964 1601 363 1411 128 1210 801 618 409 192 268 144 124 224 124 90 7587 7556 5819 4860 959 1737 130 140 101 559 82 95 62 2974 1106 998 905 183 574 5495 2455 106 405 275
is_linear=0
shrinkage=0.05


Tree=75
num_leaves=63
num_cat=0
split_feature=3 4 13 4 17 17 15 1 12 12 13 16 11 6 16 1 18 18 17 15 4 11 4 9 6 18 17 9 16 9 11 8 18 15 13 3 16 14 17 18 16 1 9 9 17 9 13 2 4 5 18 11 5 7 21 17 5 7 18 18 17 10
split_gain=3.14628e+07 1.02155e+07 4.44993e+06 4.21011e+06 3.89393e+06 4.1455e+06 5.0755e+06 6.15037e+06 4.04599e+06 6.69138e+06 3.65735e+06 3.83145e+06 1.32122e+07 4.48822e+06 3.50816e+06 3.98652e+06 3.45642e+06 3.41514e+06 4.87988e+06 3.31956e+06 3.14545e+06 3.06019e+06 3.01748e+06 2.94722e+06 2.91499e+06 4.01441e+06 2.62673e+06 2.59557e+06 2.46993e+06 3.17612e+06 2.31454e+06 3.06924e+06 2.35291e+06 2.21637e+06 2.1725e+06 2.28232e+06 2.12932e+06 4.5065e+06 4.50668e+06 2.90535e+06 2.39527e+06 2.11844e+06 2.09482e+06 2.34398e+06 2.06621e+06 2.03437e+06 2.02917e+06 1.99887e+06 2.29471e+06 1.95186e+06 2.87714e+06 1.89614e+06 1.88973e+06 1.8287e+06 1.81906e+06 1.93184e+06 1.89547e+06 2.02661e+06 1.77973e+06 1.76212e+06 1.75223e+06 1.93274e+06
threshold=6367.5000000000009 3062.5000000000005 5.3900000000000015 5633.5000000000009 4.4850000000000012 4.0250000000000012 -0.099920054898571517 11331.500000000002 3.3650000000000007 3.5750000000000006 4.2650000000000006 6.4750000000000005 927.54013843235236 12000.375000000002 2.7750000000000004 10411.500000000002 33.500000000000007 19.500000000000004 1.6350000000000002 0.14932054509710069 7051.0000000000009 718.95047120542256 4681.5000000000009 311.95873106202072 7934.0000000000009 29.500000000000004 10.770000000000001 587.42687312767885 3.4250000000000003 682.92687436130893 458.56192449227723 2114.5833333333335 4.5000000000000009 -0.25329120589784121 8.0350000000000019 8716.0000000000018 6.4750000000000005 5.7250000000000005 6.2800000000000002 11.500000000000002 5.955000000000001 7369.5000000000009 653.93994752403705 486.34170084734473 3.7250000000000005 694.32472310472406 2.9450000000000007 6522.5000000000009 4393.5000000000009 6677.5000000000009 11.500000000000002 312.16668862387331 3341.5000000000005 4426.9375000000009 1.0000000180025095e-35 2.3650000000000007 4148.5000000000009 4220.4375000000009 3.5000000000000004 30.500000000000004 4.2950000000000008 735.22960432326715
decision_type=2 2 2 2 2 2 2 2 2 2 2 2 2 2 2 2 2 2 2 2 2 2 2 2 2 2 2 2 2 2 2 2 2 2 2 2 2 2 2 2 2 2 2 2 2 2 2 2 2 2 2 2 2 2 2 2 2 2 2 2 2 2
left_child=1 26 16 49 5 6 7 8 14 -10 -6 12 -12 -14 59 23 17 18 58 21 -11 -7 45 -16 -25 46 30 -23 29 -8 31 -1 52 -20 35 -13 37 38 39 -4 -39 -38 43 53 -31 54 -26 48 -19 50 -2 -35 -32 -42 55 56 57 -18 -3 -5 61 -24
right_child=3 2 36 4 10 19 28 -9 9 20 11 34 13 -15 15 -17 22 47 33 -21 -22 27 60 24 25 -27 -28 -29 -30 44 32 -33 -34 51 -36 -37 41 40 -40 -41 42 -43 -44 -45 -46 -47 -48 -49 -50 -51 -52 -53 -54 -55 -56 -57 -58 -59 -60 -61 -62 -63
leaf_value=-3.2446958437819129 11.882360176358905 -3.7902568731667863 12.238701097979959 -12.605194017214654 -2.0767602569652053 -16.234404972378091 7.6418280576322175 25.098913669586182 31.951395460886836 15.380806042799136 37.752788508379901 9.5719135352306903 1.8002522034304484 24.330147450764976 18.250081126273624 -9.1938361467633936 -0.035192116519916793 -3.3667583901410136 -7.3258105489057161 12.134823598861695 0.95043688552720207 10.435874476577297 3.4264821341257345 1.5073154126762922 29.133036531507969 -1.0039502571610843 10.597740963789134 -7.3629934072494514 1.2056375616446871 -1.4142976216934435 12.665659963289897 -0.92257679181816732 -6.2770456517934798 10.811909008026124 14.342805316084522 -5.1042694128476658 0.45222583118141912 0.67202177301310662 26.007975916635424 -4.6722122115057871 2.0463438539505008 13.7506071213753 18.200446701049806 -7.2662073758340657 10.790036009039198 -8.5249263733625416 11.032563336690266 -10.630139376460642 -0.51464230110834031 -14.265238048184305 -5.1219876689966339 -1.5736924432325694 -2.7917468514935724 16.022681448811834 -2.3625526045333771 2.9638897806143536 -5.1675882186805993 9.5185801590903321 2.9721030986309054 3.3655146137360603 14.910575386785693 -5.2994938264874856
leaf_weight=2854 35 106 81 39 53 49 527 54 39 82 54 54 84 30 63 35 938 1490 172 30 70 33 950 141 32 34 39 54 610 199 30 2838 600 32 59 52 882 456 42 37 50 31 37 31 42 68 30 69 1339 31 86 900 58 44 525 738 171 59 1185 31 31 68
leaf_count=2854 35 106 81 39 53 49 527 54 39 82 54 54 84 30 63 35 938 1490 172 30 70 33 950 141 32 34 39 54 610 199 30 2838 600 32 59 52 882 456 42 37 50 31 37 31 42 68 30 69 1339 31 86 900 58 44 525 738 171 59 1185 31 31 68
internal_value=0.0358791 -0.76666 0.191593 5.01532 5.49174 4.67698 5.29879 8.94082 7.47683 13.4757 10.1228 12.0645 17.3796 7.72917 4.64773 6.77493 -0.257889 -1.06731 0.329768 -2.91963 8.73524 -6.24047 0.949624 8.63795 6.08283 12.8031 -2.33892 -0.611699 3.58086 5.46742 -2.418 -2.0869 -5.15724 -2.11085 6.65265 2.37228 2.5416 4.46365 11.9425 6.93613 2.52738 0.903759 7.74987 4.6565 0.712599 0.00489955 20.3747 -2.2219 -2.01682 -3.07125 -0.203375 -1.14844 2.47782 8.58846 0.243496 0.961322 -0.304 0.530177 2.41687 -5.53245 3.20021 2.84361
internal_weight=19683 16951 10532 2732 2580 2194 2028 650 596 191 386 333 168 114 405 335 8841 5293 2395 166 152 136 3548 300 237 96 6419 87 1378 768 6380 5692 688 1104 165 106 1691 778 160 118 618 913 162 125 241 2499 62 2898 2829 152 121 932 88 94 2431 1906 1168 997 1291 70 1049 1018
internal_count=19683 16951 10532 2732 2580 2194 2028 650 596 191 386 333 168 114 405 335 8841 5293 2395 166 152 136 3548 300 237 96 6419 87 1378 768 6380 5692 688 1104 165 106 1691 778 160 118 618 913 162 125 241 2499 62 2898 2829 152 121 932 88 94 2431 1906 1168 997 1291 70 1049 1018
is_linear=0
shrinkage=0.05


Tree=76
num_leaves=63
num_cat=4
split_feature=3 4 27 24 21 16 4 4 5 11 15 12 14 1 15 6 24 18 9 11 11 18 15 15 4 9 9 16 12 5 3 22 11 11 9 2 14 18 6 1 0 16 12 12 15 11 11 15 1 22 0 12 14 1 14 12 8 5 6 5 16 27
split_gain=2.83952e+07 9.24325e+06 3.87099e+06 5.44514e+06 5.72086e+06 5.68503e+06 5.50453e+06 3.79963e+06 3.29741e+06 4.95517e+06 3.18612e+06 3.00786e+06 2.97962e+06 3.09767e+06 2.91625e+06 2.75829e+06 2.72956e+06 4.20582e+06 2.72101e+06 2.63238e+06 2.31604e+06 2.25904e+06 3.45579e+06 2.04874e+06 4.01037e+06 2.66072e+06 4.52046e+06 2.80297e+06 2.63922e+06 4.2932e+06 5.62758e+06 4.35072e+06 3.06811e+06 5.97523e+06 5.3702e+06 3.81661e+06 3.79113e+06 3.14525e+06 2.5576e+06 3.5289e+06 2.37958e+06 2.21184e+06 2.68065e+06 2.09669e+06 2.0232e+06 1.96242e+06 2.27916e+06 3.57368e+06 2.44855e+06 3.87075e+06 2.99485e+06 2.21171e+06 4.36473e+06 3.0594e+06 1.99835e+06 1.92977e+06 1.91093e+06 2.41354e+06 1.90962e+06 1.82345e+06 1.81939e+06 1.78339e+06
threshold=6367.5000000000009 2553.5000000000005 0 1 1.0000000180025095e-35 5.3050000000000006 4960.5000000000009 5633.5000000000009 11937.000000000002 1048.2668171720497 0.049932523616732401 8.8400000000000016 3.3550000000000004 6283.5000000000009 0.13974195389090108 6960.1250000000009 2 13.500000000000002 671.48461138688128 512.24983175942066 352.7172601536991 47.500000000000007 -0.10402929508696972 -0.010349305806591243 6232.5000000000009 311.95873106202072 159.29636949200491 3.5150000000000001 3.5550000000000002 10418.500000000002 9829.5000000000018 5.3850000000000007 949.27018811116011 712.40936423638516 587.42687312767885 7643.0000000000009 4.1950000000000012 39.500000000000007 9371.5000000000018 6393.5000000000009 9667.5000000000018 2.9250000000000003 3.3750000000000004 3.7550000000000003 0.3297721853187025 445.45021402368593 770.55090682099728 -0.033149171270719202 10676.500000000002 4.0900000000000007 11734.000000000002 2.3850000000000002 3.3050000000000002 8061.0000000000009 3.7750000000000004 2.9050000000000007 5411.4583333333348 6123.5000000000009 7778.8750000000009 6171.5000000000009 2.7950000000000004 3
decision_type=2 2 1 1 2 2 2 2 2 2 2 2 2 2 2 2 1 2 2 2 2 2 2 2 2 2 2 2 2 2 2 2 2 2 2 2 2 2 2 2 2 2 2 2 2 2 2 2 2 2 2 2 2 2 2 2 2 2 2 2 2 1
left_child=1 61 3 4 5 6 10 -2 23 -10 -3 12 -7 -14 -6 19 17 -4 -15 56 -12 55 -23 25 -25 26 -9 41 38 31 -31 43 33 35 -35 -33 -34 -37 39 -26 -40 42 -28 -30 -21 -27 51 48 49 -48 54 58 53 -53 -50 -18 -5 -58 -47 -57 -24 -1
right_child=7 2 16 15 14 11 -8 8 9 -11 20 -13 13 18 -16 -17 21 -19 -20 44 -22 22 60 24 28 45 27 -29 29 30 -32 32 36 34 -36 37 -38 -39 40 -41 -42 -43 -44 -45 -46 46 47 -49 50 -51 -52 52 -54 -55 -56 59 57 -59 -60 -61 -62 -63
leaf_value=-1.6620360168063943 -2.9176920085753268 1.82797430981981 5.9528975280840495 0.20276391904141311 8.6593747207096641 9.9671479418602864 28.540580003911799 -2.2578568085757169 25.308793079376223 5.556610561787398 7.8690451151704144 7.483724888464562 -4.6823859728806054 -2.6573566745309272 28.052766222423976 13.391708123056512 -2.5867232137977432 0.056830948787180292 13.928845802942911 -1.9820879882574083 22.961460749308269 20.093663654327393 10.020953334569931 -5.9187283928788039 9.0131637035854286 12.472373258920364 3.6649599489412807 7.0129142241531541 13.531984618402298 -17.234442625976193 7.8706617394272165 20.125569897651673 -8.5961208422978714 13.692361717224124 39.219739098297929 -3.0417728034888998 15.257805795054281 15.073156512750163 16.292787042988675 -4.375098377241029 2.1302476839087476 25.776858183433269 23.658595975240075 -0.89733133769747031 -10.660341736849617 1.0668510253940311 20.327233284559007 -8.8172860131544226 9.2530770480632789 3.5102965483101465 3.9277857817855537 5.0944542106829189 0.70988287807387473 22.87902400153024 24.967873144149781 -0.54528121630598692 13.996440168356493 0.12826746470892608 -15.145991289615631 -8.9829820500887347 -2.8864403458528742 -3.6599545112164096
leaf_weight=2361 152 141 342 1451 42 55 33 55 50 87 73 133 335 51 36 38 1883 2616 48 320 39 30 40 109 63 81 38 89 31 41 49 50 36 45 38 68 31 37 45 225 87 58 30 134 85 42 39 34 32 279 51 57 340 42 55 4292 59 67 32 65 86 2230
leaf_count=2361 152 141 342 1451 42 55 33 55 50 87 73 133 335 51 36 38 1883 2616 48 320 39 30 40 109 63 81 38 89 31 41 49 50 36 45 38 68 31 37 45 225 87 58 30 134 85 42 39 34 32 279 51 57 340 42 55 4292 59 67 32 65 86 2230
internal_value=0.0340851 -0.728327 -0.0167379 1.54118 4.56938 3.49946 9.33399 4.76455 5.21715 12.7654 6.82878 0.816702 -0.996619 -2.38604 17.6102 0.0478237 -0.518482 0.736038 5.38444 -0.207771 13.1244 -1.09891 4.8424 4.79386 3.17932 6.0924 10.5335 13.8057 4.19125 6.43836 -3.56611 8.35411 11.8924 14.5532 25.3796 8.75577 2.44077 3.34158 1.19509 -1.44642 6.95839 18.6038 12.4857 1.81363 -3.80345 4.98621 4.38165 6.8204 7.98637 5.57275 13.5482 2.05224 3.40014 12.6394 19.1877 -1.24921 0.715659 6.62209 -5.94411 -0.671159 1.21114 -2.64408
internal_weight=19683 16951 12360 3006 986 908 286 2732 2580 137 253 622 489 434 78 2020 9354 2958 99 1982 112 6396 156 2443 1089 1354 270 215 980 560 90 470 305 238 83 155 67 105 420 288 132 126 68 165 405 1084 1003 490 456 318 138 513 439 99 87 6240 1577 126 74 4357 126 4591
internal_count=19683 16951 12360 3006 986 908 286 2732 2580 137 253 622 489 434 78 2020 9354 2958 99 1982 112 6396 156 2443 1089 1354 270 215 980 560 90 470 305 238 83 155 67 105 420 288 132 126 68 165 405 1084 1003 490 456 318 138 513 439 99 87 6240 1577 126 74 4357 126 4591
cat_boundaries=0 1 2 3 4
cat_threshold=8 2066 704 9
is_linear=0
shrinkage=0.05


Tree=77
num_leaves=63
num_cat=3
split_feature=4 7 4 18 10 13 18 11 17 16 12 12 12 14 18 18 16 25 1 17 10 11 18 17 15 13 0 16 11 16 17 12 12 1 6 1 13 24 18 11 17 13 15 16 12 21 17 18 25 14 15 12 18 11 14 11 14 13 6 10 12 14
split_gain=2.60489e+07 8.98712e+06 4.9849e+06 4.02234e+06 8.85653e+06 3.55874e+06 2.7984e+06 2.62886e+06 4.1515e+06 5.42712e+06 4.73337e+06 3.93278e+06 2.91742e+06 2.62777e+06 2.23028e+06 2.13242e+06 4.39264e+06 2.05218e+06 5.91612e+06 2.06066e+06 3.6001e+06 5.99337e+06 2.02278e+06 2.91148e+06 2.57538e+06 2.13495e+06 2.49465e+06 2.0083e+06 3.60443e+06 1.95804e+06 2.65542e+06 1.91201e+06 1.81847e+06 1.74704e+06 4.2584e+06 1.90925e+06 1.73265e+06 1.71651e+06 2.27915e+06 1.68005e+06 3.81618e+06 3.31422e+06 3.13345e+06 2.6466e+06 2.44878e+06 1.67606e+06 1.72734e+06 3.98023e+06 2.28627e+06 4.52622e+06 3.19767e+06 1.95033e+06 1.77938e+06 1.67435e+06 3.18865e+06 2.83969e+06 2.3717e+06 2.29298e+06 2.06938e+06 1.98885e+06 2.11011e+06 1.95536e+06
threshold=4681.5000000000009 7457.0000000000009 2272.5000000000005 3.5000000000000004 954.68496444119216 3.9850000000000008 47.500000000000007 523.97751781380578 4.8550000000000013 5.3050000000000006 5.9650000000000007 6.8050000000000006 6.2800000000000002 3.2950000000000004 33.500000000000007 7.5000000000000009 3.6850000000000005 0 13053.500000000002 2.3950000000000005 501.90621417085566 949.27018811116011 41.500000000000007 3.7750000000000004 -0.050574634246154875 3.4850000000000008 7577.5000000000009 3.8650000000000007 994.26637911456032 7.9500000000000011 5.1800000000000006 5.245000000000001 7.1750000000000007 5666.5000000000009 4946.7500000000009 6283.5000000000009 3.6750000000000003 1 22.500000000000004 339.36477535505963 4.2950000000000008 4.2650000000000006 -0.054357204486626454 5.9850000000000012 6.1950000000000012 1.0000000180025095e-35 2.2150000000000003 47.500000000000007 2 3.6750000000000003 0.14932054509710069 3.5450000000000004 49.500000000000007 869.41992545365997 4.1850000000000014 791.0347723467213 3.4750000000000005 3.3450000000000002 9817.7500000000018 859.6284343517151 3.9650000000000003 3.6550000000000007
decision_type=2 2 2 2 2 2 2 2 2 2 2 2 2 2 2 2 2 1 2 2 2 2 2 2 2 2 2 2 2 2 2 2 2 2 2 2 2 1 2 2 2 2 2 2 2 2 2 2 1 2 2 2 2 2 2 2 2 2 2 2 2 2
left_child=2 22 39 4 -3 14 17 8 -7 12 -11 -12 -10 -8 37 29 -17 18 27 20 -19 -22 25 24 -24 26 -2 -5 -29 30 -9 -25 45 34 -32 -35 -15 38 -4 40 -1 44 -41 -43 -42 46 -16 -48 49 52 51 -50 -49 54 55 56 58 -55 -21 60 -59 -58
right_child=1 3 5 6 -6 7 13 15 9 10 11 -13 -14 36 32 16 -18 19 -20 53 21 -23 23 31 -26 -27 -28 28 -30 -31 33 -33 -34 35 -36 -37 -38 -39 -40 42 41 43 -44 -45 -46 -47 47 48 50 -51 -52 -53 -54 57 -56 -57 61 59 -60 -61 -62 -63
leaf_value=-2.7869158201277244 0.16905617736865966 29.959139675140381 1.3424055417405045 3.8650343434979222 -3.4141316551150696 0.96626769585594219 4.4427988577862179 -3.6776735192253476 8.6008661143919998 18.094866977593838 -13.080990072091423 5.2001494077475456 28.63907165527344 11.701864301004719 -0.7146470341474741 2.5666871521973387 -6.3357823185622699 22.285350403346513 25.656542336940767 3.2800467381307059 -7.6672974322704563 20.937673331896466 7.87097398190053 18.561281321183692 0.80395487240806429 2.2887178189228048 -13.310305022512162 22.539242165883383 3.3789091693030464 -2.3909368850390118 4.8510811139036107 3.2302999167731317 -11.198074109930742 -8.6574555277824405 24.505697973032255 8.9000194104512538 28.557657006581628 -3.0078586320713718 -2.9405201955618967 -8.6217597817704821 4.4748422698842161 16.597620369157482 -0.63869022090987471 2.1577448727534367 -14.534748576581478 -2.3223889737230849 -0.056971831000416522 -1.0682326469732368 11.721184170246126 -14.588830249959774 0.74433298765444289 26.275593434274199 11.742144668463505 -6.7559666424341831 -4.0345793591148551 16.974587265934264 17.674095695217453 6.4025128167867669 -11.190663952827455 4.8613593486120124 -10.136326991187202 5.4361569668732441
leaf_weight=2922 1780 50 661 297 33 2011 49 84 34 39 48 76 39 31 1389 212 400 38 42 140 47 30 182 53 442 1961 35 45 54 225 108 33 38 32 37 30 30 2181 586 307 36 62 205 65 32 714 717 46 82 33 51 32 66 92 87 56 48 30 30 212 54 102
leaf_count=2922 1780 50 661 297 33 2011 49 84 34 39 48 76 39 31 1389 212 400 38 42 140 47 30 182 53 442 1961 35 45 54 225 108 33 38 32 37 30 30 2181 586 307 36 62 205 65 32 714 717 46 82 33 51 32 66 92 87 56 48 30 30 212 54 102
internal_value=0.0322457 2.752 -1.18424 5.97306 16.6902 -0.606744 5.38552 0.713799 1.70251 7.97617 2.90199 -1.87642 19.3062 13.0653 -1.28243 -1.25574 -3.25192 4.78383 7.63888 3.37529 9.69227 3.4775 1.60532 4.05382 2.86517 1.14492 -0.0908764 5.92081 12.0882 1.11183 3.82015 12.6785 -0.326035 6.86275 9.8664 -0.161903 19.9916 -2.16629 -0.664928 -2.77098 -2.33496 4.43738 -5.42541 9.20713 -4.47085 -0.194042 0.434948 1.98976 6.72364 1.57685 10.5138 15.8066 6.48074 2.56131 4.59158 6.58752 4.76979 0.13859 0.726392 2.28149 -4.2296 9.3523
internal_weight=19683 6083 13600 1597 83 9971 1514 3375 2247 236 163 124 73 110 6596 1128 612 1404 438 966 115 77 4486 710 624 3776 1815 396 99 516 291 86 3168 207 145 62 61 3428 1247 3629 3117 195 512 127 68 3130 2416 1027 310 145 165 114 112 851 463 376 320 388 170 296 84 150
internal_count=19683 6083 13600 1597 83 9971 1514 3375 2247 236 163 124 73 110 6596 1128 612 1404 438 966 115 77 4486 710 624 3776 1815 396 99 516 291 86 3168 207 145 62 61 3428 1247 3629 3117 195 512 127 68 3130 2416 1027 310 145 165 114 112 851 463 376 320 388 170 296 84 150
cat_boundaries=0 1 2 3
cat_threshold=16 1728 3
is_linear=0
shrinkage=0.05


Tree=78
num_leaves=63
num_cat=1
split_feature=4 0 7 13 23 16 9 4 16 17 24 13 4 11 9 18 19 11 15 6 1 16 5 1 17 18 18 15 16 13 18 12 0 1 0 2 18 2 14 12 2 11 9 9 13 13 4 6 4 4 18 18 5 12 18 14 16 5 6 22 0 18
split_gain=2.30299e+07 7.59969e+06 5.51412e+06 4.22699e+06 5.95446e+06 3.27843e+06 8.97909e+06 2.94141e+06 9.8591e+06 2.92552e+06 3.237e+06 2.58087e+06 2.89292e+06 2.40026e+06 2.26728e+06 2.00778e+06 1.99389e+06 1.89579e+06 1.89221e+06 2.6798e+06 5.10985e+06 2.4604e+06 2.15774e+06 1.82612e+06 1.77772e+06 2.05487e+06 3.16735e+06 2.8511e+06 2.18379e+06 2.06913e+06 1.80151e+06 1.77744e+06 1.73868e+06 1.66983e+06 1.87125e+06 2.91888e+06 2.84314e+06 2.09558e+06 2.08464e+06 1.66474e+06 3.08117e+06 1.61223e+06 2.81141e+06 1.59193e+06 1.57622e+06 1.47107e+06 1.7253e+06 2.04147e+06 2.0637e+06 1.7581e+06 1.74051e+06 1.6889e+06 3.24495e+06 2.159e+06 2.14474e+06 1.63233e+06 1.49863e+06 1.52353e+06 1.6424e+06 1.45796e+06 1.4647e+06 2.41022e+06
threshold=4850.5000000000009 12274.500000000002 2283.6250000000005 5.0550000000000006 1.0000000180025095e-35 3.5450000000000004 1005.4342130189797 8680.5000000000018 6.4750000000000005 7.0450000000000008 0 7.330000000000001 1871.5000000000002 1358.4649075703492 308.77115311940122 9.5000000000000018 11.500000000000002 927.54013843235236 -0.16698754458866119 7310.7500000000009 6936.5000000000009 6.0150000000000015 6911.5000000000009 6528.0000000000009 2.8950000000000005 47.500000000000007 50.500000000000007 0.54809905824903982 5.6500000000000012 3.3950000000000005 16.500000000000004 7.0450000000000008 6804.0000000000009 4971.5000000000009 6356.5000000000009 6124.5000000000009 17.500000000000004 5369.5000000000009 3.0950000000000002 3.1950000000000007 5744.5000000000009 489.03383024062458 296.29313838859264 443.98789322357186 8.8400000000000016 3.4850000000000008 7848.0000000000009 5861.8750000000009 5898.0000000000009 5950.5000000000009 22.500000000000004 32.500000000000007 5307.5000000000009 3.4950000000000006 24.500000000000004 3.2950000000000004 4.2650000000000006 7001.0000000000009 6191.5000000000009 2.9600000000000004 11734.000000000002 8.5000000000000018
decision_type=2 2 2 2 2 2 2 2 2 2 1 2 2 2 2 2 2 2 2 2 2 2 2 2 2 2 2 2 2 2 2 2 2 2 2 2 2 2 2 2 2 2 2 2 2 2 2 2 2 2 2 2 2 2 2 2 2 2 2 2 2 2
left_child=2 3 24 9 7 -3 -7 13 -9 10 59 12 -4 18 33 23 45 -14 32 20 21 -20 43 41 30 27 29 -26 -28 -27 -1 -22 -5 -12 35 37 -36 38 -35 -39 -41 42 -13 -23 -21 46 47 49 -49 55 -51 54 53 -53 56 -16 57 58 -47 -2 61 -61
right_child=1 5 11 4 -6 6 -8 8 -10 -11 14 15 17 -15 16 -17 -18 -19 19 44 31 22 -24 -25 25 26 28 -29 -30 -31 -32 -33 -34 34 36 -37 -38 39 -40 40 -42 -43 -44 -45 -46 51 -48 48 -50 50 -52 52 -54 -55 -56 -57 -58 -59 -60 60 -62 -63
leaf_value=-1.1930300569501757 -4.1679345068384395 26.749608235610157 -9.9834672913493883 5.6121478997744054 22.965462806324165 -5.9763658893351659 23.455879466100171 34.379128993641245 -3.2115158699654245 -12.289629740640521 0.65234837778585242 0.93404899440319555 -0.53375074429321701 -9.4164246299050074 -0.23927926337509825 14.205580540859339 9.9777485175566252 -7.3217233636631427 15.847543334960939 16.052648208918196 -17.102212330698968 5.8103144877097188 13.860339316867647 11.944641148171774 -2.520896739375369 2.3907536213738578 -13.116366524850168 12.241818546547609 3.5905503668875065 18.764300974025286 -4.2755842535934194 -0.30326528164648242 -3.6924513234623841 2.314975049325398 10.088760542869569 17.664833862984434 -8.7257062485343528 6.5598474081119766 13.76483132612446 -7.8634975655827422 7.845467131478447 -0.99063253604273227 10.444310939368748 -5.6887097048538706 3.2586310357758492 1.2687002934791425 8.9339989989995967 -16.310930467159192 -4.3853589707950382 -2.3047750167126924 10.129874246915183 21.979879178106785 -4.1341405102839834 5.6456004697626287 -6.7361107848308706 -7.1290932714075286 -4.7793256437362635 -7.1551478438907203 9.0729977778026036 -7.9812574250357491 -5.0538154830323894 4.1208811457420333
leaf_weight=641 61 38 83 91 48 49 55 33 37 36 576 299 9392 33 228 33 44 104 61 89 32 68 42 41 859 35 31 34 53 43 1819 31 112 70 31 47 57 92 92 86 49 431 105 54 33 216 32 47 159 53 60 32 52 55 108 138 86 36 98 42 47 2011
leaf_count=641 61 38 83 91 48 49 55 33 37 36 576 299 9392 33 228 33 44 104 61 89 32 68 42 41 859 35 31 34 53 43 1819 31 112 70 31 47 57 92 92 86 49 431 105 54 33 216 32 47 159 53 60 32 52 55 108 138 86 36 98 42 47 2011
internal_value=0.0648987 2.76038 -1.02211 2.46579 5.91719 14.1811 9.58876 4.77428 14.5098 1.9096 2.01825 -0.447711 -0.689328 3.71935 0.797079 2.09844 -0.502586 -0.608092 4.4265 6.3812 3.75025 7.27442 4.08564 1.64235 -2.73599 -1.01895 4.16193 -1.95882 -2.5751 11.4172 -3.47237 -8.83606 0.478576 2.51043 4.5529 5.89526 -2.09788 4.47323 8.81736 1.37301 -2.16173 1.13649 3.40578 0.720582 12.592 -0.831967 -2.41385 -2.94397 -7.10624 -1.15393 4.29769 0.82866 5.7474 11.6536 -0.428151 -2.83708 1.13437 2.58745 3.70444 3.43625 3.6735 3.8733
internal_weight=19650 5647 14003 5505 764 142 104 716 70 4741 4705 10488 9579 646 2544 909 1444 9496 613 410 288 225 164 876 3515 1055 162 893 84 78 2460 63 203 1100 524 436 88 389 162 227 135 835 404 122 122 1400 717 685 206 479 113 683 139 87 544 366 436 350 314 2161 2100 2053
internal_count=19650 5647 14003 5505 764 142 104 716 70 4741 4705 10488 9579 646 2544 909 1444 9496 613 410 288 225 164 876 3515 1055 162 893 84 78 2460 63 203 1100 524 436 88 389 162 227 135 835 404 122 122 1400 717 685 206 479 113 683 139 87 544 366 436 350 314 2161 2100 2053
cat_boundaries=0 1
cat_threshold=65
is_linear=0
shrinkage=0.05


Tree=79
num_leaves=63
num_cat=2
split_feature=8 0 7 24 25 16 9 13 2 2 0 2 16 4 4 13 12 8 10 14 13 17 16 10 10 13 16 19 12 13 13 19 17 19 15 17 17 13 17 19 14 16 15 17 15 17 11 0 9 13 15 5 10 11 12 10 14 6 11 14 0 7
split_gain=2.13883e+07 6.79058e+06 4.92419e+06 3.42528e+06 3.36675e+06 2.95878e+06 8.10363e+06 2.81769e+06 2.80577e+06 6.30089e+06 2.5628e+06 3.13189e+06 2.52366e+06 2.18827e+06 2.17382e+06 2.94895e+06 4.12542e+06 3.0705e+06 2.45932e+06 2.4661e+06 4.07194e+06 3.66034e+06 3.27249e+06 3.33032e+06 3.15422e+06 2.13137e+06 2.08824e+06 3.85247e+06 2.21017e+06 2.08611e+06 2.06244e+06 2.37425e+06 2.8879e+06 4.07726e+06 3.31831e+06 2.32252e+06 4.78887e+06 2.20456e+06 2.1619e+06 3.26554e+06 1.98306e+06 1.97235e+06 3.54303e+06 1.9802e+06 1.90009e+06 1.81377e+06 2.07086e+06 1.91246e+06 1.78915e+06 1.77715e+06 1.76852e+06 1.71328e+06 1.88252e+06 1.66751e+06 1.66133e+06 1.64571e+06 1.6418e+06 1.61999e+06 1.5863e+06 1.57808e+06 1.57496e+06 1.56641e+06
threshold=4866.0000000000009 12274.500000000002 2283.6250000000005 0 1 3.5450000000000004 1005.4342130189797 4.6450000000000005 6281.5000000000009 7445.5000000000009 11734.000000000002 11318.500000000002 2.0750000000000006 1871.5000000000002 5994.5000000000009 7.5750000000000011 8.0350000000000019 5330.7083333333348 1020.7108971356332 3.5050000000000003 3.8950000000000005 3.3050000000000002 2.1950000000000007 435.43579912695412 373.88050592905557 9.5750000000000011 7.1000000000000005 1.5000000000000002 5.245000000000001 6.4750000000000005 5.7900000000000009 8.5000000000000018 1.8500000000000003 4.5000000000000009 -0.26304106548279715 6.1950000000000012 4.9350000000000014 4.4850000000000012 2.4050000000000007 11.500000000000002 3.7150000000000003 5.3050000000000006 0.26493455861876919 5.9650000000000007 -0.051648654897485734 9.5750000000000011 624.58429588178456 4509.5000000000009 1146.5486801455722 3.7950000000000004 -0.12586028556047432 5786.5000000000009 501.90621417085566 994.26637911456032 3.9850000000000008 735.22960432326715 4.1250000000000009 1002.8750000000001 758.66245434793746 1.9700000000000002 5011.5000000000009 3554.8750000000005
decision_type=2 2 2 1 1 2 2 2 2 2 2 2 2 2 2 2 2 2 2 2 2 2 2 2 2 2 2 2 2 2 2 2 2 2 2 2 2 2 2 2 2 2 2 2 2 2 2 2 2 2 2 2 2 2 2 2 2 2 2 2 2 2
left_child=2 3 57 4 7 -3 -7 -2 29 -10 11 14 -5 -4 -6 17 -17 -16 19 20 59 -22 -21 24 54 51 27 -25 -29 -9 31 32 33 -15 -34 36 37 38 60 49 61 42 -32 -44 -11 46 47 -43 -13 -40 -49 -14 -53 -20 -24 -48 -55 -1 -57 -19 -33 -41
right_child=1 5 13 12 10 6 -8 8 9 44 -12 48 25 30 15 16 -18 18 53 22 21 -23 23 26 -26 -27 -28 28 -30 -31 41 35 34 -35 -36 -37 -38 -39 39 40 -42 45 43 -45 -46 -47 55 50 -50 -51 -52 52 -54 56 -56 58 -58 -59 -60 -61 -62 -63
leaf_value=-7.5634453152964829 4.5308130994856137 25.412127688056543 -6.8111615479440619 -10.731879932829676 -0.040443152875837357 -5.6775476163747358 22.283085021972656 11.227320263602518 -4.0862375712394714 24.876988592820293 -9.9123383939266212 5.7119740347067518 1.8752454369167488 2.0930115859702876 17.395797500610353 27.267826359272007 3.5355153591074848 -7.0340006859071798 -13.43665233780356 14.888946654796602 4.7288634497672319 28.125793664114816 -5.385486479040603 20.591531111399334 -15.971831379113375 12.001601270187734 -7.1235140438433051 3.0923652787977352 -10.585951347649099 29.444915974934897 2.0345923224931322 -0.30930707017533215 -8.4603374672432743 -1.7150581312249416 -1.9820422524135457 -10.392012726530737 16.772308182186549 -9.0677004141885735 0.087295198366783636 5.950277151062032 -2.9643092019217359 -0.31928630124395602 6.6652936006203678 23.174042633877082 8.2928642026839707 6.4323026695421763 -8.8470841466838674 15.560730294620292 20.457532086471716 6.1707475625876844 3.0564935186079571 1.509206659536003 -3.7868274436158651 3.0636012557148935 8.1923017733024839 9.516862033208211 -10.191018246159409 -2.3670945943245014 -3.4540300846099856 4.553028897169634 -11.327709660385594 15.529912184079487
leaf_weight=157 804 38 133 47 739 49 55 33 65 39 42 48 1200 1150 35 30 47 31 34 40 32 35 71 30 54 43 54 383 32 30 291 1884 216 1808 2329 49 45 61 808 99 35 751 39 34 31 112 110 34 36 141 168 319 354 80 33 30 33 3358 110 564 33 75
leaf_count=157 804 38 133 47 739 49 55 33 65 39 42 48 1200 1150 35 30 47 31 34 40 32 35 71 30 54 43 54 383 32 30 291 1884 216 1808 2329 49 45 61 808 99 35 751 39 34 31 112 110 34 36 141 168 319 354 80 33 30 33 3358 110 564 33 75
internal_value=0.0616538 2.67781 -0.978483 2.39646 3.33421 13.472 9.10933 5.78883 11.1895 7.12353 2.32442 2.54449 0.711031 -0.438246 2.20638 3.23259 12.7819 2.75544 2.41519 3.07972 5.26523 16.9511 1.00396 0.158598 -6.16774 0.99544 2.16173 3.28848 2.03765 19.9024 -0.35684 -0.665398 -1.29701 -0.234571 -2.53187 0.410696 0.5771 0.344707 0.531425 2.2372 7.89507 1.24807 4.5053 14.3543 17.5326 0.346443 -0.220154 0.842363 12.0315 0.991159 5.16117 0.742763 -1.27652 -3.72831 -1.07715 -4.27047 -0.807217 -2.59919 -0.674553 3.94933 -0.498982 10.0794
internal_weight=19650 5590 14060 5448 3485 142 104 1002 198 135 2483 2441 1963 10545 2357 1618 77 1541 1506 1359 662 67 697 657 158 1916 499 445 415 63 10412 8733 5503 2958 2545 3230 3181 3136 3075 1158 209 1679 364 73 70 1315 1203 953 84 949 202 1873 673 147 104 250 113 3515 140 595 1917 174
internal_count=19650 5590 14060 5448 3485 142 104 1002 198 135 2483 2441 1963 10545 2357 1618 77 1541 1506 1359 662 67 697 657 158 1916 499 445 415 63 10412 8733 5503 2958 2545 3230 3181 3136 3075 1158 209 1679 364 73 70 1315 1203 953 84 949 202 1873 673 147 104 250 113 3515 140 595 1917 174
cat_boundaries=0 1 2
cat_threshold=3137 16
is_linear=0
shrinkage=0.05


Tree=80
num_leaves=63
num_cat=4
split_feature=8 0 7 24 16 3 14 10 18 10 16 17 4 17 25 18 16 19 18 15 6 4 2 0 11 7 12 4 3 25 13 6 13 16 15 17 18 18 17 19 14 18 12 0 8 0 4 17 2 0 9 10 25 18 9 3 6 16 12 10 3 11
split_gain=1.9303e+07 6.1285e+06 4.44408e+06 3.14814e+06 2.6703e+06 7.43311e+06 4.24256e+06 2.54734e+06 2.75868e+06 2.81338e+06 2.50398e+06 3.18501e+06 4.39184e+06 4.15493e+06 3.31511e+06 2.83559e+06 4.51449e+06 2.63776e+06 3.22308e+06 2.54324e+06 2.39022e+06 2.34962e+06 4.24707e+06 2.25997e+06 2.26456e+06 2.12203e+06 2.01829e+06 1.97491e+06 1.91991e+06 1.91549e+06 2.68421e+06 2.11735e+06 1.86891e+06 2.76915e+06 5.45532e+06 3.53997e+06 1.93008e+06 2.42882e+06 4.19583e+06 5.52277e+06 4.23955e+06 2.95611e+06 2.48768e+06 2.32792e+06 2.19261e+06 2.11615e+06 2.19998e+06 1.90637e+06 1.83342e+06 2.6005e+06 1.82427e+06 2.84655e+06 1.78721e+06 1.78497e+06 1.80767e+06 1.78329e+06 1.73751e+06 1.73063e+06 2.02096e+06 3.55304e+06 2.68768e+06 1.80507e+06
threshold=4866.0000000000009 12274.500000000002 2283.6250000000005 0 3.5450000000000004 12230.000000000002 6.8500000000000005 1307.2560509709017 8.5000000000000018 505.76331096023523 10.535000000000002 4.2150000000000007 10029.500000000002 4.1050000000000013 1 3.5000000000000004 6.455000000000001 5.5000000000000009 29.500000000000004 -0.11924743645241313 7310.7500000000009 10296.000000000002 8760.0000000000018 4853.5000000000009 658.24595585178315 5263.1875000000009 4.5250000000000012 1871.5000000000002 5484.5000000000009 2 5.8700000000000001 9605.5000000000018 6.4450000000000012 6.3850000000000007 0.26493455861876919 6.3350000000000009 33.500000000000007 19.500000000000004 1.6350000000000002 1.5000000000000002 3.8450000000000002 3.5000000000000004 7.1400000000000015 4877.5000000000009 3779.2500000000005 4249.5000000000009 4393.5000000000009 9.8100000000000005 5791.5000000000009 6669.5000000000009 682.92687436130893 840.32627862978347 3 20.500000000000004 157.99301144744081 5065.5000000000009 3835.6250000000005 3.5150000000000001 3.9050000000000007 346.72563778467526 5125.5000000000009 727.43195815120146
decision_type=2 2 2 1 2 2 2 2 2 2 2 2 2 2 1 2 2 2 2 2 2 2 2 2 2 2 2 2 2 1 2 2 2 2 2 2 2 2 2 2 2 2 2 2 2 2 2 2 2 2 2 2 1 2 2 2 2 2 2 2 2 2
left_child=2 3 -1 10 -3 6 -6 8 20 53 11 13 15 14 17 16 -13 50 -19 21 48 22 28 24 25 -11 -14 -4 55 30 -17 -32 36 34 -34 -36 37 38 41 42 -41 -29 -40 44 56 46 -39 -35 -5 -50 51 -2 -25 54 -10 -16 -38 61 60 -60 -59 -55
right_child=1 4 27 7 5 -7 -8 -9 9 23 -12 12 26 -15 19 29 -18 18 -20 -21 -22 -23 -24 52 -26 -27 -28 32 -30 -31 31 -33 33 47 35 -37 43 45 39 40 -42 -43 -44 -45 -46 -47 -48 -49 49 -51 -52 -53 -54 57 -56 -57 -58 58 59 -61 -62 -63
leaf_value=-2.4692336686263405 9.4980633636492158 24.14152130955144 -6.4706034846771932 7.7074084249156263 31.394945309239052 -11.858666632252355 7.0089697477363408 -12.342336615834917 -5.3749358510971073 3.5691223170207098 -8.9348856819793578 26.98319893880614 29.589784460067751 -14.35107739953434 1.9501035359597976 -0.73582392643237937 0.55081734975179042 -2.9335449902907662 5.9143183615472585 0.43417170702718028 18.463922955912931 -4.5847715213082054 17.671934364844059 -1.4414420345720638 -1.5119337581354997 19.137574180328485 11.249086437225342 -3.7836404403697617 1.6139564991263406 -2.2956020077792085 23.017307639844489 5.5969133841024865 1.7086817472571942 -0.8609002611979637 5.4707645485798517 24.575330612124233 -0.18179535694957769 -2.3672294632037003 8.9519433125427792 -0.31400475924747001 -6.6245795899115452 2.5493425117856177 -1.5308110954886989 -6.6655501422183265 2.2350849686623593 -5.4973890600625204 1.7587088332609142 8.6044224044732882 -4.923505051061511 7.0489920471088006 3.1674868789841146 25.576324811577798 -7.70128999787865 1.82807540884715 5.7794449130492875 17.841975594439159 -9.7964326083660129 3.1878977257013323 -7.4245597015727656 14.279061001539231 -8.0019303891190727 13.923894311442519
leaf_weight=3515 197 38 133 171 31 31 42 35 40 65 40 35 30 34 31 58 30 138 405 1032 31 55 69 687 116 33 30 215 224 100 33 37 347 797 48 49 2232 1860 140 489 584 1289 95 116 1230 425 391 57 100 83 85 32 131 472 395 41 48 80 33 44 163 33
leaf_count=3515 197 38 133 171 31 31 42 35 40 65 40 35 30 34 31 58 30 138 405 1032 31 55 69 687 116 33 30 215 224 100 33 37 347 797 48 49 2232 1860 140 489 584 1289 95 116 1230 425 391 57 100 83 85 32 131 472 395 41 48 80 33 44 163 33
internal_value=0.0585711 2.54392 -0.929559 2.27664 12.7984 8.65386 17.3647 1.05543 1.23454 0.576697 3.4706 3.66753 8.09509 3.00047 3.25597 5.57133 14.7836 5.7085 3.66569 1.75702 5.15082 5.04929 6.501 -1.35893 3.21565 8.81156 20.4194 -0.416334 3.89696 2.94501 6.6955 13.8094 -0.338998 1.43607 4.63897 15.1215 -0.5918 -1.18324 -0.157126 -2.22818 -3.74865 1.64403 4.71423 0.303352 0.533663 -2.2615 -1.65055 -0.22914 3.98498 0.506644 9.42292 11.7448 -2.55571 2.16207 4.75375 10.9996 -0.384209 0.795546 -2.0813 4.97751 -4.31804 2.6185
internal_weight=19650 5590 14060 5448 142 104 73 2712 2677 2292 2736 2696 353 2343 2309 293 65 857 543 1452 385 420 365 1032 214 98 60 10545 296 228 128 70 10412 1298 444 97 9114 5488 2812 1308 1073 1504 235 3626 3510 2676 2251 854 354 183 314 229 818 1260 435 72 2280 825 320 77 243 505
internal_count=19650 5590 14060 5448 142 104 73 2712 2677 2292 2736 2696 353 2343 2309 293 65 857 543 1452 385 420 365 1032 214 98 60 10545 296 228 128 70 10412 1298 444 97 9114 5488 2812 1308 1073 1504 235 3626 3510 2676 2251 854 354 183 314 229 818 1260 435 72 2280 825 320 77 243 505
cat_boundaries=0 1 2 3 4
cat_threshold=1089 24 22 20
is_linear=0
shrinkage=0.05


Tree=81
num_leaves=63
num_cat=3
split_feature=8 8 15 18 9 3 25 18 10 4 12 13 12 9 16 14 12 13 13 14 5 18 25 10 12 14 9 9 7 0 13 5 13 13 14 5 13 1 8 22 6 22 13 14 15 15 25 0 10 0 18 9 18 5 18 3 10 15 9 12 5 10
split_gain=1.94647e+07 8.81671e+06 4.44035e+06 2.91755e+06 3.24716e+06 2.37844e+06 2.23968e+06 2.67331e+06 3.41613e+06 2.09112e+06 5.49312e+06 6.81571e+06 3.88175e+06 3.20715e+06 3.35509e+06 4.08822e+06 3.1312e+06 4.29046e+06 3.05176e+06 3.84469e+06 2.81833e+06 3.19989e+06 2.79614e+06 2.43033e+06 2.20508e+06 3.11236e+06 2.36818e+06 3.17923e+06 2.79212e+06 4.54507e+06 2.68116e+06 2.04781e+06 2.13345e+06 2.03405e+06 1.95291e+06 1.9437e+06 2.11587e+06 3.13502e+06 3.12619e+06 2.43714e+06 1.941e+06 1.92583e+06 2.13912e+06 4.61496e+06 2.3653e+06 1.90726e+06 1.94085e+06 2.27553e+06 1.84585e+06 1.84392e+06 1.79133e+06 1.79029e+06 1.9834e+06 1.73707e+06 1.82811e+06 1.82943e+06 1.78885e+06 1.72976e+06 1.72807e+06 1.67454e+06 1.93106e+06 1.65256e+06
threshold=7551.3750000000009 3745.8750000000005 0.60464610306278399 47.500000000000007 661.73634984214493 1345.5000000000002 0 47.500000000000007 556.42148688815473 10029.500000000002 4.3450000000000006 6.705000000000001 4.0450000000000008 653.93994752403705 3.6350000000000002 3.2550000000000003 3.0650000000000004 2.3050000000000002 3.0750000000000006 3.6050000000000004 9863.0000000000018 10.500000000000002 1 745.86447004928766 4.0650000000000004 4.7150000000000007 301.5138193875971 408.85796229411716 8348.6875000000018 7685.0000000000009 3.4150000000000005 4471.5000000000009 4.2650000000000006 3.0250000000000004 2.6850000000000005 8021.0000000000009 3.3650000000000007 6345.5000000000009 6043.8750000000009 5.035000000000001 6094.6250000000009 15.350000000000001 3.9850000000000008 3.1150000000000007 0.70006914303055012 0.4251783111890492 2 5866.5000000000009 301.66460725065537 3852.5000000000005 26.500000000000004 296.29313838859264 37.500000000000007 4005.5000000000005 48.500000000000007 4790.5000000000009 441.98508175742785 0.23595118267385309 719.37773962376161 8.1900000000000013 5622.0000000000009 581.99689820407787
decision_type=2 2 2 2 2 2 1 2 2 2 2 2 2 2 2 2 2 2 2 2 2 2 1 2 2 2 2 2 2 2 2 2 2 2 2 2 2 2 2 2 2 2 2 2 2 2 1 2 2 2 2 2 2 2 2 2 2 2 2 2 2 2
left_child=1 5 3 9 -5 -1 7 35 -9 13 12 -12 16 22 -15 -16 17 -11 -18 -20 21 -17 -2 -21 26 -26 30 -28 29 -29 -24 32 51 -19 -34 36 37 38 58 -38 -40 42 53 -44 45 46 47 -45 -41 -33 -42 52 -7 54 55 -8 -57 -48 -3 60 -59 -39
right_child=2 6 -4 4 -6 31 41 8 -10 10 11 -13 -14 14 15 20 18 33 19 23 -22 -23 24 -25 25 -27 27 28 -30 -31 -32 49 34 -35 -36 -37 39 61 40 48 50 -43 43 44 -46 -47 57 -49 -50 -51 -52 -53 -54 -55 -56 56 -58 59 -60 -61 -62 -63
leaf_value=-4.4919623376343392 -1.4736060512639009 0.6758179943953585 22.532198712954653 4.9441797533700633 25.147912951740061 -2.0644315361473131 0.27357632239481722 11.033032408708372 -2.7797434695305365 18.843805503845214 31.772106789482962 1.304006265824841 -9.4536104135735091 -7.3054312222468569 18.867869057374843 16.591561568655617 22.083556272817216 -5.7581791039939247 0.38664220476150518 6.4918200439876985 -5.7463407165764542 -3.9919103622436527 7.9683153358101855 21.492845003693194 -12.083068392353674 6.7887122105907753 -1.6390850570466782 6.7183186903232484 4.0928711439522223 31.443508204291852 26.392275680639809 -12.360041976586366 9.6057976621168635 6.0731788531216715 -0.031614450339704163 -10.071001545588176 6.6439948665327053 -2.0675867196133262 15.352225486019202 5.8859344591645053 11.450088036060334 -2.4605388462350595 17.598269500732425 -0.49407382187751764 11.273404816853798 -5.2839036532288253 1.7684253281656244 -13.593128697292224 0.23419990231978752 -2.190239066286729 -4.8086171666781112 -3.5651485825372031 -0.12501059738172071 -1.013053924476111 10.307017557930065 16.293967138396368 2.2390878915786745 18.785239809117421 -8.5082675708423974 0.46306547522544861 3.0052240126060719 -12.277587620651021
leaf_weight=626 120 745 37 43 37 3237 1033 161 62 30 45 31 43 127 34 41 43 107 100 54 97 35 40 54 31 74 72 41 71 34 39 78 54 55 1979 36 347 95 57 191 32 618 45 319 59 110 1371 37 593 104 36 1011 2224 2449 54 36 61 47 55 48 33 68
leaf_count=626 120 745 37 43 37 3237 1033 161 62 30 45 31 43 127 34 41 43 107 100 54 97 35 40 54 31 74 72 41 71 34 39 78 54 55 1979 36 347 95 57 191 32 618 45 319 59 110 1371 37 593 104 36 1011 2224 2449 54 36 61 47 55 48 33 68
internal_value=0.015071 -0.443112 5.42104 4.9984 14.2884 -1.51537 0.691911 1.96245 7.19271 4.47428 6.84396 19.3443 4.88917 2.91848 -0.907605 3.01763 6.28136 1.47507 9.95788 7.45114 -0.0974444 7.11233 5.36659 13.9923 7.2644 1.21704 9.64694 6.95922 11.1995 17.9271 17.0637 -1.30087 -1.18857 -1.74136 0.224372 1.45393 1.6409 0.0667302 1.1934 3.15523 8.54696 0.19034 0.477984 1.76128 1.40917 1.11299 1.49232 -1.8048 1.61109 -6.54873 2.84254 -1.63241 -1.2746 -0.252854 1.31955 0.890063 7.45533 2.27224 0.0444121 7.84614 12.276 -6.32697
internal_weight=19646 18111 1535 1498 80 9313 8798 2478 223 1418 562 76 486 856 334 207 443 192 251 208 173 76 522 108 402 105 297 218 146 75 79 8687 8505 162 2033 2255 2219 1088 925 1131 125 6320 5702 2069 2024 1965 1855 356 784 182 68 6472 5461 3633 1184 1130 97 1499 800 128 80 163
internal_count=19646 18111 1535 1498 80 9313 8798 2478 223 1418 562 76 486 856 334 207 443 192 251 208 173 76 522 108 402 105 297 218 146 75 79 8687 8505 162 2033 2255 2219 1088 925 1131 125 6320 5702 2069 2024 1965 1855 356 784 182 68 6472 5461 3633 1184 1130 97 1499 800 128 80 163
cat_boundaries=0 1 2 3
cat_threshold=16 2 8
is_linear=0
shrinkage=0.05


Tree=82
num_leaves=63
num_cat=5
split_feature=7 24 15 18 9 25 13 14 3 0 10 10 18 10 18 14 12 13 13 25 13 13 1 11 0 13 6 2 15 5 9 9 14 10 14 11 11 11 10 11 3 5 9 5 13 9 13 13 15 2 15 11 22 12 25 19 24 10 14 11 1 5
split_gain=1.69648e+07 7.73478e+06 3.2229e+06 2.71952e+06 2.77368e+06 2.61168e+06 2.67414e+06 3.83338e+06 2.23949e+06 2.08173e+06 3.10761e+06 3.03539e+06 2.78674e+06 2.68367e+06 2.28162e+06 2.20706e+06 1.93492e+06 1.90479e+06 2.41717e+06 1.79631e+06 5.01038e+06 4.2434e+06 4.40527e+06 3.66187e+06 3.71031e+06 3.58324e+06 3.0067e+06 2.2829e+06 2.53977e+06 3.04773e+06 2.22605e+06 2.06676e+06 2.96756e+06 1.96735e+06 3.01323e+06 2.09701e+06 1.8794e+06 1.82595e+06 1.79014e+06 3.32254e+06 2.57999e+06 1.93542e+06 1.78968e+06 1.71426e+06 1.70701e+06 3.59638e+06 2.27075e+06 1.69859e+06 1.69162e+06 1.68536e+06 2.45926e+06 2.14816e+06 1.71593e+06 1.67491e+06 1.67306e+06 2.3549e+06 3.05734e+06 4.66413e+06 2.73875e+06 2.36858e+06 1.76902e+06 1.86865e+06
threshold=7457.0000000000009 0 0.60464610306278399 47.500000000000007 661.73634984214493 1 3.9850000000000008 2.6850000000000005 1345.5000000000002 7685.0000000000009 840.32627862978347 456.4531543285903 32.500000000000007 346.72563778467526 47.500000000000007 2.9250000000000003 5.6550000000000002 3.8550000000000004 3.5150000000000001 2 2.1950000000000007 3.4550000000000005 13053.500000000002 499.45289713668484 11734.000000000002 3.5550000000000002 11536.750000000002 10661.500000000002 0.090570876768338207 9647.5000000000018 388.60255832465486 456.43719430683927 3.3850000000000002 581.99689820407787 3.8950000000000005 740.81795480792789 624.58429588178456 472.33788247287015 377.02490172791954 592.60981273216362 6837.5000000000009 5457.5000000000009 706.97558773770209 6354.0000000000009 3.6250000000000004 671.48461138688128 5.1800000000000006 3.9050000000000007 -0.093313466194822101 6390.5000000000009 0.1282251271331856 553.18896436060481 4.0900000000000007 3.7550000000000003 3 1.5000000000000002 4 290.57527607370571 4.6250000000000009 469.38193514031849 3675.5000000000005 4041.5000000000005
decision_type=2 1 2 2 2 1 2 2 2 2 2 2 2 2 2 2 2 2 2 1 2 2 2 2 2 2 2 2 2 2 2 2 2 2 2 2 2 2 2 2 2 2 2 2 2 2 2 2 2 2 2 2 2 2 1 2 1 2 2 2 2 2
left_child=1 5 3 19 -5 9 16 -8 -3 10 11 13 43 15 38 -1 42 18 -17 20 -2 23 25 -22 31 -23 27 28 30 36 37 -25 -33 34 -27 -35 -30 -21 41 40 -40 -15 -7 -12 45 -32 53 -38 -29 52 51 -51 -13 -46 -10 56 57 -56 -59 -57 61 -60
right_child=2 8 -4 4 -6 6 7 -9 54 -11 12 49 -14 14 -16 17 -18 -19 -20 26 21 22 -24 24 -26 33 -28 48 29 -31 44 32 -34 35 -36 -37 47 -39 39 -41 -42 -43 -44 -45 46 -47 -48 -49 -50 50 -52 -53 -54 -55 55 59 -58 58 60 -61 -62 -63
leaf_value=-2.8031923789301039 25.530821794079198 -4.267364217419499 19.142773515750203 4.6969706612964011 23.110550163953732 -0.018286100297263175 17.019387850761415 1.403945732366465 0.12575392121110018 -7.1103347319477015 10.080121161306607 11.520280375923868 0.81115884536351912 20.913082870056755 19.469123376382367 4.499893748331413 -7.4831907798114576 -2.7494797814276914 19.201240283080509 -4.4624467076482004 17.780310703913372 23.073627135753632 22.484748440384866 -5.0756732521987544 -14.158045844144599 0.23956618345145025 -12.771448388695717 20.041217756271365 2.9686658287048342 -5.5879655807249016 9.8573237824771152 1.1626909722188477 15.987900157307472 -8.8413883349474744 20.039495144719666 4.6202177267252784 9.2803391514402449 8.267862511451467 3.7518053726861944 -9.8699770201411514 18.347176103534078 5.0576206824718382 -4.318754148952924 26.478398780822758 -2.5466428059118766 -6.8726168764048614 1.9898341056418745 25.322840505657776 3.652836498137443 7.3156396935383485 -16.550553939920484 -5.2148404353306077 0.4603383331120699 -14.303667017428772 21.852082753862657 -1.3946433548545916 -2.4641047879194811 -9.6111490704119209 3.9962108379285013 -3.9770775352595886 10.769815723406964 -9.1806958913803101
leaf_weight=162 31 626 39 43 39 4125 40 2252 1951 53 34 39 39 38 37 139 95 62 35 37 30 30 50 82 43 33 32 32 35 31 72 157 43 34 46 194 33 118 149 36 38 39 257 30 54 58 73 33 31 48 33 119 348 69 35 5523 285 40 169 1058 78 32
leaf_count=162 31 626 39 43 39 4125 40 2252 1951 53 34 39 39 38 37 139 95 62 35 37 30 30 50 82 43 33 32 32 35 31 72 157 43 34 46 194 33 118 149 36 38 39 257 30 54 58 73 33 31 48 33 119 348 69 35 5523 285 40 169 1058 78 32
internal_value=0.0142799 -0.423516 4.94536 4.59111 13.4546 0.704628 0.287094 1.67647 -1.37249 2.60209 2.98158 2.32984 11.3467 4.47094 7.75429 1.69081 -0.423554 4.77568 7.45706 4.10035 5.76216 5.0139 8.63536 1.066 -0.476858 6.58055 2.17389 2.91352 1.98202 8.12562 0.296048 1.60928 4.35011 4.96885 11.7686 2.61279 12.3347 5.22901 6.30946 4.03988 6.71771 12.8824 -0.270504 17.7668 -2.04938 2.3932 -4.99599 17.3016 11.9771 -0.351099 -4.07792 -1.61327 1.57491 -9.14205 -1.17639 -1.52632 1.36947 4.4011 2.62438 -1.80981 4.37858 1.89839
internal_weight=19646 18044 1602 1563 82 8247 6769 2292 9797 1478 1425 1322 103 735 337 398 4477 236 174 1481 773 742 387 355 325 337 708 676 613 132 481 282 200 307 79 228 101 155 300 223 187 77 4382 64 326 130 196 66 63 587 200 167 387 123 9171 7220 639 354 319 6581 279 201
internal_count=19646 18044 1602 1563 82 8247 6769 2292 9797 1478 1425 1322 103 735 337 398 4477 236 174 1481 773 742 387 355 325 337 708 676 613 132 481 282 200 307 79 228 101 155 300 223 187 77 4382 64 326 130 196 66 63 587 200 167 387 123 9171 7220 639 354 319 6581 279 201
cat_boundaries=0 1 2 3 4 5
cat_threshold=2755 16 17 16 28
is_linear=0
shrinkage=0.05


Tree=83
num_leaves=63
num_cat=3
split_feature=8 8 15 4 18 9 10 17 16 10 25 9 24 17 15 0 7 4 9 0 17 4 5 6 1 8 14 4 13 16 9 4 22 4 17 13 13 9 25 17 16 7 13 14 17 17 13 13 15 17 17 13 16 16 16 14 13 18 14 16 4 4
split_gain=1.61027e+07 7.21295e+06 3.75029e+06 2.55595e+06 2.02778e+06 2.28747e+06 1.99622e+06 1.73932e+06 3.3372e+06 1.73904e+06 2.26459e+06 1.82323e+06 1.80476e+06 3.55092e+06 3.18322e+06 2.61678e+06 2.50857e+06 3.3766e+06 1.95583e+06 1.91891e+06 1.83755e+06 1.75759e+06 1.95299e+06 1.86858e+06 1.66662e+06 2.58109e+06 2.18153e+06 2.50988e+06 2.10041e+06 1.71655e+06 1.59041e+06 1.81325e+06 1.57187e+06 2.27969e+06 4.7381e+06 6.54114e+06 3.42023e+06 2.83249e+06 3.63365e+06 3.76125e+06 4.20501e+06 3.79905e+06 3.6167e+06 2.76517e+06 2.43248e+06 2.42562e+06 3.65624e+06 3.54305e+06 3.36887e+06 2.25269e+06 3.74769e+06 2.00873e+06 1.97901e+06 3.14359e+06 2.00897e+06 1.97361e+06 1.81707e+06 1.74875e+06 1.67993e+06 1.54732e+06 1.58571e+06 2.23116e+06
threshold=4420.0416666666679 7808.5833333333348 0.60464610306278399 2178.5000000000005 47.500000000000007 682.92687436130893 1307.2560509709017 7.7600000000000007 6.7150000000000007 485.2966967768329 0 635.18209163751851 1 4.7250000000000005 -0.043355501291606112 4233.5000000000009 5191.8125000000009 7598.5000000000009 84.178133431709171 4775.5000000000009 3.0450000000000004 7848.0000000000009 5574.5000000000009 6045.6250000000009 6345.5000000000009 6758.041666666667 3.2750000000000004 7598.5000000000009 7.330000000000001 2.2150000000000003 890.77363216644062 5950.5000000000009 3.3400000000000003 10029.500000000002 4.3850000000000007 6.705000000000001 4.3250000000000011 653.93994752403705 2 4.0650000000000004 3.4650000000000003 8348.6875000000018 5.6550000000000002 2.7750000000000004 3.0050000000000003 3.0650000000000004 3.0750000000000006 2.3050000000000002 -0.07453518617091566 3.7250000000000005 3.9350000000000005 3.7250000000000005 3.7250000000000005 4.955000000000001 4.1050000000000013 6.8150000000000004 3.0250000000000004 24.500000000000004 2.7450000000000006 3.2550000000000003 7126.0000000000009 6296.5000000000009
decision_type=2 2 2 2 2 2 2 2 2 2 1 2 1 2 2 2 2 2 2 2 2 2 2 2 2 2 2 2 2 2 2 2 2 2 2 2 2 2 1 2 2 2 2 2 2 2 2 2 2 2 2 2 2 2 2 2 2 2 2 2 2 2
left_child=3 6 4 -1 32 -6 7 9 -9 11 24 12 -2 14 15 -14 19 -18 -16 20 -17 22 -12 -24 25 28 27 -26 29 -11 59 -32 -3 37 36 -36 45 38 43 40 41 -40 -41 -34 -42 47 -47 -35 -48 57 -51 -45 -39 54 -54 -55 58 -50 -49 -28 61 -61
right_child=1 2 -4 -5 5 -7 -8 8 -10 10 21 -13 13 -15 18 16 17 -19 -20 -21 -22 -23 23 -25 26 -27 30 -29 -30 -31 31 -33 33 34 35 -37 -38 52 39 42 44 -43 -44 51 -46 46 48 56 49 50 -52 -53 53 55 -56 -57 -58 -59 -60 60 -62 -63
leaf_value=-2.256291991625702 -0.37645347813961444 13.086678076429028 22.092646655440333 -0.63500800532648505 4.8367500761151314 22.620449349374482 -9.8540103005199899 20.642013808452724 2.371321212666706 -8.3129693995351381 -1.0213942788669041 12.73264671375877 13.573832918681962 16.322003244294063 -12.184278895060222 2.0501421823058017 6.7231844897085793 -9.3191819763183599 0.73896362775637781 -2.5709624222346719 14.931008674159195 8.7475675404071804 -14.852253342929641 -4.2271899792137528 -8.8036234738997052 12.594276142758984 4.7686845406889917 6.341333115100861 12.534798009622666 1.5730540181561248 13.321453152845303 -0.57049240651337996 10.384782328265054 17.082550204594931 31.0431761605399 0.76341089048693256 -11.547848129272461 -7.0313711398356675 35.201310192743939 -11.456871228469046 -4.462625062787855 12.608899951467709 10.990270317302032 -11.420738310262095 12.37766731299606 22.063599272661435 17.105446879368909 -0.23159117544850996 -12.261020869016647 22.279334012923702 0.15204222106933596 2.5525402557018193 2.1765725278854369 -12.098842984979804 19.13460107003489 2.108420576182279 5.720069811560891 2.4896141112402637 -13.092758577368981 -4.4729635983337586 -11.539638262703306 5.5297350788116457
leaf_weight=3293 781 49 32 9286 40 33 41 33 103 46 350 38 69 45 30 172 522 35 1215 224 33 32 57 151 140 56 96 34 42 966 48 46 35 30 42 31 31 111 30 38 37 49 34 64 51 43 53 62 32 31 50 43 40 44 31 55 55 54 43 162 42 85
leaf_count=3293 781 49 32 9286 40 33 41 33 103 46 350 38 69 45 30 172 522 35 1215 224 33 32 57 151 140 56 96 34 42 966 48 46 35 30 42 31 31 111 30 38 37 49 34 64 51 43 53 62 32 31 50 43 40 44 31 55 55 54 43 162 42 85
internal_value=0.0135064 1.92331 5.17629 -1.05944 4.77262 12.876 1.13891 1.21864 6.80465 1.08094 0.0515453 1.84647 1.71414 2.40178 2.13987 4.16055 3.50181 5.71514 0.42756 0.628094 4.12365 -2.60408 -3.30174 -7.13887 0.949654 2.13416 -1.04928 -5.84426 1.5784 1.12369 0.692533 6.52327 4.30611 3.95315 6.31041 18.1846 4.51947 1.96978 4.77855 8.3467 12.8145 21.1883 -0.856832 -1.6954 5.29709 5.61899 8.72879 1.31438 6.12244 2.63681 8.62051 -5.80531 -1.83855 1.55206 9.58078 -4.20592 -1.64215 -2.99899 -5.49855 -0.731075 -2.55798 -1.03074
internal_weight=19646 7067 1373 12579 1341 73 5694 5653 136 5517 2353 3164 3126 2345 2300 1055 986 557 1245 429 205 590 558 208 1763 1110 653 174 1054 1012 479 94 1268 1219 557 73 484 662 381 239 167 79 72 142 88 453 263 190 220 167 81 107 281 170 71 99 160 86 105 385 289 247
internal_count=19646 7067 1373 12579 1341 73 5694 5653 136 5517 2353 3164 3126 2345 2300 1055 986 557 1245 429 205 590 558 208 1763 1110 653 174 1054 1012 479 94 1268 1219 557 73 484 662 381 239 167 79 72 142 88 453 263 190 220 167 81 107 281 170 71 99 160 86 105 385 289 247
cat_boundaries=0 1 2 3
cat_threshold=22 1030 18
is_linear=0
shrinkage=0.05


Tree=84
num_leaves=63
num_cat=3
split_feature=8 8 5 11 17 9 18 17 4 10 24 5 11 17 14 7 18 18 3 15 14 5 4 9 11 15 3 19 17 10 18 17 19 17 18 12 18 25 19 12 15 15 18 24 18 17 17 15 17 1 12 11 5 12 10 11 12 10 12 12 1 3
split_gain=1.48982e+07 6.3547e+06 3.28645e+06 7.52022e+06 2.4155e+06 2.7261e+06 2.63782e+06 7.86077e+06 2.3294e+06 5.57601e+06 2.27901e+06 2.06133e+06 2.04999e+06 3.79119e+06 2.59812e+06 2.58958e+06 2.15632e+06 2.97786e+06 2.37057e+06 3.08176e+06 2.03095e+06 2.0145e+06 3.40921e+06 2.28647e+06 2.09313e+06 1.96896e+06 1.87442e+06 1.82913e+06 4.19903e+06 3.71062e+06 1.93094e+06 3.30789e+06 4.60294e+06 3.03632e+06 2.68038e+06 3.03799e+06 2.36747e+06 5.04042e+06 4.33443e+06 4.13051e+06 2.39676e+06 1.9593e+06 1.78158e+06 2.74434e+06 7.58466e+06 2.14408e+06 2.03996e+06 1.93529e+06 1.87356e+06 2.12481e+06 1.81579e+06 1.77694e+06 1.89231e+06 1.76881e+06 2.91884e+06 2.02702e+06 1.76644e+06 1.95076e+06 1.73675e+06 1.72767e+06 1.72339e+06 2.72995e+06
threshold=6577.9166666666679 3745.8750000000005 11937.000000000002 1048.2668171720497 9.5750000000000011 447.93554223237965 3.5000000000000004 3.9050000000000007 12173.500000000002 766.3146265286108 0 4855.5000000000009 927.54013843235236 2.4550000000000005 4.0750000000000011 11178.500000000002 34.500000000000007 18.500000000000004 9591.0000000000018 0.055113011538397198 6.5100000000000007 10418.500000000002 9801.0000000000018 627.51689791653791 658.24595585178315 -0.2766323024054988 1509.5000000000002 1.5000000000000002 4.7250000000000005 274.72905483586413 36.500000000000007 1.0000000180025095e-35 3.5000000000000004 2.8650000000000007 13.500000000000002 6.8050000000000006 47.500000000000007 1 11.500000000000002 3.3550000000000004 0.057057057057054647 0.60464610306278399 42.500000000000007 2 47.500000000000007 6.7650000000000015 6.0850000000000009 -0.29515418502202712 1.8900000000000001 5185.5000000000009 2.7050000000000005 1194.9173281523842 9196.5000000000018 3.5550000000000002 658.35832580345334 492.00917314444922 5.245000000000001 787.26211813578163 2.4050000000000007 2.6750000000000003 4995.5000000000009 3952.5000000000005
decision_type=2 2 2 2 2 2 2 2 2 2 1 2 2 2 2 2 2 2 2 2 2 2 2 2 2 2 2 2 2 2 2 2 2 2 2 2 2 1 2 2 2 2 2 1 2 2 2 2 2 2 2 2 2 2 2 2 2 2 2 2 2 2
left_child=1 11 8 -4 5 42 7 -7 12 -10 -8 26 16 -14 15 51 17 25 56 -20 -5 22 53 24 -24 -2 -1 28 -28 -30 31 32 -29 -32 35 -33 -35 38 -38 -39 -41 -40 45 44 -44 46 47 48 -3 -50 -45 52 -15 -19 55 -55 57 58 -18 -12 61 -46
right_child=2 4 3 20 -6 6 10 -9 9 -11 59 -13 13 14 -16 -17 18 21 19 -21 -22 -23 23 -25 -26 -27 27 30 29 -31 33 34 -34 36 -36 -37 37 39 41 40 -42 -43 43 50 60 -47 -48 -49 49 -51 -52 -53 -54 54 -56 -57 -58 -59 -60 -61 -62 -63
leaf_value=-3.0877294238713948 -2.0902013561393642 7.9759375255683373 26.520275568494611 -3.211950581952145 9.4253485948611537 -9.2455855048471882 0.27312956807312139 12.98077499963142 -1.6767085982303993 20.897727145178845 -8.4430141529350564 -9.4561945278393598 9.5573442821917336 -6.4059432540141366 1.8844901032564119 7.0926014726812188 -2.533902573428656 -2.948778587726899 5.9578050955065658 23.999168332030138 12.689732028592019 -12.230453195879537 -4.9364621460437776 20.889549365043642 12.88017300717971 6.414743901883269 -1.7884888353300366 3.1701473001355445 20.380680229789334 3.7608504948370598 -1.4482391602414744 -8.2603104515832495 -1.8785399503527183 0.22246681887246966 -2.1800904847058877 0.43820429268208416 25.017073191129246 11.862381876142402 10.743517752898237 -17.842355309592353 -2.1808552249481803 0.48341689423510908 -1.7039485339075329 6.928697279908441 24.556559218129806 10.773834055099847 -10.443621678468659 0.49854813923719282 -6.3890093801963719 8.1765115891184124 0.42813360016515389 -0.58342194377251388 -19.258519523342454 -1.8743589006151471 -8.1779589703208515 12.828068451142649 -6.7844800090789796 -1.7379127631868636 8.8649896647955977 -2.3087515546652404 26.711567257472446 5.0918489921924683
leaf_weight=1140 79 174 51 57 78 62 1011 111 51 59 132 76 92 71 246 33 38 324 56 41 31 31 32 30 34 491 440 634 38 289 1777 419 1568 746 1759 132 39 38 120 36 76 76 96 132 31 53 41 4317 62 42 577 53 48 35 38 71 30 70 277 880 35 43
leaf_count=1140 79 174 51 57 78 62 1011 111 51 59 132 76 92 71 246 33 38 324 56 41 31 31 32 30 34 491 440 634 38 289 1777 419 1568 746 1759 132 39 38 120 36 76 76 96 132 31 53 41 4317 62 42 577 53 48 35 38 71 30 70 277 880 35 43
internal_value=0.14165 -0.377452 3.77473 11.2434 0.670156 0.582593 -0.910598 5.01526 3.32918 10.4314 -1.41736 -1.25504 2.97727 0.307116 -1.57985 -5.73706 3.84184 2.65325 6.54634 13.5835 2.38978 0.179034 0.861116 9.44422 4.2418 5.23599 -1.18822 -0.92372 1.4008 5.69221 -1.164 -1.81154 -0.424922 -0.159296 -3.13334 -6.17646 1.86586 5.0502 9.3944 -2.23312 -7.21491 6.76511 1.16782 3.18725 8.14664 0.774187 0.659869 0.758942 4.80255 -0.50678 1.61561 -8.19856 -11.5902 -0.899522 3.7113 7.97349 4.90151 5.8121 7.48989 -3.07845 17.5698 13.246
internal_weight=19749 17280 2469 139 7877 7799 2196 173 2330 110 2023 9403 2220 543 451 205 1677 1165 512 97 88 595 564 96 66 570 9327 8187 767 327 7420 4512 2202 2908 2310 551 1131 385 235 150 112 196 5603 914 205 4689 4636 4595 278 104 709 172 119 468 144 106 415 385 315 1012 109 74
internal_count=19749 17280 2469 139 7877 7799 2196 173 2330 110 2023 9403 2220 543 451 205 1677 1165 512 97 88 595 564 96 66 570 9327 8187 767 327 7420 4512 2202 2908 2310 551 1131 385 235 150 112 196 5603 914 205 4689 4636 4595 278 104 709 172 119 468 144 106 415 385 315 1012 109 74
cat_boundaries=0 1 2 3
cat_threshold=1603 28 2069
is_linear=0
shrinkage=0.05


Tree=85
num_leaves=63
num_cat=6
split_feature=4 5 11 4 4 13 12 18 5 18 11 3 18 5 4 11 25 13 2 0 12 4 24 13 14 15 4 13 5 2 14 18 1 25 12 15 13 14 18 24 25 12 19 15 19 14 14 13 15 11 19 13 16 18 24 5 5 12 18 12 2 15
split_gain=1.36644e+07 4.19715e+06 6.787e+06 2.88072e+06 2.77102e+06 2.47186e+06 3.69657e+06 2.41878e+06 2.22295e+06 2.20473e+06 3.20221e+06 3.63013e+06 2.91757e+06 2.47179e+06 2.84155e+06 6.00972e+06 2.22409e+06 2.12225e+06 2.07672e+06 2.00965e+06 2.32321e+06 2.16079e+06 1.92378e+06 3.51039e+06 1.83294e+06 1.7719e+06 1.61236e+06 1.96879e+06 1.67687e+06 1.58664e+06 1.58501e+06 1.53811e+06 1.42656e+06 1.38202e+06 1.67044e+06 1.48443e+06 1.35893e+06 1.72537e+06 1.35749e+06 7.14966e+06 3.37671e+06 2.76645e+06 3.25803e+06 2.32568e+06 2.0191e+06 2.3798e+06 2.22799e+06 1.78783e+06 1.76321e+06 1.56601e+06 2.57148e+06 1.38909e+06 1.34959e+06 1.57005e+06 1.42384e+06 2.1682e+06 1.31978e+06 1.31206e+06 1.47485e+06 1.72587e+06 1.53844e+06 1.43402e+06
threshold=4681.5000000000009 11937.000000000002 1048.2668171720497 12173.500000000002 3062.5000000000005 3.7750000000000004 3.0850000000000004 12.500000000000002 5652.5000000000009 37.500000000000007 927.54013843235236 9591.0000000000018 15.500000000000002 11475.500000000002 8893.0000000000018 887.71003892986232 0 3.0550000000000002 8760.0000000000018 4461.5000000000009 2.8950000000000005 5111.5000000000009 1 4.2650000000000006 6.5100000000000007 0.78457257123812718 6087.5000000000009 3.9650000000000003 4522.5000000000009 10946.000000000002 3.3550000000000004 42.500000000000007 1000.5000000000001 2 3.5450000000000004 0.55943719593100394 3.3650000000000007 2.7750000000000004 47.500000000000007 3 4 3.9650000000000003 11.500000000000002 0.70006914303055012 11.500000000000002 2.5050000000000003 3.1850000000000005 3.2050000000000005 0.60464610306278399 336.91071965519035 4.5000000000000009 10.995000000000003 4.3250000000000011 6.5000000000000009 5 3325.5000000000005 4630.5000000000009 5.0550000000000006 47.500000000000007 3.2050000000000005 6713.5000000000009 0.12274072279467309
decision_type=2 2 2 2 2 2 2 2 2 2 2 2 2 2 2 2 1 2 2 2 2 2 1 2 2 2 2 2 2 2 2 2 2 1 2 2 2 2 2 1 1 2 2 2 2 2 2 2 2 2 2 2 2 2 1 2 2 2 2 2 2 2
left_child=4 3 -3 9 32 6 -5 25 31 12 11 19 13 14 16 -16 -2 -13 -12 20 -11 -22 26 57 -4 -6 28 36 -21 -17 -18 -9 -1 34 -33 -36 37 -28 43 -40 44 42 -42 49 -41 -46 -47 -44 -48 50 -34 52 -51 54 55 -54 -35 58 61 -60 -61 -24
right_child=1 2 24 5 7 -7 -8 8 -10 10 18 17 -14 -15 15 29 30 -19 -20 22 21 -23 23 -25 -26 -27 27 -29 -30 -31 -32 33 38 56 35 -37 -38 -39 39 40 41 -43 47 -45 45 46 48 -49 -50 51 -52 -53 53 -55 -56 -57 -58 -59 59 60 -62 -63
leaf_value=-6.1321010179725697 3.7294192051987141 25.194261984731639 -3.0513531872577837 1.4972138762474061 1.2910676179318665 -2.0553176049263246 23.529469684337048 -1.0239202840705361 -13.745806428790093 -1.2694257779285696 3.3428277511149647 4.4017138081212197 0.30434485005217926 -10.153258097512383 28.132708275658747 -5.3891265630722049 8.6233798542538214 21.255036556467097 -13.319002562628853 7.8272509644671189 8.0762683833346642 23.83229734261986 1.0312824985106215 17.898069853906303 12.0552460413306 12.81396251005285 10.812511013448239 -7.491192159345073 -2.9756999392756103 9.3147127001784575 -2.3995355190255423 0.41733531122667755 0.67272371399269104 0.061575356571544421 8.9287375440964336 0.44436010199707826 10.75947512251785 -3.9987020408405978 -4.7376123863181716 18.201390171051028 -9.5752538565433394 -10.314581810951234 1.6717290634200688 7.5448202115647938 19.006222726901374 -4.1840966962851018 13.153976878479348 16.260678626242139 -1.4311273399988811 -1.4461565125043114 -2.0655260212337945 6.324739024374221 13.596956762959881 -7.2006911292908686 -4.511685887911848 -2.1543874933912948 -9.9994591039769798 -6.5376820373535161 15.780258959363094 -3.9127223361622208 11.731843021710715 9.1801472989480892
leaf_weight=162 1083 51 57 32 1779 31 47 3955 32 39 32 31 2995 35 35 32 37 47 45 41 68 32 278 47 31 34 32 31 290 43 275 285 1183 789 156 77 83 51 329 50 33 50 42 68 33 52 67 42 30 437 3115 36 31 378 252 74 34 30 53 33 30 67
leaf_count=162 1083 51 57 32 1779 31 47 3955 32 39 32 31 2995 35 35 32 37 47 45 41 68 32 278 47 31 34 32 31 290 43 275 285 1183 789 156 77 83 51 329 50 33 50 42 68 33 52 67 42 30 437 3115 36 31 378 252 74 34 30 53 33 30 67
internal_value=0.134575 2.09169 10.6812 1.89286 -0.749255 9.90983 14.605 -0.0703467 -0.607138 1.74327 3.509 4.10337 1.21374 2.98234 3.28782 11.0248 2.67774 14.5569 -6.39461 3.42671 9.08138 13.1182 2.68938 4.75554 2.27029 1.50716 0.484833 4.07551 -1.63757 3.04107 -1.05841 -0.52775 -1.49927 0.935601 2.9281 6.12489 6.23556 1.71165 -1.38018 0.650388 5.08443 -0.443793 3.73656 -1.64538 8.9177 6.85723 4.16651 8.9662 8.64312 -1.75888 -1.31184 -3.34944 -3.6466 -4.95489 -2.57698 2.27897 -0.349818 3.59435 4.2537 9.13094 3.53707 2.61382
internal_weight=19749 6144 139 6005 13605 110 79 7141 5328 5895 1360 1283 4535 1540 1505 110 1395 78 77 1205 139 100 1066 538 88 1813 528 197 331 75 312 5296 6464 1341 518 233 166 83 6302 728 399 167 117 5574 232 182 149 84 97 5506 4298 1208 1172 735 357 105 823 491 461 116 63 345
internal_count=19749 6144 139 6005 13605 110 79 7141 5328 5895 1360 1283 4535 1540 1505 110 1395 78 77 1205 139 100 1066 538 88 1813 528 197 331 75 312 5296 6464 1341 518 233 166 83 6302 728 399 167 117 5574 232 182 149 84 97 5506 4298 1208 1172 735 357 105 823 491 461 116 63 345
cat_boundaries=0 1 2 3 4 5 6
cat_threshold=22 1728 20 1824 28 16
is_linear=0
shrinkage=0.05


Tree=86
num_leaves=63
num_cat=1
split_feature=4 2 12 1 5 3 10 9 16 24 18 16 18 3 5 13 0 12 18 10 16 12 4 13 4 17 5 9 14 0 18 18 0 1 0 9 12 9 16 5 13 9 16 13 10 12 5 9 14 9 16 9 14 16 15 13 14 16 2 10 13 9
split_gain=1.2338e+07 3.78835e+06 4.85525e+06 3.11212e+06 3.59719e+06 2.56743e+06 2.12758e+06 2.0007e+06 3.56937e+06 2.43397e+06 2.95705e+06 3.52906e+06 2.9002e+06 3.23791e+06 2.78228e+06 2.78174e+06 2.71148e+06 2.25438e+06 2.12045e+06 3.52066e+06 3.10413e+06 2.58158e+06 2.20992e+06 1.88513e+06 1.98289e+06 1.8789e+06 1.85386e+06 2.10169e+06 1.85041e+06 1.75765e+06 1.74507e+06 2.74342e+06 2.25698e+06 3.44311e+06 2.06759e+06 1.99977e+06 1.73692e+06 2.57599e+06 2.34739e+06 2.00119e+06 1.91015e+06 1.69846e+06 1.73157e+06 2.41702e+06 2.3085e+06 2.54229e+06 2.43336e+06 1.68633e+06 1.68341e+06 1.98423e+06 1.84568e+06 2.04714e+06 1.78801e+06 1.71797e+06 1.91232e+06 1.65486e+06 3.04673e+06 1.6187e+06 4.15662e+06 2.30486e+06 1.86126e+06 1.60563e+06
threshold=4681.5000000000009 11318.500000000002 6.8050000000000006 13053.500000000002 11937.000000000002 2798.5000000000005 614.32475964806974 1089.2495048815579 5.9300000000000006 0 3.5000000000000004 5.7700000000000005 30.500000000000004 11682.500000000002 8197.5000000000018 4.4400000000000004 8411.0000000000018 5.245000000000001 26.500000000000004 534.42605035441818 3.7050000000000005 2.2450000000000006 9320.0000000000018 4.3850000000000007 12173.500000000002 8.8400000000000016 6621.0000000000009 611.45451484752891 3.6850000000000005 11009.000000000002 18.500000000000004 33.500000000000007 4753.5000000000009 5185.5000000000009 6610.5000000000009 758.30652836876914 5.245000000000001 408.85796229411716 3.5950000000000002 7397.0000000000009 3.1550000000000007 644.52094464816298 3.3150000000000004 4.1450000000000005 406.06286839824458 3.7050000000000005 6911.5000000000009 183.3346203060388 2.5650000000000004 520.81458413191876 4.1050000000000013 912.70811461809353 2.3450000000000002 3.7350000000000008 0.15253728739642297 2.8350000000000004 3.1350000000000002 3.5950000000000002 5630.5000000000009 295.50072502509187 6.705000000000001 533.7983344505277
decision_type=2 2 2 2 2 2 2 2 2 1 2 2 2 2 2 2 2 2 2 2 2 2 2 2 2 2 2 2 2 2 2 2 2 2 2 2 2 2 2 2 2 2 2 2 2 2 2 2 2 2 2 2 2 2 2 2 2 2 2 2 2 2
left_child=5 7 3 4 6 -1 -3 9 29 10 11 -2 13 18 -13 17 26 48 20 -20 21 -12 47 24 -8 -7 30 36 -29 55 34 -32 61 -34 57 -36 37 38 -28 -38 -39 42 43 44 -23 46 -46 -22 49 52 51 53 -14 54 -50 -9 -57 58 -11 -59 -61 -33
right_child=1 2 -4 -5 -6 25 23 8 -10 16 12 14 15 -15 -16 -17 -18 -19 19 -21 22 41 -24 -25 -26 -27 27 28 -30 -31 31 32 33 -35 35 -37 39 40 -40 -41 -42 -43 -44 -45 45 -47 -48 -49 50 -51 -52 -53 -54 -55 -56 56 -58 59 -60 60 -62 -63
leaf_value=-1.5541380164686593 25.669947533453666 -4.6789533665305694 24.744471523496841 17.061414248148601 -10.918822819888593 -0.24863162416379422 6.9657727466689217 -11.017665924475743 8.1728757051321193 1.6172971590927672 17.258715889851253 16.189383966782515 8.9003105662085797 14.738881555057709 -3.1556512570962676 19.120146306122049 13.624402765895045 -8.7026164970090303 -12.331785268907424 3.405609938592622 -11.534547966321311 2.8031108589548817 -11.035218715667725 -1.3969834636239444 21.808994729178295 5.7880349815574315 -6.5368741991406401 -14.933685092747211 -2.2628415486391851 -15.565714093166239 -0.92092461674119619 5.0236883851486871 -4.6632923863267388 3.4455312606166388 12.14462111570217 -1.9191203010804725 -11.90396172707541 18.407759973406794 4.6403841144197129 1.8011808566153051 3.756945288834507 -3.2906759926035436 -0.84398632176378952 -3.8147808749501304 9.6220279332363248 4.2325388613201325 27.964066777229313 0.84857731731466979 6.3437122336629095 -8.7948933934056495 16.194562313723008 -5.4549452209472662 -4.9522910700903999 -0.32297568895730633 16.725472400665282 13.599387168884277 -4.1440378053665166 8.0848810377575102 15.198125886297845 -2.8817923363595725 5.0451748068799684 16.593673011835886
leaf_weight=5436 31 38 36 45 40 8038 63 52 65 210 36 34 66 42 41 34 43 31 77 66 30 76 54 34 35 131 105 50 68 34 1182 254 186 442 108 33 57 32 85 50 73 79 94 41 33 42 40 329 393 43 43 40 36 83 50 30 125 84 77 313 97 34
leaf_count=5436 31 38 36 45 40 8038 63 52 65 210 36 34 66 42 41 34 43 31 77 66 30 76 54 34 35 131 105 50 68 34 1182 254 186 442 108 33 57 32 85 50 73 79 94 41 33 42 40 329 393 43 43 40 36 83 50 30 125 84 77 313 97 34
internal_value=0.127706 1.98741 7.55558 5.12891 2.57194 -0.712133 5.74624 1.71057 -2.22529 1.92769 3.33982 11.4795 2.89342 1.13956 5.6141 5.11841 1.14114 4.51196 0.566669 -5.06837 1.51024 4.42744 -1.60474 8.74743 12.2669 -0.151826 0.992726 -1.76473 -7.63184 -5.02978 1.46752 0.670744 2.72462 1.04387 3.28057 8.85311 -0.0425388 1.93683 -1.53652 -5.49969 8.22196 3.28689 4.88083 7.20037 9.56488 14.0335 19.6725 -0.186224 5.05527 0.213501 6.20807 5.44938 4.01116 6.2786 7.51547 -3.29924 -0.709827 2.27452 5.26093 0.539496 -1.00639 6.38959
internal_weight=19749 6144 291 255 210 13605 170 5853 306 5547 1964 106 1858 1039 75 819 3583 785 997 143 854 441 413 132 98 8169 3540 520 118 241 3020 2098 916 628 922 141 402 295 190 107 105 405 326 232 191 115 73 359 754 145 609 566 102 526 443 207 155 781 287 494 410 288
internal_count=19749 6144 291 255 210 13605 170 5853 306 5547 1964 106 1858 1039 75 819 3583 785 997 143 854 441 413 132 98 8169 3540 520 118 241 3020 2098 916 628 922 141 402 295 190 107 105 405 326 232 191 115 73 359 754 145 609 566 102 526 443 207 155 781 287 494 410 288
cat_boundaries=0 1
cat_threshold=2049
is_linear=0
shrinkage=0.05


Tree=87
num_leaves=63
num_cat=1
split_feature=8 4 15 13 15 12 14 12 1 15 15 11 5 25 15 14 6 18 12 1 22 5 13 13 1 17 5 0 9 9 7 3 14 3 14 7 5 11 1 7 4 2 23 9 17 15 7 3 17 9 0 15 8 6 0 11 9 17 2 5 18 13
split_gain=9.7882e+06 3.07379e+06 3.39734e+06 2.40784e+06 2.40242e+06 2.27612e+06 3.27161e+06 3.63848e+06 3.6276e+06 2.05035e+06 2.21391e+06 2.907e+06 2.69933e+06 2.44344e+06 3.78792e+06 2.92177e+06 2.86294e+06 2.70153e+06 2.53715e+06 2.18659e+06 3.13215e+06 1.97265e+06 2.16971e+06 2.66275e+06 2.65653e+06 2.44657e+06 2.49009e+06 1.91609e+06 1.94842e+06 6.38586e+06 2.51073e+06 2.31936e+06 2.11254e+06 1.85474e+06 1.84688e+06 2.29251e+06 1.78196e+06 1.66466e+06 2.80423e+06 6.01405e+06 4.80646e+06 1.69651e+06 1.63866e+06 1.81962e+06 1.8626e+06 1.63804e+06 1.63201e+06 1.61084e+06 1.75697e+06 1.82959e+06 1.58476e+06 1.54058e+06 1.49651e+06 2.04415e+06 1.96888e+06 1.64937e+06 1.48001e+06 1.46896e+06 1.87655e+06 1.43709e+06 1.41118e+06 1.40942e+06
threshold=4245.7083333333348 6746.5000000000009 0.60464610306278399 3.4750000000000005 0.4251783111890492 2.4550000000000005 2.5450000000000004 2.1550000000000007 8383.0000000000018 0.019996816223231403 -0.29515418502202712 1454.1591851786363 11083.000000000002 0 -0.095219548163533174 6.3750000000000009 8083.6250000000009 34.500000000000007 3.3650000000000007 6467.5000000000009 4.0900000000000007 8021.0000000000009 5.7000000000000011 5.8700000000000001 5504.5000000000009 3.6750000000000003 3878.5000000000005 11734.000000000002 471.03803808401068 509.20931337257105 11178.500000000002 7513.0000000000009 2.3850000000000002 7340.5000000000009 3.0550000000000002 9829.3750000000018 6290.0000000000009 544.45818213881103 10411.500000000002 11178.500000000002 9320.0000000000018 8760.0000000000018 1.0000000180025095e-35 1005.4342130189797 8.1900000000000013 0.039033032893115473 6460.8750000000009 1509.5000000000002 10.995000000000003 286.43519925196648 6804.0000000000009 -0.32010682326873791 6388.7500000000009 7206.6250000000009 6233.5000000000009 481.55363699477556 338.89003864095099 1.8500000000000003 9208.5000000000018 7001.0000000000009 33.500000000000007 7.330000000000001
decision_type=2 2 2 2 2 2 2 2 2 2 2 2 2 1 2 2 2 2 2 2 2 2 2 2 2 2 2 2 2 2 2 2 2 2 2 2 2 2 2 2 2 2 2 2 2 2 2 2 2 2 2 2 2 2 2 2 2 2 2 2 2 2
left_child=47 21 3 5 9 6 57 -8 -9 10 51 13 -13 14 15 16 19 -16 -18 -12 -21 22 25 24 -24 26 60 28 32 -30 31 -31 -7 45 -34 46 -28 56 40 -40 41 50 43 44 -25 -27 -36 -1 49 -49 -39 -5 54 55 -38 -54 -11 -3 -59 -48 -2 -51
right_child=1 2 -4 4 -6 27 7 8 -10 37 11 12 -14 -15 17 -17 18 -19 -20 20 -22 -23 23 42 -26 33 36 -29 29 30 -32 -33 34 -35 35 -37 52 38 39 -41 -42 -43 -44 -45 -46 -47 59 48 -50 61 -52 -53 53 -55 -56 -57 -58 58 -60 -61 -62 -63
leaf_value=-2.9115712806192087 3.2371006984381654 -10.276215380827587 15.616555718421935 5.4998633179010135 -8.8705139977591383 7.7883868886076888 0.65123350205628772 7.9050749287885784 31.759532712300622 -7.2099728186925249 17.558963204875138 2.9851849613767687 -16.684126379361025 -0.67867836495468903 -1.8980098498586035 -3.0758207140546858 9.8570781525443589 11.77764653330264 27.954258361392551 12.959196077982586 -9.8886787716547655 -7.1006642447896757 2.3162935447692869 1.3326480833541359 23.187645544544345 -4.8713824699483723 0.71306134172775926 -10.698264607717825 20.120204007107279 5.2209410757399528 13.500123411236387 -3.795576213424952 -8.0885978766850055 8.9071023668561669 -7.7770850467681889 -13.630887467066447 -2.9952832034464634 13.364924753052847 -14.259029357880355 15.941264584485223 28.574952304363251 18.157581957648784 10.751331337598655 -6.7126622598679333 8.6289713103771213 -0.12342813914748514 9.363432975231655 -0.53754922359900437 9.1788507993831185 -2.3981615523795665 -0.24506557941436768 19.495452961325647 -4.993043375015259 -8.2278521758538705 -15.924867543307219 7.710336355215464 8.0267966550939231 9.3841480559772918 -6.3134885498971656 -0.46041227801815493 11.42813960434734 0.94169441524654385
leaf_weight=1107 221 30 50 51 35 46 46 34 30 30 33 33 37 251 168 33 34 46 45 30 30 83 30 698 31 431 3177 43 46 104 33 227 140 35 40 30 89 35 32 34 40 34 52 61 100 314 63 7626 43 2630 55 32 38 54 44 78 34 45 33 91 69 359
leaf_count=1107 221 30 50 51 35 46 46 34 30 30 33 33 37 251 168 33 34 46 45 30 30 83 30 698 31 431 3177 43 46 104 33 227 140 35 40 30 89 35 32 34 40 34 52 61 100 314 63 7626 43 2630 55 32 38 54 44 78 34 45 33 91 69 359
internal_value=-0.182525 1.18023 2.72677 2.43814 4.02862 0.743211 5.30812 11.3774 19.0869 4.4328 3.15244 2.28393 -7.41145 3.29688 5.56188 10.5519 13.1665 1.04162 20.1656 7.22109 1.53526 0.55031 0.66531 2.80966 12.923 0.207221 0.734597 -0.409918 0.129593 2.56687 0.348588 -0.962592 -2.30768 -2.34176 -3.58356 -0.767907 0.363646 8.01692 10.0016 1.2987 13.504 8.64235 2.13247 1.61073 2.24697 -2.87023 1.22121 -1.09621 -0.907652 -0.948511 5.04771 10.8958 -3.30003 -0.191961 -7.27274 3.54888 0.884561 -0.873564 2.74284 3.55843 5.186 -1.99702
internal_weight=19653 7888 2283 2233 1152 1081 218 110 64 1117 823 740 70 670 419 205 172 214 79 93 60 5605 5522 972 61 4550 3770 863 820 410 364 331 410 780 364 224 3480 294 230 66 164 124 911 859 798 745 194 11765 10658 10615 90 83 303 170 133 116 64 108 78 154 290 2989
internal_count=19653 7888 2283 2233 1152 1081 218 110 64 1117 823 740 70 670 419 205 172 214 79 93 60 5605 5522 972 61 4550 3770 863 820 410 364 331 410 780 364 224 3480 294 230 66 164 124 911 859 798 745 194 11765 10658 10615 90 83 303 170 133 116 64 108 78 154 290 2989
cat_boundaries=0 1
cat_threshold=20
is_linear=0
shrinkage=0.05


Tree=88
num_leaves=63
num_cat=0
split_feature=8 4 15 15 11 5 19 17 16 10 19 11 11 10 13 13 14 10 3 6 13 11 15 15 5 17 14 16 4 14 11 15 7 4 4 0 13 16 10 14 2 3 16 16 0 10 11 11 16 11 17 17 19 17 3 2 22 19 3 14 19 6
split_gain=8.8335e+06 2.7737e+06 3.06617e+06 2.2694e+06 1.78595e+06 1.87072e+06 1.72078e+06 3.26072e+06 3.49023e+06 1.94858e+06 1.87469e+06 1.70049e+06 2.20092e+06 2.64774e+06 2.33398e+06 2.96234e+06 4.60088e+06 3.95684e+06 2.1133e+06 4.33028e+06 1.91635e+06 1.71511e+06 3.03705e+06 1.72098e+06 1.9671e+06 1.67996e+06 1.65586e+06 4.69988e+06 2.88344e+06 2.45001e+06 3.98033e+06 1.98405e+06 1.62452e+06 1.50995e+06 1.50923e+06 2.40757e+06 1.49691e+06 3.05239e+06 2.05032e+06 1.51833e+06 1.80373e+06 1.50516e+06 1.4939e+06 4.99536e+06 2.37442e+06 2.05201e+06 1.78031e+06 2.47344e+06 1.54561e+06 2.25167e+06 2.05985e+06 1.59299e+06 1.46901e+06 1.58163e+06 1.4087e+06 1.37637e+06 1.36791e+06 1.33804e+06 1.83524e+06 2.21208e+06 1.32598e+06 1.66329e+06
threshold=4245.7083333333348 6746.5000000000009 0.60464610306278399 -0.34185922600604951 629.67722300029493 3878.5000000000005 4.5000000000000009 5.7900000000000009 7.1700000000000008 221.92210263090811 1.5000000000000002 535.36216493847644 556.87086958239786 518.06297870899482 2.1950000000000007 3.5450000000000004 3.2250000000000005 460.29095956743157 9160.5000000000018 9605.5000000000018 3.9850000000000008 651.02888614029507 -0.022592717171170628 -1.0000000180025095e-35 7883.5000000000009 3.6350000000000002 3.9550000000000005 3.3750000000000004 10836.000000000002 4.7150000000000007 1155.1668380063909 -0.063355372946253499 7345.3125000000009 1871.5000000000002 9320.0000000000018 8595.0000000000018 5.3050000000000006 4.3450000000000006 1056.9990431813287 5.3900000000000015 6169.5000000000009 6313.5000000000009 3.6750000000000003 3.7750000000000004 11734.000000000002 900.22391795795545 629.67722300029493 664.92717127067101 3.0250000000000004 828.1666927229611 1.9700000000000002 2.6650000000000005 7.5000000000000009 6.3750000000000009 5822.5000000000009 9853.5000000000018 3.3400000000000003 6.5000000000000009 6367.5000000000009 3.3150000000000004 5.5000000000000009 10043.875000000002
decision_type=2 2 2 2 2 2 2 2 2 2 2 2 2 2 2 2 2 2 2 2 2 2 2 2 2 2 2 2 2 2 2 2 2 2 2 2 2 2 2 2 2 2 2 2 2 2 2 2 2 2 2 2 2 2 2 2 2 2 2 2 2 2
left_child=33 4 3 -3 5 -2 7 9 -9 -7 54 34 13 -13 -14 42 -17 20 19 21 -18 22 -19 24 32 -12 60 28 -28 -29 -31 -32 -23 -1 35 -5 37 38 39 40 -6 -42 44 -44 46 -45 -16 -48 49 51 -50 -49 57 -54 56 -36 -11 58 -8 -60 -20 -62
right_child=1 2 -4 11 36 6 52 8 -10 10 25 12 14 -15 15 16 17 18 26 -21 -22 23 -24 -25 -26 -27 27 29 -30 30 31 -33 -34 -35 55 -37 -38 -39 -40 -41 41 -43 43 45 -46 -47 47 48 50 -51 -52 -53 53 -55 -56 -57 -58 -59 59 -61 61 -63
leaf_value=-2.1989320986674343 4.8221703610876032 15.135078127243942 14.835728254318239 -0.3643803528968026 -0.5973378613337198 7.9658399277925502 -0.95757158234002893 22.983143973350526 1.2576427777608237 -13.571173919119486 2.6712484903910205 1.9849184520104353 12.120524471314226 21.866378419327017 -7.3273884725570682 18.712699892474159 23.928213730653127 4.866035737991333 1.0937896905943405 17.33987540458811 7.6138234678904215 -0.075945905276707248 -15.799990229308605 10.52309802403817 -7.636742245457893 -4.3458195149271113 3.4937250791277203 -13.316416367292405 24.618291028340661 10.772503259222388 -10.791354689747095 4.619888133002866 13.425470490069003 -0.76420668529099733 13.104267785355852 -14.191495508306168 1.1378542133567524 -7.8783398128288953 9.4816152818824939 7.9366328221995666 -12.164839894430978 -2.1253245878219604 20.552440414428713 -3.6169673386628065 -14.473726194045122 8.4827073321050541 11.824631258303469 1.379624081320233 5.9581899636983877 -2.8677661328088671 -6.9493949732359726 15.877417306900027 1.3744915730639669 -8.4798858097621377 3.6361451043023005 -1.178447243475145 -2.8967850649995466 -4.0232360789994219 17.77281367301941 -0.98676073063503622 -2.2522643739526926 -18.127202295534541
leaf_weight=2273 306 34 50 425 528 110 711 38 36 41 835 34 61 33 85 51 30 40 43 58 45 56 32 78 43 95 35 40 30 59 64 31 37 9492 37 34 543 187 46 41 70 80 35 123 34 49 44 36 40 84 136 40 1334 42 54 31 112 333 30 33 33 33
leaf_count=2273 306 34 50 425 528 110 711 38 36 41 835 34 61 33 85 51 30 40 43 58 45 56 32 78 43 95 35 40 30 59 64 31 37 9492 37 34 543 187 46 41 70 80 35 123 34 49 44 36 40 84 136 40 1334 42 54 31 112 333 30 33 33 33
internal_value=-0.173416 1.12118 2.59028 2.31609 0.522795 1.06109 0.758538 2.21651 12.414 1.61137 0.996599 2.11788 2.89849 11.7773 2.52785 2.14886 4.15908 3.21597 2.0653 4.88275 14.1396 2.35648 -4.31886 4.60239 1.20669 1.95445 -0.568395 1.60741 13.2435 -2.29128 0.572387 -5.76242 5.29559 -1.0414 -0.358722 -1.38861 -0.957055 -2.15195 -0.752161 -1.40689 -1.97192 -6.81043 -0.237208 3.33382 -1.71858 -0.169967 -0.785943 0.677275 -0.782498 2.77419 -4.01585 9.01004 -0.0171297 1.0737 -3.30679 6.59303 -5.75724 -1.37303 -0.232832 7.94637 -5.73844 -10.1897
internal_weight=19653 7888 2283 2233 5605 4110 3804 1321 74 1247 1137 2199 1672 67 1605 1544 838 787 712 344 75 286 72 214 136 930 368 259 65 194 154 95 93 11765 527 459 1495 952 765 719 678 150 706 207 499 172 465 380 336 160 176 76 2483 1376 207 68 153 1107 774 63 109 66
internal_count=19653 7888 2283 2233 5605 4110 3804 1321 74 1247 1137 2199 1672 67 1605 1544 838 787 712 344 75 286 72 214 136 930 368 259 65 194 154 95 93 11765 527 459 1495 952 765 719 678 150 706 207 499 172 465 380 336 160 176 76 2483 1376 207 68 153 1107 774 63 109 66
is_linear=0
shrinkage=0.05


Tree=89
num_leaves=63
num_cat=5
split_feature=24 25 25 1 14 2 18 9 4 16 9 9 12 18 12 18 4 10 18 18 16 2 4 18 18 8 11 10 8 3 1 16 18 13 12 18 4 0 16 13 16 12 9 2 3 14 10 9 9 14 10 24 18 2 2 12 10 13 19 16 24 18
split_gain=8.13252e+06 3.18036e+06 2.57721e+06 3.12254e+06 2.012e+06 2.65111e+06 1.92384e+06 1.79514e+06 1.75794e+06 3.2163e+06 1.92916e+06 2.93356e+06 1.78417e+06 2.9253e+06 2.14273e+06 1.82079e+06 1.71076e+06 1.65492e+06 1.54958e+06 1.88055e+06 1.89272e+06 1.76907e+06 2.08252e+06 2.73752e+06 1.52632e+06 1.53379e+06 1.56558e+06 2.69201e+06 1.5086e+06 2.08634e+06 4.53093e+06 3.36508e+06 2.81165e+06 2.60359e+06 3.39571e+06 2.43007e+06 2.25653e+06 2.78898e+06 2.6553e+06 2.03678e+06 2.89923e+06 1.79539e+06 1.73269e+06 1.90671e+06 1.68489e+06 1.71936e+06 1.53685e+06 2.25167e+06 2.40301e+06 2.5623e+06 1.52181e+06 1.50313e+06 2.10691e+06 1.89945e+06 2.49393e+06 1.47206e+06 1.46002e+06 1.43243e+06 1.50021e+06 2.53863e+06 4.20235e+06 2.74332e+06
threshold=0 1 2 13053.500000000002 2.5650000000000004 6169.5000000000009 47.500000000000007 311.95873106202072 10296.000000000002 3.8650000000000007 573.33316560497599 396.32199541265214 3.3050000000000002 25.500000000000004 3.4050000000000007 31.500000000000004 6487.5000000000009 542.91704674150401 42.500000000000007 18.500000000000004 4.3450000000000006 5333.5000000000009 4960.5000000000009 46.500000000000007 3.5000000000000004 6264.1250000000009 1117.3797887098003 787.26211813578163 6834.791666666667 9160.5000000000018 10411.500000000002 4.955000000000001 11.500000000000002 7.285000000000001 6.4750000000000005 41.500000000000007 9801.0000000000018 7930.0000000000009 2.8750000000000004 3.6650000000000005 3.5950000000000002 2.2250000000000005 806.69177793695769 8547.0000000000018 6837.5000000000009 3.5350000000000006 1056.9990431813287 706.97558773770209 661.73634984214493 3.9550000000000005 626.76721573217901 3 47.500000000000007 3689.5000000000005 3015.5000000000005 6.3750000000000009 501.90621417085566 7.330000000000001 1.5000000000000002 4.7150000000000007 4 49.500000000000007
decision_type=1 1 1 2 2 2 2 2 2 2 2 2 2 2 2 2 2 2 2 2 2 2 2 2 2 2 2 2 2 2 2 2 2 2 2 2 2 2 2 2 2 2 2 2 2 2 2 2 2 2 2 1 2 2 2 2 2 2 2 2 1 2
left_child=2 18 3 4 7 6 56 -1 12 10 11 -10 13 -7 -14 -15 -9 -17 19 20 -2 22 51 -24 -16 -26 27 -27 44 30 33 32 -31 34 35 36 37 39 -39 41 -41 -30 43 50 46 -46 47 48 -4 -50 -37 52 -20 54 -54 -33 -6 58 -3 -60 61 -61
right_child=1 57 28 -5 5 8 -8 16 9 -11 -12 -13 14 15 24 17 -18 -19 21 -21 -22 -23 23 -25 25 26 -28 -29 29 31 -32 55 -34 -35 -36 42 -38 38 -40 40 -42 -43 -44 -45 45 -47 -48 -49 49 -51 -52 -53 53 -55 -56 -57 -58 -59 59 60 -62 -63
leaf_value=5.4371340711911529 2.5776465750562667 0.85036761850627607 0.52523011103158057 16.188603492312961 2.6803541653496881 3.2768157356044401 17.60517218239783 -13.400132404674185 -3.3754641598270787 20.637277351726187 -2.9673334190339755 16.356934830546379 13.149399753676519 -16.199180666425011 -7.1453995899720626 4.291529056761 -1.0980865496623364 -10.86927285724216 0.31283548593521121 -1.3006319045545669 -0.55619142476395711 -10.066532865365346 0.77953803770003782 21.966677608489992 -7.1655468600136905 2.6165781584550754 -5.7594381435497395 14.856515003453223 11.847107452154161 15.727684599161149 21.59890400592019 -3.7225792407989502 0.35636141016269129 13.278845070956047 -11.448315322953603 1.8818109136157568 13.364818048477174 -17.493150095785818 -1.5048410722240808 14.086688454485524 -1.3856328338384629 -1.3149204597818225 -1.0882329998594342 22.46777436041063 1.5361992166592526 -10.327512119911813 10.320722643954632 -3.7216621152865579 1.2499356721576893 20.620247773201235 16.278727389920146 0.31837777296081188 16.637664323534285 20.675134426752727 -0.37626261540821626 -17.097793747319116 10.479991205760411 0.90636383561683553 -1.564182021077908 -12.470213802896929 -1.6176333247028158 -1.7144739947304495
leaf_weight=54 849 527 3322 45 140 107 42 44 31 33 66 48 45 44 44 36 79 36 115 2334 1114 30 31 30 35 212 37 57 30 32 34 48 423 57 43 45 38 31 160 82 48 190 33 31 52 74 39 312 38 31 31 630 35 30 56 36 105 560 5919 214 497 82
leaf_count=54 849 527 3322 45 140 107 42 44 31 33 66 48 45 44 44 36 79 36 115 2334 1114 30 31 30 35 212 37 57 30 32 34 48 423 57 43 45 38 31 160 82 48 190 33 31 52 74 39 312 38 31 31 630 35 30 56 36 105 560 5919 214 497 82
internal_value=-0.164746 -0.887735 1.26456 3.21667 2.79075 3.57493 7.718 -2.16243 2.14405 6.54876 3.34241 8.61384 0.943376 -2.68585 2.82551 -8.18589 -5.49882 -3.28887 0.0637461 -0.341366 0.799198 1.8834 2.27012 11.1994 1.61882 2.74968 3.88378 5.21017 0.762092 2.17506 3.7138 -0.26007 1.43742 2.97131 2.20028 3.01653 1.58718 0.759915 -4.0998 3.41193 8.37383 0.479902 8.92794 12.017 0.255568 -5.43138 0.447058 0.343068 0.717057 9.95254 7.75424 1.64115 4.9491 9.76448 6.16756 -9.45481 6.02306 -1.52799 -1.71841 -1.92011 -4.57674 -9.18043
internal_weight=19653 13053 6600 1340 1295 1118 287 177 831 178 145 79 653 223 430 116 123 72 5254 4297 1963 957 927 61 385 341 306 269 5260 1392 853 539 455 819 762 719 579 541 191 350 130 220 140 107 3868 126 3742 3703 3391 69 76 866 236 121 91 84 245 7799 7239 6712 793 296
internal_count=19653 13053 6600 1340 1295 1118 287 177 831 178 145 79 653 223 430 116 123 72 5254 4297 1963 957 927 61 385 341 306 269 5260 1392 853 539 455 819 762 719 579 541 191 350 130 220 140 107 3868 126 3742 3703 3391 69 76 866 236 121 91 84 245 7799 7239 6712 793 296
cat_boundaries=0 1 2 3 4 5
cat_threshold=2241 20 16 20 28
is_linear=0
shrinkage=0.05


Tree=90
num_leaves=63
num_cat=0
split_feature=8 8 10 13 2 13 13 17 18 16 15 12 16 16 12 9 14 13 16 14 12 18 1 16 18 12 16 17 8 16 18 11 13 5 16 13 16 13 11 7 15 15 6 1 16 12 9 5 9 16 4 12 18 11 11 5 14 15 9 17 4 12
split_gain=8.32178e+06 2.31527e+06 2.0679e+06 1.87096e+06 2.43161e+06 2.46515e+06 1.83789e+06 1.83555e+06 5.98466e+06 4.94671e+06 4.29634e+06 3.92327e+06 3.85192e+06 3.13363e+06 2.98922e+06 2.53021e+06 2.70798e+06 2.19991e+06 2.91919e+06 1.99437e+06 1.99218e+06 1.82877e+06 1.82592e+06 3.02184e+06 1.79141e+06 2.23464e+06 1.76176e+06 4.61457e+06 7.04035e+06 2.82379e+06 3.02212e+06 4.04557e+06 3.7821e+06 2.79837e+06 2.27332e+06 2.09105e+06 4.73268e+06 4.0905e+06 3.76947e+06 2.86927e+06 4.45702e+06 2.77563e+06 2.67196e+06 2.34241e+06 1.9713e+06 3.7597e+06 3.12165e+06 3.104e+06 2.74677e+06 1.82963e+06 1.99853e+06 1.79772e+06 1.78862e+06 1.76656e+06 3.40827e+06 1.76433e+06 1.74396e+06 1.74302e+06 1.71987e+06 2.07328e+06 1.70598e+06 1.61888e+06
threshold=4420.0416666666679 7228.1250000000009 481.2649620776038 7.330000000000001 5791.5000000000009 8.3150000000000031 6.8850000000000007 4.8550000000000013 3.5000000000000004 7.1000000000000005 0.097724230254348343 6.660000000000001 4.955000000000001 7.455000000000001 5.4900000000000011 303.8598211399721 8.9250000000000025 5.8700000000000001 6.4750000000000005 6.0850000000000009 7.3000000000000007 51.500000000000007 13053.500000000002 4.6150000000000011 1.5000000000000002 5.995000000000001 9.5650000000000031 6.7650000000000015 10020.625000000002 4.7150000000000007 12.500000000000002 840.67021162274193 4.410000000000001 9407.5000000000018 3.9950000000000006 3.4750000000000005 2.1550000000000007 3.5350000000000006 658.24595585178315 9549.3750000000018 -0.07453518617091566 0.015157432828277053 11536.750000000002 10676.500000000002 3.6350000000000002 2.6650000000000005 552.20277854349843 8360.5000000000018 466.43282760912575 3.8350000000000004 8127.5000000000009 6.1950000000000012 20.500000000000004 734.13398498707591 927.54013843235236 10418.500000000002 6.1950000000000012 -0.071600712036151246 404.9357446632452 8.1900000000000013 2178.5000000000005 9.5750000000000011
decision_type=2 2 2 2 2 2 2 2 2 2 2 2 2 2 2 2 2 2 2 2 2 2 2 2 2 2 2 2 2 2 2 2 2 2 2 2 2 2 2 2 2 2 2 2 2 2 2 2 2 2 2 2 2 2 2 2 2 2 2 2 2 2
left_child=7 2 -2 6 5 -5 -4 15 9 11 13 24 -12 20 -14 60 -17 21 -19 -13 -10 -16 26 -24 25 -9 27 29 33 30 31 -3 35 -29 -33 42 -37 -38 57 41 -41 -40 43 44 46 47 48 -46 52 50 -47 53 -32 -31 -55 -45 -11 -39 -6 -60 -1 -20
right_child=1 22 3 4 58 -7 -8 8 10 56 12 19 14 -15 17 16 -18 18 61 -21 -22 -23 23 -25 -26 -27 -28 28 -30 51 32 34 -34 -35 -36 36 37 38 39 40 -42 -43 -44 55 45 49 -48 -49 -50 -51 -52 -53 -54 54 -56 -57 -58 -59 59 -61 -62 -63
leaf_value=-1.6062461565793573 1.7448739892977525 25.067248395971351 -0.46511069450795506 21.239841432124379 9.2954936056426085 4.5609480652544239 -9.3453770457208147 10.01204470952352 -4.3460356671448954 -11.316073437740929 -13.777864924599143 29.485991593669446 17.933511869346397 -11.459695905740144 0.71617954254150396 -2.6533574568961877 8.7778363718176795 17.795807015268426 -0.93193909645080564 11.79862212787072 5.1068756238619493 -13.272825446634583 -14.420488708897643 6.8074486843744912 10.552089554922922 -8.7104574876673091 -6.6887941853944639 15.9578604499499 34.124726141293841 -7.8121088275909436 10.957133640303757 13.120246845636613 -11.441158511218701 -2.9373044524081919 -4.4326752914701189 24.406455444567133 21.350129500557397 5.3692637927988747 8.3116166056656251 17.187425815697875 -4.6917390648322774 26.085901139577231 -9.6840684687837637 3.9320679532720693 4.6677289191881819 -2.6211376049121222 -5.5449820584799543 27.412690078417462 13.988657216479382 -3.9345778096467257 14.450845873355867 -11.69794626235962 -1.9740142252428314 15.692684503503749 -3.602398149172465 18.420751591732628 2.8339365174957352 -6.1341231080618774 -9.9131079016060681 4.9955663962241932 -0.10605233348869494 7.806991230923197
leaf_weight=2709 3012 37 2015 32 33 72 60 30 217 38 34 34 34 122 80 2305 53 38 125 30 75 33 38 30 112 34 43 36 30 50 33 39 44 43 35 33 34 47 82 33 79 30 47 47 30 30 174 30 48 80 40 44 141 37 60 38 51 110 58 39 6307 92
leaf_count=2709 3012 37 2015 32 33 72 60 30 217 38 34 34 34 122 80 2305 53 38 125 30 75 33 38 30 112 34 43 36 30 50 33 39 44 43 35 33 34 47 82 33 79 30 47 47 30 30 174 30 48 80 40 44 141 37 60 38 51 110 58 39 6307 92
internal_value=0.0293142 1.40094 0.881849 -0.243932 3.99436 9.69292 -0.721889 -0.743527 1.1344 6.86031 -1.08186 10.5938 2.38205 -4.72985 3.74881 -0.938189 -2.39642 2.43827 5.01173 21.195 -1.91806 -3.36911 2.97745 -5.05522 6.73886 0.0657154 3.30181 3.5636 13.5039 2.85636 3.6665 11.5679 2.95345 5.67315 4.81819 3.48748 6.18211 4.73295 3.25005 7.41369 1.7548 13.0726 1.85172 2.63635 1.54608 5.46212 -0.530611 16.0402 3.39957 1.23089 7.13428 -2.83157 0.478445 -0.177687 3.75758 10.4094 -3.20764 -2.69043 -0.564476 -3.9189 -0.556809 2.77305
internal_weight=19626 7073 5321 2309 234 104 2075 12553 1179 329 850 240 436 414 402 11374 2358 368 255 64 292 113 1752 68 176 64 1684 1641 109 1532 1341 111 1230 79 74 1186 448 415 381 224 112 112 738 691 606 210 396 60 222 150 70 191 174 147 97 85 89 157 130 97 9016 217
internal_count=19626 7073 5321 2309 234 104 2075 12553 1179 329 850 240 436 414 402 11374 2358 368 255 64 292 113 1752 68 176 64 1684 1641 109 1532 1341 111 1230 79 74 1186 448 415 381 224 112 112 738 691 606 210 396 60 222 150 70 191 174 147 97 85 89 157 130 97 9016 217
is_linear=0
shrinkage=0.05


Tree=91
num_leaves=63
num_cat=1
split_feature=8 8 10 5 24 15 1 15 8 14 13 16 13 14 11 13 14 16 13 3 17 12 13 0 17 21 15 13 16 12 14 15 16 9 14 15 12 7 5 12 16 13 6 1 13 8 16 16 5 13 7 14 14 17 17 14 4 13 10 12 4 11
split_gain=7.51041e+06 2.08953e+06 1.86628e+06 1.6914e+06 1.85219e+06 1.83617e+06 1.78928e+06 1.7704e+06 4.49951e+06 3.34188e+06 3.29912e+06 6.67502e+06 4.80595e+06 5.25487e+06 2.52264e+06 4.96886e+06 2.49189e+06 2.1302e+06 1.68854e+06 1.97954e+06 1.70431e+06 1.97112e+06 1.6587e+06 1.69908e+06 1.65658e+06 4.70948e+06 2.74921e+06 4.16142e+06 5.57462e+06 4.46674e+06 3.57795e+06 3.28782e+06 3.09016e+06 2.28352e+06 2.44396e+06 1.98889e+06 1.83284e+06 1.6186e+06 1.59925e+06 1.52725e+06 1.50419e+06 1.50355e+06 2.06709e+06 1.62096e+06 1.4578e+06 2.66873e+06 1.50577e+06 1.54475e+06 1.45607e+06 1.74379e+06 1.40306e+06 2.2154e+06 2.648e+06 1.90648e+06 1.64426e+06 1.5589e+06 1.3545e+06 1.70552e+06 1.6361e+06 1.44555e+06 1.8769e+06 1.49897e+06
threshold=4420.0416666666679 7228.1250000000009 481.2649620776038 6417.5000000000009 0 -0.10968980662941441 7659.0000000000009 0.019996816223231403 10822.083333333336 3.0850000000000004 3.4850000000000008 6.4750000000000005 4.245000000000001 3.4950000000000006 499.45289713668484 3.0350000000000006 5.8700000000000001 7.455000000000001 7.330000000000001 6009.5000000000009 6.705000000000001 7.3000000000000007 6.8850000000000007 6296.5000000000009 4.8550000000000013 1.0000000180025095e-35 0.23595118267385309 6.4450000000000012 5.9850000000000012 6.1950000000000012 3.3950000000000005 0.54809905824903982 7.3900000000000015 303.8598211399721 8.9250000000000025 -0.13753363029133442 6.5700000000000012 2035.7500000000002 957.50000000000011 7.4350000000000014 2.9350000000000005 9.1650000000000009 6000.8750000000009 6345.5000000000009 6.3750000000000009 5943.7083333333339 4.2650000000000006 4.1450000000000005 5933.5000000000009 2.9450000000000007 6176.0625000000009 4.0150000000000006 3.5550000000000002 4.1250000000000009 3.6750000000000003 4.6250000000000009 6820.5000000000009 6.0150000000000015 534.42605035441818 3.1550000000000007 6087.5000000000009 618.67687493428014
decision_type=2 2 2 2 1 2 2 2 2 2 2 2 2 2 2 2 2 2 2 2 2 2 2 2 2 2 2 2 2 2 2 2 2 2 2 2 2 2 2 2 2 2 2 2 2 2 2 2 2 2 2 2 2 2 2 2 2 2 2 2 2 2
left_child=24 2 -2 -3 5 -5 -7 14 10 -10 -9 12 13 -12 15 -6 -13 -16 22 20 21 -20 44 -24 33 26 32 29 -29 37 -31 -30 35 38 -35 39 -27 -28 -1 -26 -15 42 -22 -43 46 -46 47 48 50 -50 54 52 -52 -53 55 -4 57 58 -48 -60 61 -61
right_child=1 3 18 4 7 6 -8 8 9 -11 11 16 -14 40 17 -17 -18 -19 19 -21 41 -23 23 -25 25 36 27 28 31 30 -32 -33 -34 34 -36 -37 -38 -39 -40 -41 -42 43 -44 -45 45 -47 56 -49 49 -51 51 53 -54 -55 -56 -57 -58 -59 59 60 -62 -63
leaf_value=-5.5474901307278728 1.6576302811117527 10.619508031588882 0.34904485801176266 16.043033411026002 25.210419292449952 9.6974962436546726 -4.2140924543142324 -2.2087230512698492 4.1168575215846941 22.430653152825698 22.632376774268991 -12.709474125775424 26.638323806126916 5.7133722528815269 -0.65823025076273356 1.0870141465921659 3.5304942495682661 12.900296824773154 19.247003302574157 -7.3590608610826385 5.6393846527222671 2.2925018692016601 -0.46414185365041094 -17.292074247996013 -4.5523395035914715 6.9235267989936915 -2.0217553976810341 22.091603543208198 -0.3076840948175501 -21.107977589693938 -2.8063592197213856 15.85903429287236 -7.3782301987834913 -2.520689585062927 8.338944488201502 4.6859560979264128 21.255455907185876 11.540373182296754 -0.44060662961397823 7.6378684449195866 -9.8707447433471689 -1.3780819360415142 -12.77143441518148 14.081145993257181 0.26523411077611586 17.018393236218078 -13.575262194413407 7.1675521074046564 -8.257480183400606 -0.74711541265249259 5.8780382000264666 20.956176727048813 -9.2634238763289023 3.4205889132715046 -4.3152776245516966 12.012488206227621 6.8088365197181702 5.0505623035746714 6.4475063820679983 3.3902450014548053 -16.485000490769746 -5.9048134375796764
leaf_weight=156 3012 67 636 50 30 59 38 225 47 53 34 44 45 32 843 74 51 30 40 34 31 30 30 30 179 87 33 52 135 33 140 41 199 2305 53 154 30 66 8860 30 30 30 30 39 85 33 52 71 114 240 84 31 44 31 198 30 30 44 30 58 32 172
leaf_count=156 3012 67 636 50 30 59 38 225 47 53 34 44 45 32 843 74 51 30 40 34 31 30 30 30 179 87 33 52 135 33 140 41 199 2305 53 154 30 66 8860 30 30 30 30 39 85 33 52 71 114 240 84 31 44 31 198 30 30 44 30 58 32 172
internal_value=0.0278485 1.33089 0.837757 2.82858 2.51879 7.73356 4.2476 1.95736 4.20878 13.8232 2.12322 6.25326 13.1555 6.83548 0.684619 8.04569 -3.99118 -0.192301 -0.231736 3.79465 5.69078 11.9808 -0.685795 -8.87811 -0.706351 1.07768 0.0287912 2.72588 7.7081 -1.45039 -6.29742 3.45843 -2.37075 -0.891279 -2.2766 0.374393 10.5984 7.01966 -0.528969 -2.80255 -1.82733 2.30385 -3.41512 7.35974 -0.441855 4.95044 -0.777275 -0.0283825 -0.391246 -3.16571 0.540594 4.43076 0.673161 12.1884 -0.314882 0.874425 -3.42706 -4.2185 -5.40408 -3.94893 -5.13937 -3.56084
internal_weight=19626 7073 5321 1752 1685 147 97 1538 561 100 461 236 141 96 977 104 95 873 2309 234 200 70 2075 60 12553 1179 1062 500 228 272 173 176 562 11374 2358 363 117 99 9016 209 62 130 61 69 2015 118 1897 1479 1408 354 1054 190 128 62 864 666 418 388 344 292 262 230
internal_count=19626 7073 5321 1752 1685 147 97 1538 561 100 461 236 141 96 977 104 95 873 2309 234 200 70 2075 60 12553 1179 1062 500 228 272 173 176 562 11374 2358 363 117 99 9016 209 62 130 61 69 2015 118 1897 1479 1408 354 1054 190 128 62 864 666 418 388 344 292 262 230
cat_boundaries=0 1
cat_threshold=64
is_linear=0
shrinkage=0.05


Tree=92
num_leaves=63
num_cat=6
split_feature=4 15 13 4 13 1 25 18 24 16 16 18 24 16 15 15 12 13 14 24 25 14 4 3 11 11 10 10 16 5 9 4 16 4 12 9 9 3 9 13 18 13 9 4 5 3 15 18 24 11 13 12 18 15 3 10 18 10 1 10 1 13
split_gain=6.73166e+06 1.95271e+06 3.41794e+06 2.64759e+06 1.88974e+06 2.0741e+06 1.95095e+06 2.29972e+06 5.23605e+06 4.26996e+06 2.64367e+06 2.18052e+06 3.29449e+06 2.91965e+06 3.00402e+06 2.96635e+06 2.10395e+06 2.04713e+06 2.02636e+06 1.96086e+06 1.78169e+06 1.80355e+06 2.26292e+06 4.22316e+06 2.79101e+06 1.78612e+06 2.1599e+06 1.9444e+06 2.20864e+06 2.15642e+06 1.75951e+06 2.35148e+06 1.74501e+06 1.70522e+06 1.63755e+06 1.61455e+06 1.61296e+06 2.28514e+06 2.26838e+06 1.57744e+06 1.55069e+06 1.54004e+06 1.53219e+06 2.01009e+06 1.60746e+06 1.85639e+06 1.50699e+06 1.45971e+06 3.00272e+06 1.62083e+06 1.45161e+06 1.43242e+06 1.43162e+06 1.42227e+06 1.40468e+06 1.40297e+06 2.81646e+06 2.32553e+06 1.48028e+06 1.35362e+06 1.50249e+06 1.33143e+06
threshold=4702.5000000000009 0.64205929335021095 4.6250000000000009 5853.5000000000009 7.330000000000001 6345.5000000000009 0 4.5000000000000009 1 5.1800000000000006 6.1550000000000002 44.500000000000007 2 5.6500000000000012 0.15778968379031419 0.084710492952601427 6.705000000000001 5.7900000000000009 6.4750000000000005 3 4 3.0950000000000002 10836.000000000002 11682.500000000002 489.03383024062458 887.71003892986232 505.76331096023523 348.96863345990647 3.4950000000000006 5490.5000000000009 303.8598211399721 6968.5000000000009 3.6450000000000005 9550.0000000000018 3.6450000000000005 325.04326600182486 447.93554223237965 4677.5000000000009 392.35883862728565 3.5050000000000003 9.5000000000000018 7.4750000000000005 284.60791719397872 3845.5000000000005 4131.5000000000009 3644.5000000000005 0.4251783111890492 48.500000000000007 5 362.81255232552991 4.8550000000000013 7.2650000000000006 23.500000000000004 -0.0043021993486389524 3040.5000000000005 368.99592281830576 16.500000000000004 339.13428384294406 5504.5000000000009 391.33131276477405 10995.000000000002 3.2850000000000006
decision_type=2 2 2 2 2 2 1 2 1 2 2 2 1 2 2 2 2 2 2 1 1 2 2 2 2 2 2 2 2 2 2 2 2 2 2 2 2 2 2 2 2 2 2 2 2 2 2 2 1 2 2 2 2 2 2 2 2 2 2 2 2 2
left_child=4 20 39 -4 6 40 11 8 9 35 -11 19 13 14 15 -13 42 51 -19 53 21 25 24 -24 36 26 27 29 52 -2 31 -26 -21 -27 -25 -8 37 -23 55 -3 41 -6 43 44 -9 -46 -43 -44 -49 61 -10 -12 -29 -1 -20 57 -57 58 -39 -32 -61 -50
right_child=1 2 3 -5 5 -7 7 16 50 10 17 12 -14 -15 -16 -17 -18 18 54 32 -22 22 23 34 30 33 -28 28 -30 -31 59 -33 -34 -35 -36 -37 -38 38 -40 -41 -42 46 47 -45 45 -47 -48 48 49 -51 -52 -53 -54 -55 -56 56 -58 -59 -60 60 -62 -63
leaf_value=0.4910712438008627 1.7987017531303842 7.5685275000494885 4.5735427578290304 24.685538886653053 6.6404832180510169 11.709058234032165 26.969385456244154 -0.45452313538090999 3.8994287531090599 -5.4303424895893446 7.1412749864373897 1.8436546797483739 -3.1407327222070136 15.672916808782839 -8.8279748348479572 16.833205802080244 -6.1146484065714271 18.980198532342911 -1.3864029053279332 -2.1883275245596407 0.64062639997447957 -3.360478003715214 20.8688547207759 -6.0596354224465117 2.399730937058727 14.856051839590073 -4.0934752410331381 10.731702670818422 16.009683599919082 -9.1516369581222534 -8.3853186538484366 16.532156015053776 -5.7233737011848413 0.25632104098796848 9.6919998515735983 11.705232167825466 0.73808204981745507 12.976745387334979 21.609669253485546 -6.6711693083367694 10.487508100125849 0.40039742178493348 -1.9786916396993335 1.5184906811904662 -16.749674001047691 -2.7779523882211428 -8.8039500199733904 -3.9835656535518065 -3.6870160844590929 14.886512875070379 -2.428656973293172 -7.4951072737574584 -0.24250416910206832 -2.9802962484991622 13.229191435537031 15.025930536946943 -3.7588748582173142 23.363560996055604 1.5963764658514059 1.4286768599794906 -7.6497542674541483 10.008354308264597
leaf_weight=722 157 37 30 36 94 47 30 4364 117 55 35 142 241 51 47 43 172 48 35 818 3864 38 52 33 120 40 243 41 40 63 45 39 609 40 33 41 98 62 35 41 41 826 2198 1455 31 102 47 101 36 49 402 32 108 499 31 31 56 30 53 515 50 35
leaf_count=722 157 37 30 36 94 47 30 4364 117 55 35 142 241 51 47 43 172 48 35 818 3864 38 52 33 120 40 243 41 40 63 45 39 609 40 33 41 98 62 35 41 41 826 2198 1455 31 102 47 101 36 49 402 32 108 499 31 31 56 30 53 515 50 35
internal_value=0.0264561 1.41693 7.16947 15.5437 -0.590236 1.44214 -0.761208 -0.396611 2.12224 7.17053 4.16976 -1.83108 1.11013 4.67587 2.45997 5.32771 -0.640616 7.08691 11.1634 -2.42002 1.27619 2.47534 3.61245 10.2123 2.94797 0.505219 -0.359931 1.85829 5.57776 -1.33708 1.18162 5.86617 -3.67125 7.55619 1.81618 18.1549 6.31849 8.11154 9.74426 0.0835587 0.963428 0.559615 -0.528141 -0.0968962 -0.619553 -6.03452 -0.0951402 -1.58923 2.28427 7.28461 -0.983151 0.150764 2.77724 -0.920077 5.4785 7.95422 2.93456 10.966 7.73188 -0.0394401 0.625276 3.06422
internal_weight=19626 6030 144 66 13596 1055 12541 9369 826 307 236 3172 524 283 232 185 8543 181 114 2648 5886 2022 1290 118 1172 732 652 409 189 220 769 159 1427 80 66 71 403 305 267 78 1008 967 8371 5952 4497 133 873 2419 221 120 519 67 149 1221 66 232 87 145 115 610 565 71
internal_count=19626 6030 144 66 13596 1055 12541 9369 826 307 236 3172 524 283 232 185 8543 181 114 2648 5886 2022 1290 118 1172 732 652 409 189 220 769 159 1427 80 66 71 403 305 267 78 1008 967 8371 5952 4497 133 873 2419 221 120 519 67 149 1221 66 232 87 145 115 610 565 71
cat_boundaries=0 1 2 3 4 5 6
cat_threshold=8 2074 2142 1984 16 960
is_linear=0
shrinkage=0.05


Tree=93
num_leaves=63
num_cat=4
split_feature=4 15 13 12 17 25 4 16 18 9 15 9 14 13 24 11 17 16 12 13 2 17 17 18 18 17 18 12 24 0 15 4 16 16 15 18 4 2 19 16 10 7 9 11 0 10 2 14 17 18 25 17 9 11 10 10 0 13 18 4 10 11
split_gain=5.96821e+06 2.99304e+06 4.2847e+06 4.30201e+06 2.7284e+06 2.25493e+06 3.1692e+06 4.2169e+06 4.09287e+06 2.00324e+06 1.94511e+06 3.13434e+06 1.85903e+06 1.61662e+06 2.20946e+06 2.21434e+06 4.44826e+06 3.48058e+06 3.7301e+06 3.93692e+06 3.24799e+06 1.75847e+06 1.75224e+06 1.7501e+06 1.64683e+06 1.7169e+06 3.07287e+06 3.89917e+06 1.57476e+06 2.02819e+06 1.47208e+06 1.52188e+06 1.45505e+06 1.34467e+06 1.62402e+06 1.344e+06 2.59248e+06 3.71679e+06 1.32351e+06 1.40276e+06 1.29806e+06 1.97872e+06 3.04072e+06 1.51277e+06 2.76162e+06 1.6791e+06 1.36921e+06 1.25195e+06 1.77228e+06 2.24689e+06 1.33008e+06 1.28207e+06 1.22012e+06 1.20189e+06 1.89345e+06 2.09925e+06 2.233e+06 2.02692e+06 2.74945e+06 2.01253e+06 1.94398e+06 1.89756e+06
threshold=4702.5000000000009 0.58225785601172098 4.6250000000000009 7.7600000000000007 5.6550000000000002 0 11640.500000000002 3.0750000000000006 18.500000000000004 1358.5763117382219 0.3366357751733467 566.31997824792541 3.3750000000000004 3.9850000000000008 1 373.0585233670401 4.8550000000000013 5.3050000000000006 5.9650000000000007 6.8050000000000006 2203.5000000000005 6.1950000000000012 6.8050000000000006 51.500000000000007 42.500000000000007 3.6050000000000004 47.500000000000007 4.1450000000000005 2 4487.5000000000009 0.3366357751733467 3042.5000000000005 6.6750000000000007 7.7650000000000015 -0.19688424769528623 4.5000000000000009 8302.0000000000018 5744.5000000000009 1.5000000000000002 5.1800000000000006 288.2413422961348 5963.6250000000009 262.52158621749692 388.6277918039188 4552.5000000000009 346.72563778467526 5438.5000000000009 3.6350000000000002 3.0350000000000006 46.500000000000007 3 3.1650000000000005 172.19344708779212 887.71003892986232 567.23661792963082 339.13428384294406 6138.5000000000009 2.5450000000000004 22.500000000000004 6180.5000000000009 441.98508175742785 588.22513598496755
decision_type=2 2 2 2 2 1 2 2 2 2 2 2 2 2 1 2 2 2 2 2 2 2 2 2 2 2 2 2 1 2 2 2 2 2 2 2 2 2 2 2 2 2 2 2 2 2 2 2 2 2 1 2 2 2 2 2 2 2 2 2 2 2
left_child=13 5 4 -4 -3 6 9 -8 -9 12 35 -12 53 21 -15 16 -16 20 -19 -20 -18 24 30 -23 28 47 -27 52 -1 -30 31 38 -29 34 -24 36 37 -7 -17 -40 41 -37 -43 44 -42 -46 -47 48 50 -50 -26 -49 -28 54 55 56 -2 -57 -59 60 -60 -61
right_child=1 2 3 -5 -6 10 7 8 -10 -11 11 -13 -14 14 15 22 17 18 19 -21 -22 23 33 -25 25 26 27 32 29 -31 -32 -33 -34 -35 -36 40 -38 -39 39 -41 43 42 -44 -45 45 46 -48 51 49 -51 -52 -53 -54 -55 -56 57 -58 58 59 61 -62 -63
leaf_value=-0.42534068301461353 0.46092076629131767 7.1269537605471527 31.527583992083869 6.6113676659944591 -11.004975250363351 13.159513504560605 -0.42729464605742812 32.355010255177817 7.3490163160694983 -7.7816804161438569 -14.743583420377512 5.3426994692894727 3.7385157198027565 1.7431381234212378 -0.32913867004231956 1.1005685590780698 6.8736393388948942 17.408522891998292 -12.513021569556379 7.3644539216779314 28.682324797107327 -1.3677033265431724 -4.6469252490997315 -17.308773711233428 1.9476841741385151 -1.5297046611990248 11.254481164146874 -4.3694454457448879 -1.8318374225697256 -9.0440033771991732 -10.392104030121118 -0.94897439686075735 9.0516015476650669 -1.9866774590460812 6.8534887611866004 1.2614596439493917 18.057354693258965 -5.6760600626023852 -3.2657655393779281 -9.5041889069283894 4.6531028622930704 0.3221722413193096 19.130770354043872 0.31902600978840795 -1.6776879499425423 -4.2194756319273763 -14.11800369889769 -1.5281175063610477 -0.76003315409840044 8.2511159740961517 -1.4601506420735271 -8.9626337316301132 24.857280540466309 7.3119218504618093 -3.427864312394826 10.926198254723147 -11.050038776030908 10.507206302279071 10.560979962348938 -10.359178407763093 -2.2908977239362658 4.0054404973983768
leaf_weight=2627 222 59 30 41 32 43 51 30 36 52 52 31 950 1422 1549 78 38 33 47 53 31 36 40 33 392 140 34 46 3869 100 64 604 36 182 132 472 31 67 200 164 88 44 42 2742 143 67 73 298 134 143 990 72 32 63 261 83 52 73 56 71 62 34
leaf_count=2627 222 59 30 41 32 43 51 30 36 52 52 31 950 1422 1549 78 38 33 47 53 31 36 40 33 392 140 34 46 3869 100 64 604 36 182 132 472 31 67 200 164 88 44 42 2742 143 67 73 298 134 143 990 72 32 63 261 83 52 73 56 71 62 34
internal_value=-0.0650865 1.22731 7.93349 17.1393 0.750891 1.04597 2.36374 10.3711 18.7154 1.90228 0.329933 -7.24148 2.1636 -0.648986 0.109189 -0.617012 0.580925 7.55958 2.83222 -1.97796 16.6717 -1.0404 -2.054 -8.99169 -0.978842 0.167883 3.78052 8.80371 -1.38166 -2.00849 -3.03087 -2.58047 1.52272 1.00906 4.17897 0.495654 5.28611 1.68694 -4.80995 -6.07648 0.311656 2.5324 9.50777 -0.0864074 -3.0829 -5.48844 -9.38085 -0.344901 0.241642 3.89193 -0.490001 -2.97483 17.8498 0.632205 0.171786 1.61054 -1.72364 4.02101 2.08476 -0.672365 3.8083 -5.70778
internal_weight=19772 6153 162 71 91 5991 2096 117 66 1979 3895 83 1927 13619 4637 3215 1751 202 133 100 69 8982 1464 69 8913 2317 288 148 6596 3969 1110 1046 82 354 172 3812 141 110 442 364 3671 558 86 3113 371 283 140 2029 1659 277 1382 370 66 977 914 653 274 379 296 223 118 105
internal_count=19772 6153 162 71 91 5991 2096 117 66 1979 3895 83 1927 13619 4637 3215 1751 202 133 100 69 8982 1464 69 8913 2317 288 148 6596 3969 1110 1046 82 354 172 3812 141 110 442 364 3671 558 86 3113 371 283 140 2029 1659 277 1382 370 66 977 914 653 274 379 296 223 118 105
cat_boundaries=0 1 2 3 4
cat_threshold=16 2434 1732 20
is_linear=0
shrinkage=0.05


Tree=94
num_leaves=63
num_cat=1
split_feature=8 13 14 17 23 0 15 6 0 22 15 14 14 15 17 15 9 15 16 12 16 24 19 17 1 10 19 17 9 6 0 14 14 10 15 19 3 10 8 5 12 13 10 8 0 13 22 7 10 16 10 5 17 19 16 15 16 3 1 12 9 14
split_gain=5.49779e+06 1.87213e+06 5.2407e+06 2.88537e+06 2.82546e+06 3.45717e+06 2.21622e+06 4.26922e+06 2.58994e+06 2.06759e+06 1.99129e+06 1.92723e+06 4.39011e+06 3.08935e+06 2.55022e+06 1.90788e+06 1.71898e+06 1.70168e+06 1.77658e+06 3.38577e+06 3.12007e+06 1.5506e+06 3.84217e+06 3.37737e+06 8.7336e+06 2.61415e+06 2.21433e+06 2.27712e+06 2.19075e+06 2.18395e+06 2.3323e+06 2.1412e+06 3.10491e+06 2.08114e+06 1.82434e+06 1.78894e+06 2.14783e+06 2.05675e+06 2.13378e+06 1.91781e+06 1.79156e+06 2.48186e+06 2.09119e+06 1.74735e+06 2.56322e+06 2.06969e+06 1.86883e+06 1.82858e+06 1.61033e+06 1.58715e+06 1.54227e+06 1.53608e+06 1.65651e+06 1.92888e+06 2.7976e+06 1.70369e+06 1.52309e+06 1.5193e+06 3.60776e+06 1.50567e+06 1.68978e+06 1.53881e+06
threshold=3941.1250000000005 5.0550000000000006 3.3550000000000004 7.0450000000000008 1.0000000180025095e-35 6540.5000000000009 -0.20011308726081939 12000.375000000002 7032.5000000000009 20.350000000000005 -0.29515418502202712 4.1950000000000012 5.0050000000000008 0.23595118267385309 6.3750000000000009 0.70006914303055012 175.52006057991176 0.4251783111890492 5.9300000000000006 8.8400000000000016 6.0750000000000011 0 4.5000000000000009 3.1950000000000007 11331.500000000002 926.86863331380493 7.5000000000000009 2.4050000000000007 1777.0656055883303 8632.3750000000018 8261.5000000000018 3.7750000000000004 4.1850000000000014 176.022066372902 -0.21274518968700945 8.5000000000000018 12230.000000000002 1056.9990431813287 9798.1666666666697 10418.500000000002 3.8850000000000002 4.0450000000000008 274.72905483586413 8314.9166666666679 7685.0000000000009 2.5250000000000004 3.3400000000000003 8538.9375000000018 755.69946095868761 3.4650000000000003 257.67237360377356 4060.5000000000005 5.3750000000000009 1.5000000000000002 5.245000000000001 0.042694535585530914 7.6500000000000012 5412.5000000000009 5745.5000000000009 5.995000000000001 552.20277854349843 6.9200000000000008
decision_type=2 2 2 2 2 2 2 2 2 2 2 2 2 2 2 2 2 2 2 2 2 1 2 2 2 2 2 2 2 2 2 2 2 2 2 2 2 2 2 2 2 2 2 2 2 2 2 2 2 2 2 2 2 2 2 2 2 2 2 2 2 2
left_child=51 3 -3 21 6 -6 8 11 9 16 -10 14 13 -13 -8 17 -4 18 19 -14 -20 22 23 24 25 29 49 -28 33 30 -2 -25 -33 -24 -34 36 39 38 40 43 41 42 50 44 45 -35 -46 -45 -49 -23 -37 52 -1 54 -54 -56 59 58 -51 60 -22 -61
right_child=1 2 4 -5 5 -7 7 -9 10 -11 -12 12 15 -15 -16 -17 -18 -19 20 -21 56 26 28 31 -26 -27 27 -29 -30 -31 -32 32 34 35 -36 37 -38 -39 -40 -41 -42 -43 -44 47 46 -47 -48 48 -50 57 -52 -53 53 -55 55 -57 -58 -59 -60 61 -62 -63
leaf_value=-0.87150140834097256 3.3211541287682205 19.723450914592974 -6.5304472612780193 -10.450117929776511 3.4519895132037179 22.931800183127908 2.6928604079666094 20.404559119542441 0.5759415314115327 -5.466354591677888 -11.181335324613672 2.2952913562456767 0.79980502480225601 21.425824422462313 -14.055635716856981 12.819313764572144 4.1992171736361703 -6.4228497861036615 16.184607607819313 -17.239284573495389 4.2094284946268257 0.07068842478919167 -6.5635527287774229 -12.748682452470829 30.705308240652087 15.073280973878562 -2.4403009107461564 3.0593743540964971 -11.449256654886099 -9.6136246719668002 16.532395014081683 14.21250133663416 -9.4489360527197519 3.9697428566210862 3.0422391722076818 4.2241817284789347 10.855427113033478 -8.5986341806975286 10.007561851171561 -8.9485263289827284 -2.1668296612996971 12.983037048578263 1.0293985717701462 12.610052531698477 0.60992341200510669 -1.2369203619516025 -14.954628265373135 -2.067729921809963 6.9928451792496009 -2.0429197218492372 14.493686477505433 -3.3151431301002314 15.070356329849787 -0.55751293927256829 12.304165888854437 0.083315382135862662 -0.34270285074980239 -5.1838815209190052 15.199473118782045 -4.889160029093425 18.93047592708043 5.491587741435076
leaf_weight=9161 734 42 43 60 69 34 51 33 58 99 95 36 139 51 41 37 283 67 43 32 44 1123 102 39 32 51 253 735 39 31 35 32 60 227 57 144 42 44 86 66 226 56 795 46 30 1199 54 122 82 584 49 599 56 342 35 154 281 375 32 51 35 119
leaf_count=9161 734 42 43 60 69 34 51 33 58 99 95 36 139 51 41 37 283 67 43 32 44 1123 102 39 32 51 253 735 39 31 35 32 60 227 57 144 42 44 86 66 226 56 795 46 30 1199 54 122 82 584 49 599 56 342 35 154 281 375 32 51 35 119
internal_value=-0.0617865 0.811799 2.2707 0.471414 1.84967 9.88222 1.34457 2.70266 -1.14606 0.862118 -6.72433 2.13386 2.81328 13.5097 -4.77114 1.71589 2.78395 1.20932 1.89662 -2.57593 3.23136 0.557842 1.15135 3.76631 5.06189 4.09762 -0.30206 1.65106 0.333191 3.39792 3.92245 -2.31876 0.411218 0.469546 -3.36349 0.689061 -0.323689 2.04036 2.38558 -0.58082 1.86944 2.74319 2.1628 -0.267031 -0.908072 -0.40809 -9.39586 3.60485 1.57427 -1.2163 6.83147 -0.857529 -0.706512 1.86839 5.25476 2.34644 2.18044 -2.67471 -1.14721 5.02784 10.7314 2.37736
internal_weight=19772 9425 1783 7642 1741 103 1638 1060 578 425 153 1027 935 87 92 848 326 811 744 171 573 7582 4480 1071 883 851 3102 988 3409 800 769 188 149 3370 117 3268 1868 1400 1356 1826 1270 1044 988 1760 1510 1426 84 250 204 2114 193 10347 9748 587 245 189 530 991 616 249 79 170
internal_count=19772 9425 1783 7642 1741 103 1638 1060 578 425 153 1027 935 87 92 848 326 811 744 171 573 7582 4480 1071 883 851 3102 988 3409 800 769 188 149 3370 117 3268 1868 1400 1356 1826 1270 1044 988 1760 1510 1426 84 250 204 2114 193 10347 9748 587 245 189 530 991 616 249 79 170
cat_boundaries=0 1
cat_threshold=961
is_linear=0
shrinkage=0.05


Tree=95
num_leaves=63
num_cat=4
split_feature=8 25 0 11 13 14 10 24 24 11 14 18 24 18 15 0 16 10 18 11 13 10 12 10 13 3 0 11 0 11 10 11 15 16 11 16 11 6 16 6 2 0 11 11 10 17 11 10 10 6 15 17 11 10 16 15 12 11 2 6 10 10
split_gain=4.96176e+06 1.77736e+06 3.8219e+06 6.1463e+06 1.88655e+06 1.76064e+06 1.71229e+06 2.51651e+06 2.17376e+06 1.80655e+06 1.75807e+06 1.73397e+06 1.66025e+06 1.8246e+06 3.53465e+06 3.23003e+06 2.02188e+06 2.05498e+06 1.84296e+06 1.96956e+06 1.95957e+06 6.67894e+06 1.76787e+06 1.65132e+06 1.88086e+06 1.61306e+06 2.39675e+06 1.57161e+06 2.28188e+06 1.52105e+06 2.11902e+06 2.70403e+06 2.50268e+06 2.02092e+06 1.68904e+06 2.50757e+06 4.42162e+06 3.15275e+06 2.12476e+06 3.08671e+06 2.06406e+06 1.99589e+06 1.82556e+06 2.18458e+06 1.50471e+06 1.48875e+06 1.46997e+06 2.25357e+06 1.45124e+06 1.9512e+06 1.37131e+06 3.20278e+06 1.31596e+06 2.47513e+06 2.45452e+06 2.05625e+06 1.3699e+06 1.31286e+06 1.31197e+06 1.29118e+06 1.27857e+06 1.78527e+06
threshold=3941.1250000000005 0 11358.000000000002 1048.2668171720497 11.06 3.0850000000000004 377.02490172791954 1 2 303.73630409304502 6.4450000000000012 46.500000000000007 3 20.500000000000004 0.73280580661934025 11358.000000000002 10.535000000000002 505.76331096023523 34.500000000000007 1155.1668380063909 4.0450000000000008 658.35832580345334 3.7750000000000004 708.4036244234486 2.0400000000000005 10322.500000000002 6804.0000000000009 927.54013843235236 6185.5000000000009 1358.4649075703492 717.58704648826722 904.85721432381922 -0.21470588235294191 4.9800000000000013 421.38006938414958 3.5150000000000001 677.11457188318002 6191.5000000000009 4.535000000000001 4265.8750000000009 7764.0000000000009 4212.5000000000009 727.43195815120146 598.07478320514986 745.86447004928766 3.3550000000000004 1048.2668171720497 776.88118820193029 634.10302215081924 7046.5000000000009 -0.021530373901802114 3.4750000000000005 972.04358842203749 859.6284343517151 4.1250000000000009 0.082958199356912274 7.3000000000000007 254.90895579226805 4812.5000000000009 7112.3750000000009 667.26142052075249 403.07485510072632
decision_type=2 1 2 2 2 2 2 1 1 2 2 2 1 2 2 2 2 2 2 2 2 2 2 2 2 2 2 2 2 2 2 2 2 2 2 2 2 2 2 2 2 2 2 2 2 2 2 2 2 2 2 2 2 2 2 2 2 2 2 2 2 2
left_child=-1 2 5 -4 12 -2 8 10 9 58 -8 -10 27 14 16 18 29 -18 19 50 23 22 -22 24 -20 26 -9 28 -3 30 31 34 -32 -31 38 36 45 -38 41 -40 59 57 43 -42 -25 -36 47 -12 -26 -50 51 60 53 55 -54 -34 -56 -14 -7 -37 61 -15
right_child=1 4 3 -5 -6 6 7 25 11 -11 46 -13 13 15 -16 -17 17 -19 20 -21 21 -23 -24 44 48 -27 -28 -29 -30 33 32 -33 52 -35 35 40 37 -39 39 -41 42 -43 -44 -45 -46 -47 -48 -49 49 -51 -52 -53 54 -55 56 -57 -58 -59 -60 -61 -62 -63
leaf_value=-0.81465214909554917 -0.30551887071907824 -1.2554459587536237 22.500851163424944 1.9652485059039428 11.007892601955229 2.3477358068738665 1.9197235065514056 -1.0945950277149679 7.0055377872404225 -1.1409399440775367 6.4685178160667425 19.393259172579821 14.621089335053396 -0.48518377981015615 18.17025666437112 -16.25446829026745 1.7579034778050016 -15.256554166475931 12.160951533684365 9.4260971523466566 8.0984694842614378 27.792609133720397 -4.5155859577851221 -13.446183825984145 0.50630523465338828 7.1836387534936268 -12.439154821071986 -6.0891585344567325 9.4848486845309932 2.8637986356528797 -0.28462275941888771 -12.576000401633127 5.1262721435054317 -12.835054292039175 2.529987340869166 -0.9482115965967195 2.8230487447796446 23.369188353072769 -3.8380959614840422 9.3931192881620689 -1.5243088333837447 -0.71846762717508317 2.515846153997606 -18.62333696852339 -1.6242045773218756 -7.6322404010097191 -1.4274131163954735 22.217204312355289 -0.05539231155857896 17.56327555338542 -0.29819731520794668 -15.148736063039529 22.597772389328156 -4.1411566266826556 0.73825595785931852 19.861778894066813 14.542384189367295 2.3271684999064521 12.175730261468052 7.5888929376999545 5.1871157744756111 -6.6613280986672025
leaf_weight=10347 990 1010 57 101 41 84 549 383 167 191 85 34 39 280 32 31 35 36 39 42 51 30 61 33 983 48 53 157 52 41 143 35 91 41 181 573 33 43 55 222 31 323 31 47 146 45 32 31 33 30 871 53 37 51 41 32 32 49 57 48 52 201
leaf_count=10347 990 1010 57 101 41 84 549 383 167 191 85 34 39 280 32 31 35 36 39 42 51 30 61 33 983 48 53 157 52 41 143 35 91 41 181 573 33 43 55 222 31 323 31 47 146 45 32 31 33 30 871 53 37 51 41 32 32 49 57 48 52 201
internal_value=-0.0586972 0.771209 1.8086 9.37366 0.315586 1.37325 2.34289 1.28122 4.69531 1.96873 3.17795 8.66965 0.248854 0.631246 1.66537 -0.200312 1.43918 -6.86915 -0.0289942 -1.24868 1.27136 6.84049 1.22831 0.645718 1.37977 -1.4852 -2.47364 -1.40829 -0.729556 1.69973 1.95097 1.18239 5.10986 -4.98563 1.46236 0.183038 4.01494 14.4478 3.38135 6.76598 -1.40222 1.10022 -7.74825 -11.8276 -3.80368 0.506535 8.06 10.6772 0.97779 8.33445 -1.55639 -3.4265 7.8261 5.11994 12.1067 8.9599 6.78938 7.77561 6.32075 -0.288339 -2.26088 -3.06607
internal_weight=19772 9425 2862 158 6563 2704 1714 1181 533 332 697 201 6522 5303 2367 2936 2335 71 2905 1499 1406 142 112 1264 1085 484 436 1219 1062 2264 2182 1755 427 82 1720 1032 302 76 688 277 730 411 109 78 179 226 148 116 1046 63 1457 586 284 174 110 123 73 88 141 621 533 481
internal_count=19772 9425 2862 158 6563 2704 1714 1181 533 332 697 201 6522 5303 2367 2936 2335 71 2905 1499 1406 142 112 1264 1085 484 436 1219 1062 2264 2182 1755 427 82 1720 1032 302 76 688 277 730 411 109 78 179 226 148 116 1046 63 1457 586 284 174 110 123 73 88 141 621 533 481
cat_boundaries=0 1 2 3 4
cat_threshold=16 3268 1668 2068
is_linear=0
shrinkage=0.05


Tree=96
num_leaves=63
num_cat=3
split_feature=4 15 4 15 10 5 13 3 12 0 15 4 1 6 4 10 11 16 5 5 11 3 14 8 12 25 18 24 14 4 1 4 6 6 1 5 0 5 3 18 13 3 16 2 2 11 18 3 5 14 8 0 18 24 1 4 13 16 13 0 15 15
split_gain=5.6167e+06 2.87041e+06 2.42647e+06 1.88399e+06 2.42369e+06 1.74683e+06 1.97622e+06 1.90033e+06 2.9434e+06 1.9119e+06 1.65966e+06 3.81987e+06 3.1195e+06 2.38969e+06 1.79347e+06 3.7446e+06 1.64274e+06 1.88224e+06 1.91812e+06 2.08748e+06 1.53746e+06 1.39843e+06 1.55986e+06 1.48798e+06 1.36365e+06 1.32311e+06 2.19185e+06 1.7632e+06 1.86174e+06 1.30512e+06 1.21677e+06 2.63414e+06 1.55469e+06 1.87078e+06 2.0068e+06 1.1533e+06 2.07113e+06 1.45152e+06 1.5613e+06 1.34109e+06 1.62792e+06 2.12686e+06 1.37594e+06 2.78005e+06 1.38769e+06 1.30432e+06 1.63443e+06 1.38144e+06 1.26245e+06 1.37364e+06 1.24693e+06 1.1806e+06 1.29963e+06 1.26424e+06 1.42164e+06 1.14901e+06 1.12769e+06 1.12709e+06 1.11891e+06 1.45528e+06 1.17083e+06 1.11881e+06
threshold=6746.5000000000009 0.60464610306278399 2962.5000000000005 -0.33208176887776381 1631.2668936365978 8021.0000000000009 5.7000000000000011 5194.0000000000009 5.0050000000000008 7032.5000000000009 -0.24724017162339329 9550.0000000000018 7908.5000000000009 12784.375000000002 12173.500000000002 725.24333792194295 629.67722300029493 4.285000000000001 6621.0000000000009 6290.0000000000009 624.58429588178456 5771.5000000000009 5.4750000000000005 5755.916666666667 8.3500000000000014 0 1.5000000000000002 1 2.6950000000000007 5078.5000000000009 5846.5000000000009 4769.5000000000009 6000.8750000000009 6321.2500000000009 6862.5000000000009 6417.5000000000009 6296.5000000000009 4564.5000000000009 4306.5000000000009 21.500000000000004 2.4450000000000007 4929.5000000000009 3.5050000000000003 5503.5000000000009 5706.5000000000009 553.18896436060481 33.500000000000007 4089.5000000000005 5381.5000000000009 3.6050000000000004 5096.2500000000009 4487.5000000000009 46.500000000000007 2 3306.5000000000005 8302.0000000000018 3.6850000000000005 5.3900000000000015 3.3050000000000002 4853.5000000000009 -0.18735753278722037 -0.23601012270414892
decision_type=2 2 2 2 2 2 2 2 2 2 2 2 2 2 2 2 2 2 2 2 2 2 2 2 2 1 2 1 2 2 2 2 2 2 2 2 2 2 2 2 2 2 2 2 2 2 2 2 2 2 2 2 2 1 2 2 2 2 2 2 2 2
left_child=2 3 -1 -2 10 6 16 9 -9 29 11 12 -5 14 61 -16 20 18 19 21 24 22 23 -18 25 27 -27 58 -29 -8 31 -10 -32 -34 -35 36 37 38 51 42 41 -41 43 -39 50 46 -42 -48 49 -49 -44 52 -28 54 -54 -14 -51 -55 -4 60 -60 -12
right_child=1 -3 5 4 -6 -7 7 8 30 -11 13 -13 55 -15 15 -17 17 -19 -20 -21 -22 -23 -24 -25 -26 26 35 28 -30 -31 32 -33 33 34 -36 -37 -38 39 -40 40 45 -43 44 -45 -46 -47 47 48 -50 56 -52 -53 53 57 -56 -57 -58 -59 59 -61 -62 -63
leaf_value=-0.9836737395543097 12.955577802658082 14.316278143882753 -1.7720802131782538 -7.1233187410566545 -7.5048217887144819 -7.0138907627361577 1.5396104242326691 17.3230199197004 -2.1210561217683734 -10.895119032715307 11.213079754511517 -17.235845647539414 16.127938608200321 15.447240742709903 -1.7304854400952658 17.717981706966054 -0.79432265451481188 -5.5942234948515894 -9.2968261746565499 12.284971566633745 10.578975737426017 -3.5714100012229575 10.424183485358954 8.4017813356555244 -10.077942115068437 10.587430668373903 -0.39789137756626536 -1.2281249081853576 4.1916798458762283 -8.6834932416677475 -8.5884820103645332 16.229729957381885 14.810172182718913 -5.1308197413405328 5.4335589881254061 -4.8356794733554125 6.8886986534550507 0.02693414575199491 1.8697553829661999 -6.984318854014079 -7.8410339559938595 9.7336576214203472 -1.7246337520156769 15.692309721112252 -7.497919162114461 3.5240204117514873 -10.936342469481536 -2.3766029399895818 -6.5633127005262812 0.52300283020617921 6.2194558666713204 -4.0238654210180194 12.261207608615651 -2.4462153784385543 2.9757949685080107 2.4015797122319542 11.90142687759117 7.3236877348687912 11.861935903641738 -4.6689006268978117 2.3379388160237644 1.9226545959769024
leaf_weight=6036 40 50 477 54 65 82 1280 43 33 33 33 35 31 36 45 55 430 250 60 33 36 257 40 49 32 48 3361 203 722 32 32 48 30 73 117 128 106 97 1109 30 230 52 188 40 72 55 43 159 88 51 67 197 51 164 215 30 38 36 38 64 214 1800
leaf_count=6036 40 50 477 54 65 82 1280 43 33 33 33 35 31 36 45 55 430 250 60 33 36 257 40 49 32 48 3361 203 722 32 32 48 30 73 117 128 106 97 1109 30 230 52 188 40 72 55 43 159 88 51 67 197 51 164 215 30 38 36 38 64 214 1800
internal_value=0.132033 2.46871 -0.173892 2.20235 2.00541 0.257401 0.310396 1.86976 5.01216 0.991294 2.29713 -2.77267 1.62917 2.68336 2.44564 8.96617 0.028794 -1.77097 -0.671072 -0.031338 0.268235 -0.555099 0.938528 0.146406 0.223914 0.263427 -0.0582198 1.49541 2.97014 1.29027 3.42247 8.75348 1.70893 3.20674 1.37461 -0.136002 -0.0427226 -0.158556 0.208676 -1.71641 -3.0292 3.61732 0.39424 4.60077 -1.36813 -3.85001 -4.51597 -2.49812 -1.41823 0.40745 0.362637 -0.249111 -0.0548006 2.41972 4.58376 9.37727 5.38121 -0.654888 -0.240373 2.06412 3.7741 2.08991
internal_weight=19643 2274 17369 2224 2184 11333 11251 1721 376 1345 2119 150 115 1969 1933 100 9530 1119 869 809 8411 776 519 479 8375 8343 6625 1718 925 1312 333 81 252 220 190 6577 6449 6343 5133 1210 746 82 464 137 327 664 609 379 336 248 255 4024 3827 466 266 61 89 200 793 316 252 1833
internal_count=19643 2274 17369 2224 2184 11333 11251 1721 376 1345 2119 150 115 1969 1933 100 9530 1119 869 809 8411 776 519 479 8375 8343 6625 1718 925 1312 333 81 252 220 190 6577 6449 6343 5133 1210 746 82 464 137 327 664 609 379 336 248 255 4024 3827 466 266 61 89 200 793 316 252 1833
cat_boundaries=0 1 2 3
cat_threshold=16 1348 3204
is_linear=0
shrinkage=0.05


Tree=97
num_leaves=63
num_cat=4
split_feature=1 18 11 12 16 15 3 13 13 9 17 11 25 10 8 9 16 12 17 1 5 10 11 18 0 5 18 24 15 1 18 15 0 22 8 17 9 11 13 5 7 2 1 8 2 18 24 25 14 10 10 14 2 17 12 16 11 14 7 8 11 14
split_gain=4.81906e+06 3.74644e+06 5.91609e+06 2.51717e+06 4.6294e+06 5.81123e+06 2.31973e+06 2.11061e+06 2.66057e+06 1.99914e+06 3.14639e+06 1.92629e+06 1.91578e+06 2.80287e+06 5.07218e+06 2.80978e+06 3.35149e+06 2.66113e+06 2.30872e+06 4.15329e+06 2.21397e+06 3.60777e+06 2.62374e+06 2.10457e+06 1.97452e+06 1.78695e+06 1.72851e+06 2.3121e+06 2.00744e+06 2.25561e+06 2.76546e+06 1.96519e+06 2.02292e+06 2.17904e+06 1.71749e+06 1.66738e+06 1.61238e+06 1.98417e+06 1.77577e+06 1.58138e+06 1.51407e+06 2.65454e+06 1.51202e+06 1.926e+06 1.95082e+06 1.60335e+06 2.53525e+06 1.66894e+06 1.71437e+06 1.68177e+06 1.66823e+06 1.58183e+06 1.50221e+06 1.48894e+06 1.48068e+06 1.62791e+06 1.4787e+06 1.43096e+06 1.33094e+06 1.33044e+06 1.33023e+06 1.32938e+06
threshold=7277.0000000000009 2.5000000000000004 791.0347723467213 2.4350000000000005 3.3050000000000002 -0.12085768816658725 3058.5000000000005 3.0450000000000004 3.1150000000000007 706.97558773770209 2.5450000000000004 481.55363699477556 0 1631.2668936365978 12509.04166666667 266.67825495561499 6.7950000000000008 7.2650000000000006 4.0450000000000008 10411.500000000002 9196.5000000000018 926.86863331380493 854.31735545390086 22.500000000000004 10691.500000000002 6354.0000000000009 42.500000000000007 1 -0.10559391691467152 3768.5000000000005 48.500000000000007 0.95810200828103242 7807.5000000000009 4.0900000000000007 7551.3750000000009 10.995000000000003 396.32199541265214 560.8328188953509 2.4550000000000005 9647.5000000000018 8182.6250000000009 8207.5000000000018 6791.5000000000009 6834.791666666667 7643.0000000000009 19.500000000000004 2 3 9.5750000000000011 667.26142052075249 1056.9990431813287 2.6250000000000004 6591.0000000000009 3.4350000000000005 4.3250000000000011 4.9800000000000013 499.45289713668484 2.8050000000000002 4906.3125000000009 9302.3333333333339 478.03297516235381 3.7150000000000003
decision_type=2 2 2 2 2 2 2 2 2 2 2 2 1 2 2 2 2 2 2 2 2 2 2 2 2 2 2 1 2 2 2 2 2 2 2 2 2 2 2 2 2 2 2 2 2 2 1 1 2 2 2 2 2 2 2 2 2 2 2 2 2 2
left_child=6 2 -2 4 -3 -6 35 9 -9 11 -11 -5 13 14 15 -10 18 -18 19 25 40 22 -22 -21 -23 -17 31 28 -28 -30 56 32 34 -34 42 -1 61 38 -38 -13 -14 -42 43 44 45 46 -8 48 49 58 -49 -44 -47 -53 -20 -56 -31 -12 -48 -43 -40 -29
right_child=1 3 -4 7 5 -7 26 8 12 10 57 39 20 -15 -16 16 17 -19 54 23 21 24 -24 -25 -26 -27 27 36 29 30 -32 -33 33 -35 -36 -37 37 -39 60 -41 41 59 51 -45 -46 52 47 50 -50 -51 -52 53 -54 -55 55 -57 -58 -59 -60 -61 -62 -63
leaf_value=-0.95032730505424667 28.385926399230961 -1.7456582299594221 -1.359190820157528 -9.7734976686750148 29.297356719062442 0.75695644857422006 -3.0909545076876572 14.073166644573213 13.804179085454633 -19.430457204580307 4.3404731369018554 6.1952045469164858 -1.2707910610350552 -7.313794577121735 24.724314289887747 10.228157378465703 20.391198626229929 3.5788247053439806 -13.3274243844522 23.023092356595129 -3.5322253944352271 13.691456432342529 -18.818703887939453 5.7634218306917901 -2.2551692932302303 -1.2853730413341715 18.137514358113211 2.6124866546696417 0.12580291041367347 -3.3166431720440204 18.788846050202846 11.848264938422613 2.1937320150647848 -13.822749681384474 8.5536192243382079 10.491925004124642 -11.179346339933334 -7.9314812250733384 -0.062611770247801762 -3.7943010987906618 18.846488023573354 -1.242499851031476 -13.741685554475495 5.8521733735584549 -12.705671983162562 -0.44823543306505437 -1.5935033340649893 1.5077927099287232 8.1974314354525681 -9.0863932241582201 13.35367233991623 0.16863526279973512 -6.8677519495769221 -7.6552387911697926 6.9621130609512338 -6.9327604527743363 10.839956872122629 -8.4920720372881213 8.7865891918991554 9.2856324824881042 9.4133212105794382 -1.5239853838327269
leaf_weight=6308 35 58 32 35 42 31 378 48 62 36 45 125 151 53 30 39 43 52 37 33 64 30 50 38 55 248 30 1001 139 39 48 35 35 54 59 32 31 100 234 58 31 83 33 144 30 4534 481 3195 45 72 30 202 93 87 35 53 35 42 33 47 44 241
leaf_count=6308 35 58 32 35 42 31 378 48 62 36 45 125 151 53 30 39 43 52 37 33 64 30 50 38 55 248 30 1001 139 39 48 35 35 54 59 32 31 100 234 58 31 83 33 144 30 4534 481 3195 45 72 30 202 93 87 35 53 35 42 33 47 44 241
internal_value=0.125431 2.57546 14.1793 2.13221 8.79929 17.1775 -0.124905 1.59408 2.524 -1.902 -6.99872 0.973664 2.07476 3.70382 4.63064 3.68875 2.6037 11.1886 0.915157 2.95781 -0.296813 -4.42356 -10.2368 13.7855 3.37305 0.279183 0.298978 1.65869 5.69278 4.48046 9.44192 0.0221902 -0.0213567 -7.52413 0.0495596 -0.892575 0.907674 -1.80971 0.171441 3.02913 2.3258 5.699 -0.00406227 0.115928 0.0230225 0.0661171 0.769217 1.15265 -1.18854 -1.92959 1.61299 -3.37086 -0.577264 -2.18665 -4.93502 -1.40639 3.37905 -1.85455 -0.927077 2.56382 1.43718 1.80984
internal_weight=19643 1821 67 1754 131 73 17822 1623 1282 341 123 218 1234 723 670 640 578 95 483 358 511 199 114 71 85 287 11482 1942 291 261 122 9540 9505 89 9416 6340 1651 409 309 183 312 161 9357 9035 8891 8861 4234 3856 631 586 3225 322 4627 289 125 88 74 87 514 130 278 1242
internal_count=19643 1821 67 1754 131 73 17822 1623 1282 341 123 218 1234 723 670 640 578 95 483 358 511 199 114 71 85 287 11482 1942 291 261 122 9540 9505 89 9416 6340 1651 409 309 183 312 161 9357 9035 8891 8861 4234 3856 631 586 3225 322 4627 289 125 88 74 87 514 130 278 1242
cat_boundaries=0 1 2 3 4
cat_threshold=20 21 16 8
is_linear=0
shrinkage=0.05


Tree=98
num_leaves=63
num_cat=5
split_feature=4 15 26 15 10 15 6 17 1 2 4 7 24 11 7 16 17 16 13 13 15 24 16 10 18 15 18 18 2 15 16 17 15 12 24 10 11 1 11 4 13 18 14 24 11 0 12 9 10 14 9 18 11 13 13 13 19 14 14 18 14 18
split_gain=4.65429e+06 2.54425e+06 2.13526e+06 1.64543e+06 2.05235e+06 1.65415e+06 3.2807e+06 2.1089e+06 4.40179e+06 5.61165e+06 1.67496e+06 2.54568e+06 1.59228e+06 1.66259e+06 2.97547e+06 3.01623e+06 2.00962e+06 3.81536e+06 2.36738e+06 1.85125e+06 2.29993e+06 2.6705e+06 4.12154e+06 1.93921e+06 1.67487e+06 1.72646e+06 1.35068e+06 2.61673e+06 2.56433e+06 1.88052e+06 1.48516e+06 3.72429e+06 3.03876e+06 1.42515e+06 1.42307e+06 1.36843e+06 1.89768e+06 1.85122e+06 2.08066e+06 1.69661e+06 1.75023e+06 1.42791e+06 1.33423e+06 1.44816e+06 2.39204e+06 1.72197e+06 1.7405e+06 3.89523e+06 2.04215e+06 2.25376e+06 1.90293e+06 2.40492e+06 1.73522e+06 1.53648e+06 1.39345e+06 2.02222e+06 1.96609e+06 1.98926e+06 1.96454e+06 2.10902e+06 1.93746e+06 1.85872e+06
threshold=6746.5000000000009 0.60464610306278399 0 -0.33208176887776381 1631.2668936365978 -0.21274518968700945 12784.375000000002 2.8450000000000002 7557.5000000000009 8760.0000000000018 9801.0000000000018 9549.3750000000018 1 608.99036849188906 6342.5000000000009 4.245000000000001 7.2650000000000006 3.9550000000000005 3.6850000000000005 5.9300000000000006 0.55943719593100394 2 7.0200000000000005 377.02490172791954 4.5000000000000009 -0.30663021110275351 38.500000000000007 18.500000000000004 6522.5000000000009 0.70006914303055012 6.4750000000000005 5.1800000000000006 0.70006914303055012 6.3350000000000009 3 840.32627862978347 1048.2668171720497 6124.5000000000009 629.67722300029493 4500.5000000000009 5.7000000000000011 3.5000000000000004 1.9950000000000003 4 421.38006938414958 5562.5000000000009 2.4550000000000005 596.22180114904859 428.54250226444498 3.9650000000000003 278.04158860198237 29.500000000000004 523.97751781380578 3.7250000000000005 3.0450000000000004 3.1150000000000007 6.5000000000000009 3.1550000000000007 3.3850000000000002 36.500000000000007 2.7250000000000005 47.500000000000007
decision_type=2 2 1 2 2 2 2 2 2 2 2 2 1 2 2 2 2 2 2 2 2 1 2 2 2 2 2 2 2 2 2 2 2 2 1 2 2 2 2 2 2 2 2 1 2 2 2 2 2 2 2 2 2 2 2 2 2 2 2 2 2 2
left_child=2 3 26 -2 5 7 42 8 -5 -10 11 -9 -4 14 19 -16 17 18 -15 -14 21 22 -21 -22 -23 -26 27 29 -29 34 31 33 -32 -28 35 37 -37 39 -39 41 -41 -1 -7 45 -45 -44 47 52 49 53 51 -50 -47 -48 58 -56 -57 -58 59 -52 -61 -59
right_child=1 -3 12 4 -6 6 -8 10 9 -11 -12 -13 13 16 15 -17 -18 -19 -20 20 23 24 -24 -25 25 -27 30 28 -30 -31 32 -33 -34 -35 -36 36 -38 38 -40 40 -42 -43 43 44 -46 46 48 -49 50 -51 54 -53 -54 -55 55 56 57 61 -60 60 -62 -63
leaf_value=-4.4337650757569538 12.044770245552064 13.400321140289307 -1.8666935035566554 -7.51202784226491 -6.9400744049365706 -6.1067932875260063 18.207293529221506 -11.606241717338563 27.703563296000166 -2.6310672083208639 -14.526243784369493 5.4727627873420719 -0.43261494347724971 -4.0250093149467254 2.3036102613535796 22.012846762339276 2.6026287263727443 -6.5438126832325487 2.9969374441775409 15.868611255751716 -12.64368349947828 -2.4046675936820416 -1.3144176884701377 3.6274832936127979 12.910870695710182 2.0633406834365018 1.9758864035132011 -0.78814939141883433 -10.012546204297971 11.866168726072079 -12.391363637230613 15.603694671154024 2.2667897648281521 -7.9536288274301077 0.15192777771338067 16.279972675868446 1.0628250050544741 2.3738771129362655 -8.458724384066425 3.550080431601323 13.726385052998863 3.059136098068814 13.524831219208545 11.752066982493682 -2.3443779303827359 9.9820274582414914 -1.6963976934456673 20.907017446699598 3.0147672013630942 -11.590379178270382 -5.3457270066745544 17.784093113334812 -5.7882319141078646 9.0776515923795245 16.218617433117284 5.5404074043801641 8.7484338028090338 -3.3223855590498128 9.9843656640303777 14.353648735630898 -3.1852075517177583 9.2315802490009986
leaf_weight=78 40 50 1984 52 65 46 33 40 30 31 41 48 6753 213 55 30 187 426 275 90 47 208 57 30 40 442 1548 2211 78 41 55 50 99 37 1551 42 40 101 79 109 69 344 39 34 262 33 156 42 63 47 161 49 37 42 31 389 56 222 38 31 32 34
leaf_count=78 40 50 1984 52 65 46 33 40 30 31 41 48 6753 213 55 30 187 426 275 90 47 208 57 30 40 442 1548 2211 78 41 55 50 99 37 1551 42 40 101 79 109 69 344 39 34 262 33 156 42 63 47 161 49 37 42 31 389 56 222 38 31 32 34
internal_value=0.119081 2.24617 -0.159403 1.9954 1.81134 2.07979 2.5814 -1.8108 3.17627 12.2876 -6.17933 -2.29042 -0.589528 -0.301526 -0.0436377 9.25981 -2.12002 -3.08625 -0.0679696 -0.14678 1.96508 2.72582 8.61945 -6.30427 1.32609 2.96355 0.554255 0.113531 -1.10248 1.24778 1.7258 2.16793 -2.96827 1.74409 1.06736 2.68163 8.85697 2.06681 -2.38043 3.40098 7.49483 1.67419 2.30177 2.51689 -0.701493 3.13494 2.8794 8.86908 2.38284 -1.74745 3.29778 9.47635 1.64632 0.589007 2.6016 3.7216 3.16895 0.212232 -0.527556 -2.31083 5.44502 -1.65506
internal_weight=19643 2274 17369 2224 2184 2119 1877 242 113 61 129 88 10837 8853 7752 85 1101 914 488 7667 914 837 147 77 690 482 6532 4743 2289 2454 1789 1635 154 1585 2413 862 82 780 180 600 178 422 1844 1798 296 1502 1463 112 1351 245 1106 112 70 198 994 732 701 312 262 224 63 256
internal_count=19643 2274 17369 2224 2184 2119 1877 242 113 61 129 88 10837 8853 7752 85 1101 914 488 7667 914 837 147 77 690 482 6532 4743 2289 2454 1789 1635 154 1585 2413 862 82 780 180 600 178 422 1844 1798 296 1502 1463 112 1351 245 1106 112 70 198 994 732 701 312 262 224 63 256
cat_boundaries=0 1 2 3 4 5
cat_threshold=10 40 2066 3456 67
is_linear=0
shrinkage=0.05


Tree=99
num_leaves=63
num_cat=6
split_feature=24 25 1 25 5 14 14 0 17 12 15 15 15 14 14 0 13 17 17 12 12 10 2 17 3 10 15 11 14 13 18 15 16 8 17 0 2 18 14 0 18 13 12 11 16 13 24 11 5 14 11 17 15 24 5 15 8 24 5 1 13 5
split_gain=4.45538e+06 2.7143e+06 4.14962e+06 2.11677e+06 2.11615e+06 2.00999e+06 2.27524e+06 3.59274e+06 2.15859e+06 2.31497e+06 1.87416e+06 2.00782e+06 2.24703e+06 1.89362e+06 1.75454e+06 1.64782e+06 3.03219e+06 1.63925e+06 2.70359e+06 2.41809e+06 2.53338e+06 1.61188e+06 1.81552e+06 1.61824e+06 1.85217e+06 2.2682e+06 1.91259e+06 1.65743e+06 1.99369e+06 1.65673e+06 1.48509e+06 2.42636e+06 1.93408e+06 2.28115e+06 2.02281e+06 1.84535e+06 3.07917e+06 1.57878e+06 1.84878e+06 1.48123e+06 1.54015e+06 4.34282e+06 1.32569e+06 1.31137e+06 2.01557e+06 1.76257e+06 1.63969e+06 1.30686e+06 1.64666e+06 1.51573e+06 2.51526e+06 2.33924e+06 1.29559e+06 1.25706e+06 1.29093e+06 1.24879e+06 1.19408e+06 1.1909e+06 1.18226e+06 2.1974e+06 2.28091e+06 1.17482e+06
threshold=0 1 13053.500000000002 2 4967.5000000000009 3.3750000000000004 3.6250000000000004 12274.500000000002 6.0150000000000015 7.0450000000000008 -0.025076208987880894 -0.14936301006889244 -0.23276084073772788 4.1950000000000012 2.2150000000000003 9667.5000000000018 3.3650000000000007 6.8050000000000006 6.5100000000000007 7.120000000000001 7.2650000000000006 295.50072502509187 5503.5000000000009 3.3950000000000005 9591.0000000000018 658.35832580345334 0.20007022368813673 598.07478320514986 2.6850000000000005 2.7750000000000004 42.500000000000007 -0.035888697364132291 3.3950000000000005 4329.1250000000009 3.0750000000000006 4799.5000000000009 4607.5000000000009 18.500000000000004 6.2800000000000002 3393.5000000000005 1.5000000000000002 6.3750000000000009 6.660000000000001 383.36486141549994 3.9450000000000007 4.0150000000000006 3 560.8328188953509 5381.5000000000009 2.7950000000000004 651.02888614029507 2.3450000000000002 0.019996816223231403 4 5574.5000000000009 -0.25705978986378192 4950.6250000000009 5 5574.5000000000009 5476.5000000000009 3.4750000000000005 6836.0000000000009
decision_type=1 1 2 1 2 2 2 2 2 2 2 2 2 2 2 2 2 2 2 2 2 2 2 2 2 2 2 2 2 2 2 2 2 2 2 2 2 2 2 2 2 2 2 2 2 2 1 2 2 2 2 2 2 1 2 2 2 1 2 2 2 2
left_child=1 2 4 30 -1 21 15 8 10 -10 11 12 55 -13 -3 16 -7 18 43 -19 -21 -6 -23 24 26 -26 27 28 -24 -27 37 32 33 34 -32 36 -33 38 57 -16 41 -41 -20 45 -45 -5 52 48 -39 -49 51 -51 -47 -46 -55 -8 -37 -2 59 -59 -61 -30
right_child=3 14 -4 17 5 6 7 -9 9 -11 -12 13 -14 -15 39 -17 -18 19 42 20 -22 22 23 -25 25 29 -28 -29 61 -31 31 35 -34 -35 -36 56 -38 47 -40 40 -42 -43 -44 44 53 46 -48 49 -50 50 -52 -53 -54 54 -56 -57 -58 58 -60 60 -62 -63
leaf_value=13.315289978547529 0.0013041931083521893 -3.355676127246757 17.67237247913442 -1.2749366776678897 -8.006465532098499 -3.053062020346176 1.8701866998816983 -12.852754151480539 21.215473300919815 2.7645500800188851 -2.155617984925231 4.7344214668980351 -6.5093230258141253 19.193109940259884 4.760420837467664 20.309375488758089 14.600701885563987 11.738374329039029 -19.214178126653039 -12.219808303288051 2.0453613567606834 10.08251710035363 10.501164742878506 -9.2759786051373165 15.480904681183572 -7.1985626784237953 9.0249450622569949 -6.2922130745353435 1.0573454982195145 8.6450214963970762 2.7485405797404905 0.55041013524877547 0.19848229082263247 19.130939987727576 17.180508200199373 -10.355414288043976 15.835631851468769 -1.1995099904891169 -1.1559963763416059 17.984559698985972 0.42397694566429811 -2.9218795476136386 -4.4702127522037882 -0.94919438156023017 -6.952388680854229 1.2795180835221944 0.22307443430759913 -4.4019402200892825 -8.9467576685086101 21.269510874067038 -0.27900498250518185 3.2377360685451615 11.76389187203079 -1.6578081137236749 -11.833775130440209 13.447057571013771 0.71539996077374723 3.0688404367091673 -0.97263022332951654 1.4927785778045655 19.291476633283828 -10.196819817297389
leaf_weight=44 475 276 47 4398 56 43 66 35 34 34 146 54 56 39 219 30 56 56 30 35 281 49 42 43 43 33 42 141 78 33 112 562 98 42 31 60 35 2019 727 46 4679 54 31 1018 287 57 1230 59 71 35 99 37 61 374 34 36 41 571 138 30 45 33
leaf_count=44 475 276 47 4398 56 43 66 35 34 34 146 54 56 39 219 30 56 56 30 35 281 49 42 43 43 33 42 141 78 33 112 562 98 42 31 60 35 2019 727 46 4679 54 31 1018 287 57 1230 59 71 35 99 37 61 374 34 36 41 571 138 30 45 33
internal_value=-0.0272831 1.03362 3.06059 -0.557897 2.54231 2.15441 4.12335 2.5959 3.7587 11.99 2.3488 4.9689 1.538 10.7977 0.52416 10.0437 6.93291 -1.0762 -1.23784 2.16237 0.465358 0.0659337 0.907748 -0.0134889 0.881538 6.54506 -0.955737 -2.38155 1.2224 0.723229 0.216356 1.97244 5.87768 8.88612 5.87715 0.389089 1.44653 -0.183216 0.851565 0.739461 0.555199 6.69508 -11.7213 -1.1521 -2.36632 -0.79012 0.791649 -1.06902 -1.46269 2.50823 4.89244 12.0032 6.17602 -4.44205 -2.44586 5.95614 -5.86132 2.01082 3.18764 4.12571 12.172 -2.28849
internal_weight=19766 6587 1313 13179 1266 1222 629 500 465 68 397 251 158 93 5274 129 99 7892 7520 372 316 593 537 488 445 109 336 294 153 66 5287 981 283 185 143 698 597 4306 1986 4998 4779 100 61 7459 1713 5746 1348 2320 2090 230 171 72 118 695 408 102 101 1259 784 646 75 111
internal_count=19766 6587 1313 13179 1266 1222 629 500 465 68 397 251 158 93 5274 129 99 7892 7520 372 316 593 537 488 445 109 336 294 153 66 5287 981 283 185 143 698 597 4306 1986 4998 4779 100 61 7459 1713 5746 1348 2320 2090 230 171 72 118 695 408 102 101 1259 784 646 75 111
cat_boundaries=0 1 2 3 4 5 6
cat_threshold=2241 16 20 18 1048 52
is_linear=0
shrinkage=0.05


Tree=100
num_leaves=63
num_cat=3
split_feature=4 4 18 9 9 1 14 14 14 14 10 9 4 18 14 9 10 7 11 9 11 0 19 4 5 18 17 13 14 10 10 17 6 4 1 15 15 25 18 24 19 24 5 17 0 2 1 1 1 14 5 5 18 14 5 4 18 5 17 15 15 1
split_gain=4.10735e+06 1.90477e+06 3.24359e+06 2.80363e+06 3.58762e+06 2.78463e+06 2.49833e+06 2.04949e+06 2.32741e+06 2.99942e+06 2.79394e+06 1.90217e+06 2.03761e+06 3.98634e+06 2.26593e+06 2.00797e+06 1.81941e+06 1.78862e+06 2.67287e+06 2.59692e+06 3.6333e+06 2.15814e+06 2.27213e+06 1.73411e+06 1.67275e+06 1.63012e+06 1.58492e+06 1.52673e+06 2.07832e+06 2.41754e+06 3.18225e+06 1.63045e+06 1.60373e+06 1.43078e+06 1.42213e+06 1.38237e+06 1.35084e+06 1.30514e+06 1.30741e+06 2.14568e+06 2.23273e+06 2.00694e+06 1.96023e+06 2.1806e+06 1.47595e+06 1.30808e+06 1.28027e+06 2.21807e+06 1.30062e+06 1.23607e+06 1.2004e+06 1.53244e+06 1.20021e+06 3.89171e+06 1.34647e+06 1.62953e+06 1.18984e+06 2.66982e+06 1.66516e+06 3.22224e+06 3.32576e+06 1.43253e+06
threshold=5366.5000000000009 10029.500000000002 5.5000000000000009 1496.6220521905591 355.31763954802278 13053.500000000002 4.2150000000000007 3.9550000000000005 3.6250000000000004 3.3650000000000007 561.90312724747753 694.32472310472406 6544.5000000000009 47.500000000000007 2.6950000000000007 682.92687436130893 1056.9990431813287 8538.9375000000018 492.00917314444922 358.47774146935268 803.4561052249868 10427.000000000002 10.500000000000002 11640.500000000002 5883.5000000000009 31.500000000000004 9.5750000000000011 3.7250000000000005 3.5750000000000006 826.69858601521844 954.68496444119216 3.1350000000000002 12000.375000000002 8127.5000000000009 8061.0000000000009 -0.017936117137718036 0.70006914303055012 0 33.500000000000007 1 5.5000000000000009 2 3258.5000000000005 6.8050000000000006 4823.5000000000009 2483.5000000000005 4589.5000000000009 4718.5000000000009 4297.5000000000009 7.9050000000000011 11083.000000000002 10120.500000000002 47.500000000000007 2.6950000000000007 6621.0000000000009 7126.0000000000009 48.500000000000007 3923.5000000000005 4.7150000000000007 0.066786409220175716 -0.06663322281577834 3371.5000000000005
decision_type=2 2 2 2 2 2 2 2 2 2 2 2 2 2 2 2 2 2 2 2 2 2 2 2 2 2 2 2 2 2 2 2 2 2 2 2 2 1 2 1 2 1 2 2 2 2 2 2 2 2 2 2 2 2 2 2 2 2 2 2 2 2
left_child=26 11 -3 4 -4 6 7 8 9 10 -6 15 16 14 -14 17 24 52 -19 20 -20 22 35 -5 25 -13 37 31 -29 -30 -31 34 33 -32 -16 -21 -28 -1 39 42 44 56 43 -39 46 -44 48 -48 -41 -45 51 -12 -2 -54 -55 -56 -40 58 59 60 -58 -61
right_child=1 2 3 23 5 -7 -8 -9 -10 -11 50 12 13 -15 27 -17 -18 18 19 21 -22 -23 -24 -25 -26 -27 36 28 29 30 32 -33 -34 -35 -36 -37 -38 38 41 40 -42 -43 45 49 -46 -47 47 -49 -50 -51 -52 -53 53 54 55 -57 57 -59 -60 61 -62 -63
leaf_value=-0.036007256936808972 1.4530709464906275 19.458171147108079 -5.3369677187502385 -15.569644069671632 15.819037379774938 20.645428297596595 -5.3547828483581545 18.663221141695978 -3.3623382615261392 18.331224372340184 -0.14068330576722052 -7.0637954134207508 8.5757265542682841 14.639142737699594 2.3147615460381994 13.230770455466377 4.5931270090016456 -16.576738517483076 18.132259242599076 -8.0360320407152184 -4.6875296390417853 5.0111035764217382 -18.721554829315707 1.1631495736539363 -11.125410628993556 4.6472886025905611 2.0120312191070395 12.542832781422524 -9.841241875489553 15.251866902623858 1.8938753739381449 -11.785276094879677 7.4309920731712795 -10.828288033429315 -10.437915623746813 4.5831656578709099 12.633811449377161 -2.7954244618301467 0.44880792903844446 0.95887175954896109 -2.6123848700568821 -1.5991395543702598 0.013558978647799105 11.955574326515197 -2.9527270959911647 -10.72934233526553 13.474686608224545 1.4766201012946192 -3.867850792464937 -0.91085815157209127 -6.33154043272922 12.768166177413043 19.887977620175011 6.0360068489765304 -11.251247131463254 4.7131576415031189 13.125886697660793 -4.6797771284545675 -0.4053604954853654 22.26248313136723 -5.4708585332024775 8.3562918370769861
leaf_weight=8189 2495 32 80 30 43 31 50 32 61 51 71 78 57 46 69 36 44 30 37 60 33 48 33 32 106 48 141 31 60 35 39 67 34 51 32 34 38 1428 1070 1257 951 1138 37 40 286 121 53 141 157 35 38 34 38 87 33 31 44 69 64 46 53 31
leaf_count=8189 2495 32 80 30 43 31 50 32 61 51 71 78 57 46 69 36 44 30 37 60 33 48 33 32 106 48 141 31 60 35 39 67 34 51 32 34 38 1428 1070 1257 951 1138 37 40 286 121 53 141 157 35 38 34 38 87 33 31 44 69 64 46 53 31
internal_value=-0.0260891 1.32539 3.98097 3.08536 4.35046 6.23609 5.06059 6.63867 5.34745 7.58921 4.64381 0.915704 -1.25515 0.584932 -0.776107 1.49339 -4.72863 1.35059 -2.48985 -0.764929 7.37436 -4.02064 -7.43422 -6.93336 -6.49655 -2.60243 -0.410481 -2.05136 0.425763 -1.28944 1.93766 -5.73755 -1.82039 -5.31535 -1.72569 -3.47164 4.26693 -0.465528 -0.965076 -1.47619 -0.633431 -0.053174 -2.89843 -2.35896 0.35688 -8.2136 0.945529 4.75444 0.422949 5.95124 1.28343 4.03933 1.74408 5.58567 1.98642 -3.51849 1.22717 3.97998 6.49059 9.02703 2.96478 16.6639
internal_weight=19766 4377 585 553 491 411 380 330 298 237 186 3792 797 521 475 2995 276 2959 275 245 70 175 127 62 232 126 15389 418 250 219 159 168 124 90 101 94 179 15210 7021 4506 2845 2515 1661 1503 1894 158 1608 194 1414 75 143 105 2684 189 151 64 1377 307 238 174 97 77
internal_count=19766 4377 585 553 491 411 380 330 298 237 186 3792 797 521 475 2995 276 2959 275 245 70 175 127 62 232 126 15389 418 250 219 159 168 124 90 101 94 179 15210 7021 4506 2845 2515 1661 1503 1894 158 1608 194 1414 75 143 105 2684 189 151 64 1377 307 238 174 97 77
cat_boundaries=0 1 2 3
cat_threshold=21 60 2268
is_linear=0
shrinkage=0.05


Tree=101
num_leaves=63
num_cat=1
split_feature=8 13 8 13 11 14 7 18 11 14 2 8 1 6 10 10 1 2 9 9 9 10 18 3 9 8 11 10 22 12 18 12 2 12 9 16 1 10 0 11 11 0 18 11 15 12 9 8 0 15 15 7 13 14 1 3 18 24 13 3 14 13
split_gain=3.76739e+06 1.51356e+06 3.23826e+06 2.2925e+06 2.04112e+06 1.98722e+06 2.33823e+06 1.58833e+06 1.86313e+06 1.49603e+06 1.49421e+06 2.17708e+06 1.41828e+06 1.70249e+06 2.58218e+06 1.9827e+06 2.29607e+06 2.27095e+06 1.92719e+06 3.96744e+06 2.67148e+06 2.36736e+06 2.35493e+06 2.35729e+06 2.03651e+06 1.99586e+06 1.56708e+06 1.55467e+06 2.07482e+06 1.55001e+06 3.86656e+06 2.24614e+06 2.00706e+06 1.58085e+06 1.44837e+06 2.64861e+06 2.4398e+06 1.84837e+06 2.80611e+06 1.50344e+06 3.61529e+06 1.34393e+06 1.60746e+06 1.41568e+06 1.30159e+06 2.59687e+06 1.29427e+06 1.33335e+06 1.28812e+06 1.52951e+06 3.02441e+06 4.48951e+06 1.33551e+06 2.19741e+06 1.54523e+06 1.40868e+06 1.2864e+06 3.52382e+06 1.64715e+06 1.4283e+06 1.32221e+06 1.27151e+06
threshold=5893.0833333333348 3.4750000000000005 12509.04166666667 3.1350000000000002 697.31855998651974 3.3850000000000002 9303.6875000000018 45.500000000000007 588.22513598496755 2.7450000000000006 5666.5000000000009 3941.1250000000005 13053.500000000002 12000.375000000002 1418.667082655508 840.32627862978347 11726.000000000002 11318.500000000002 451.77750787591373 471.03803808401068 436.14996453638099 776.88118820193029 3.5000000000000004 6009.5000000000009 404.9357446632452 6388.7500000000009 613.37740792988131 745.86447004928766 7.8600000000000003 6.3350000000000009 8.5000000000000018 4.0450000000000008 7895.5000000000009 3.6250000000000004 384.4345890057545 3.2250000000000005 6169.5000000000009 614.32475964806974 7807.5000000000009 535.36216493847644 658.24595585178315 7474.5000000000009 37.500000000000007 972.04358842203749 0.0065359477124160579 4.1050000000000013 286.43519925196648 1335.5833333333337 5767.5000000000009 -0.23816866762125052 -0.12085768816658725 7850.0625000000009 2.1950000000000007 2.5650000000000004 7178.5000000000009 6009.5000000000009 4.5000000000000009 0 6.8050000000000006 2321.5000000000005 6.7950000000000008 2.5250000000000004
decision_type=2 2 2 2 2 2 2 2 2 2 2 2 2 2 2 2 2 2 2 2 2 2 2 2 2 2 2 2 2 2 2 2 2 2 2 2 2 2 2 2 2 2 2 2 2 2 2 2 2 2 2 2 2 2 2 2 2 1 2 2 2 2
left_child=10 3 12 5 9 7 -7 48 -9 -5 11 46 13 14 15 18 17 29 20 -20 24 22 -21 -24 34 -25 -26 28 -27 30 -17 33 -31 -32 35 39 -37 38 -38 -3 -41 -6 43 -43 -30 -46 47 -1 -2 -50 51 -51 53 -52 55 -54 57 58 60 -60 -48 -56
right_child=1 2 -4 4 41 6 -8 8 -10 -11 -12 -13 -14 -15 -16 16 -18 -19 19 21 -22 -23 23 25 26 27 -28 -29 44 32 31 -33 -34 -35 -36 36 37 -39 -40 40 -42 42 -44 -45 45 -47 56 -49 49 50 52 -53 54 -55 61 -57 -58 -59 59 -61 -62 -63
leaf_value=-2.7483763851149772 6.0440213702524765 3.4945706028577899 14.380593873804267 9.8988825162251786 -0.521630942765272 3.7527682685852053 19.500581361452742 13.092571685898982 -0.58169960671282828 -1.4279089497327806 -2.6978476916080298 0.57569198825656354 -8.3656562343239784 11.749494493785113 -8.4631334493034771 23.385599994659426 -6.2813972176689852 17.425870133416598 -13.425669270974618 12.129646620797176 17.979547808965048 -7.0705608952746672 11.030763622358734 -8.6408868643545329 2.7164002879973381 3.4987800121740111 -12.619897990756565 11.955801150004071 -8.0206994077433702 8.3111827650335108 3.4204687918935508 -2.7620488703250885 -5.5608496135280987 14.966291982786997 12.011134656270345 9.5801368579529882 -3.4527192661166191 -11.730014668703079 9.3846666886888706 26.335073586433165 4.3383030384144883 -12.884632956843044 -20.091079845428467 0.18391660809516908 11.336139780282975 -8.8073697745800015 4.2917227764924375 -0.17893352021788961 -8.325015357335408 -0.42111721450791645 -1.4830144967498451 23.247184464425754 -8.5906640630779858 14.838416630029679 -10.709803749533261 2.6517832612858143 -2.2105123073640045 -4.5344727186614247 18.180705748817751 4.1811288320704518 -5.653613673349799 -2.8339455691094582
leaf_weight=542 79 86 55 33 53 110 30 53 47 250 645 5360 32 46 57 33 38 43 54 51 30 85 51 62 31 198 36 30 92 45 63 64 62 56 48 57 160 40 58 31 47 43 30 40 32 32 150 7376 60 51 58 33 33 32 68 179 2003 179 35 38 43 208
leaf_count=542 79 86 55 33 53 110 30 53 47 250 645 5360 32 46 57 33 38 43 54 51 30 85 51 62 31 198 36 30 92 45 63 64 62 56 48 57 160 40 58 31 47 43 30 40 32 32 150 7376 60 51 58 33 33 32 68 179 2003 179 35 38 43 208
internal_value=-0.024826 1.491 2.42467 0.297271 -2.68903 1.58531 7.1273 0.724182 6.66566 -0.107117 -0.339176 -0.242435 2.06923 2.2529 2.00637 2.35434 5.41685 6.63142 1.41059 -0.416432 3.42208 0.69336 1.89762 0.847651 2.68685 -0.316785 -5.524 1.02721 0.101059 5.19438 7.6322 4.79142 0.273183 8.8538 3.73074 2.90097 0.218231 -1.8501 -0.037268 8.05378 13.0806 -7.09073 -10.1718 -6.58654 -4.21143 1.26439 -0.665468 -0.354816 -0.0175764 -0.680826 0.0120008 8.87714 -1.27636 4.32016 -2.3085 0.90178 -1.67027 0.76145 4.33283 10.8933 2.07592 -4.77437
internal_weight=19766 3395 1905 1490 449 1041 140 901 100 283 16371 15726 1850 1818 1772 1715 404 366 1311 687 624 633 548 497 594 446 67 384 354 323 216 183 107 119 527 479 315 258 218 164 78 166 113 83 156 64 10366 7918 801 722 662 84 578 90 488 212 2448 445 266 73 193 276
internal_count=19766 3395 1905 1490 449 1041 140 901 100 283 16371 15726 1850 1818 1772 1715 404 366 1311 687 624 633 548 497 594 446 67 384 354 323 216 183 107 119 527 479 315 258 218 164 78 166 113 83 156 64 10366 7918 801 722 662 84 578 90 488 212 2448 445 266 73 193 276
cat_boundaries=0 1
cat_threshold=2074
is_linear=0
shrinkage=0.05


Tree=102
num_leaves=63
num_cat=2
split_feature=8 8 9 5 19 11 10 24 15 11 1 6 6 16 15 13 13 5 9 15 1 12 9 17 16 16 5 15 16 14 16 15 7 13 13 15 15 4 8 6 11 13 9 13 6 8 15 12 3 13 15 5 25 9 13 8 8 13 15 19 4 16
split_gain=3.65244e+06 1.67058e+06 2.37622e+06 1.84242e+06 1.44611e+06 1.65441e+06 1.55336e+06 2.01855e+06 1.47076e+06 1.49196e+06 1.41923e+06 1.39326e+06 1.47084e+06 1.26343e+06 1.59724e+06 1.31164e+06 2.80201e+06 1.98091e+06 1.7403e+06 1.66179e+06 3.49459e+06 3.99149e+06 3.51978e+06 3.4616e+06 2.70656e+06 2.87891e+06 2.27745e+06 2.25501e+06 2.05054e+06 2.07421e+06 2.52102e+06 2.28116e+06 2.04193e+06 2.03307e+06 3.63975e+06 2.14442e+06 3.25155e+06 3.45891e+06 3.1401e+06 2.41004e+06 2.48746e+06 2.38451e+06 1.75794e+06 1.89661e+06 1.66689e+06 1.39921e+06 1.48806e+06 1.48487e+06 1.90671e+06 1.35105e+06 1.32144e+06 1.29805e+06 1.69736e+06 1.38686e+06 2.21512e+06 2.10624e+06 1.32984e+06 1.28592e+06 1.22599e+06 1.16853e+06 2.64567e+06 1.61194e+06
threshold=6834.791666666667 2089.041666666667 451.77750787591373 2057.5000000000005 4.5000000000000009 1048.2668171720497 1056.9990431813287 0 0.24069219851475515 462.89282656513143 7454.5000000000009 6883.1250000000009 6689.2500000000009 10.215000000000002 0.58225785601172098 7.5600000000000014 6.8050000000000006 9863.0000000000018 653.93994752403705 -0.055741414066174645 11331.500000000002 3.1950000000000007 682.92687436130893 3.6650000000000005 4.6450000000000005 2.3550000000000004 8021.0000000000009 -0.04912368155709386 2.7750000000000004 2.6650000000000005 2.9850000000000008 -0.142742028318178 9549.3750000000018 3.4750000000000005 3.5250000000000004 0.019996816223231403 0.039033032893115473 9117.0000000000018 7551.3750000000009 10315.250000000002 828.1666927229611 3.9050000000000007 311.95873106202072 3.5750000000000006 11204.875000000002 10822.083333333336 0.015157432828277053 3.1950000000000007 8176.5000000000009 5.0550000000000006 -0.015831246985518486 9647.5000000000018 1 706.97558773770209 2.6350000000000002 7416.041666666667 9302.3333333333339 2.7250000000000005 -0.10968980662941441 1.5000000000000002 5078.5000000000009 8.5550000000000015
decision_type=2 2 2 2 2 2 2 1 2 2 2 2 2 2 2 2 2 2 2 2 2 2 2 2 2 2 2 2 2 2 2 2 2 2 2 2 2 2 2 2 2 2 2 2 2 2 2 2 2 2 2 2 1 2 2 2 2 2 2 2 2 2
left_child=1 3 11 -1 5 6 7 8 9 -4 -6 12 -3 14 15 16 19 -17 -18 20 23 -22 -23 24 25 -2 -25 -21 58 31 -31 -30 -28 44 -35 39 -37 38 -38 40 50 -39 43 -32 45 46 47 48 -29 -24 -36 52 53 54 -48 -56 -54 -44 -27 60 61 -9
right_child=13 2 4 -5 10 -7 -8 59 -10 -11 -12 -13 -14 -15 -16 17 18 -19 -20 27 21 22 49 26 -26 28 32 33 29 30 42 -33 -34 34 35 36 37 41 -40 -41 -42 -43 57 -45 -46 -47 51 -49 -50 -51 -52 -53 56 -55 55 -57 -58 -59 -60 -61 -62 -63
leaf_value=-0.90939573134990237 16.023735538721084 0.29648263782190698 3.81270192923217 -4.9665400306620295 -2.2027091651627733 -5.7290729317554216 11.06298868842423 5.177973215209275 -8.159465090210519 -2.5396017823834995 -13.020111976515862 8.5403309256422766 -7.9747353725963173 -8.2548566118876145 10.649179332661179 14.261102504913623 0.81827773970942352 0.87556531792980141 -14.880841879146855 -10.93105421647793 24.738178694875618 -8.2362102354726492 5.0096193440755208 4.1660013971657595 16.323601675033569 -10.908049091425809 -15.336348608823924 0.67236004829406737 2.1283116636848129 11.771606422820183 -0.91316211644340961 19.569892338702555 -2.0432939103933481 18.885263459550011 3.8719618697961176 20.644550215525015 4.3502975945202804 2.3281794162023637 -14.34210370809604 -13.143702842093802 13.963214782377086 19.497585986210751 7.3602844667434697 16.335225022633871 -9.7340385475937197 8.8979544997215267 14.903947744104597 -2.8829272551970053 15.777100960470927 20.015452117919921 -7.2583954077959065 -11.353422788569802 -10.626794950919201 -4.8281629002094277 -8.1774459792346494 6.9781103927355552 1.4681548293341291 -3.7869229389314953 2.200125853220622 0.27500184534830296 17.023737328393121 -3.4431402347705986
leaf_weight=2506 40 11547 116 315 1385 129 32 164 89 455 31 51 54 30 53 52 31 59 41 41 38 31 30 58 42 44 52 45 37 53 34 38 65 36 48 31 53 42 39 37 30 39 30 30 49 40 36 55 39 30 60 38 73 60 41 52 33 188 30 622 35 81
leaf_count=2506 40 11547 116 315 1385 129 32 164 89 455 31 51 54 30 53 52 31 59 41 41 38 31 30 58 42 44 52 45 37 53 34 38 65 36 48 31 53 42 39 37 30 39 30 30 49 40 36 55 39 30 60 38 73 60 41 52 33 188 30 622 35 81
internal_value=-0.00972325 -0.24737 -0.0347013 -1.36243 -1.25571 -0.282819 0.157938 -0.065469 -2.14841 -1.24912 -2.43953 0.294233 0.257982 1.93427 2.07826 1.85881 1.55921 7.14627 -8.1215 1.92859 3.53284 11.1278 5.44428 2.21065 4.11089 3.13201 -3.93529 0.556219 2.06658 3.44921 1.76648 10.9654 -7.95132 1.03878 3.69203 2.24888 5.73232 3.06019 -3.57366 -1.81183 1.22643 10.5949 -0.113914 7.17202 -0.923967 -0.0808161 -0.841729 3.50361 7.68528 12.5125 -2.31157 -2.65555 -1.53515 1.37909 4.37309 0.296629 -6.26989 -2.2529 -5.59392 1.4662 4.16473 2.32773
internal_weight=19765 17612 14791 2821 3139 1723 1594 1562 660 571 1416 11652 11601 2153 2123 2070 1959 111 72 1887 870 129 91 741 566 524 175 1017 484 410 335 75 117 976 415 379 204 173 92 175 138 81 282 64 561 512 472 139 84 60 108 333 295 189 129 93 106 218 74 902 280 245
internal_count=19765 17612 14791 2821 3139 1723 1594 1562 660 571 1416 11652 11601 2153 2123 2070 1959 111 72 1887 870 129 91 741 566 524 175 1017 484 410 335 75 117 976 415 379 204 173 92 175 138 81 282 64 561 512 472 139 84 60 108 333 295 189 129 93 106 218 74 902 280 245
cat_boundaries=0 1 2
cat_threshold=728 28
is_linear=0
shrinkage=0.05


Tree=103
num_leaves=63
num_cat=2
split_feature=4 13 13 5 3 8 11 6 18 12 18 15 15 11 11 1 15 14 12 11 9 8 18 13 15 5 11 19 9 11 12 15 13 14 24 9 11 9 18 24 9 15 13 14 5 11 9 5 12 3 6 5 18 14 5 5 8 15 7 12 15 14
split_gain=3.31881e+06 1.82512e+06 2.75626e+06 2.23398e+06 2.36579e+06 1.6114e+06 1.60811e+06 2.90216e+06 1.54946e+06 1.49152e+06 1.5806e+06 1.97401e+06 2.38409e+06 1.70289e+06 1.66448e+06 1.64136e+06 5.25885e+06 4.06895e+06 2.43168e+06 1.63683e+06 1.47115e+06 2.40914e+06 1.76082e+06 2.69218e+06 2.26851e+06 1.56439e+06 1.52704e+06 1.44735e+06 1.36746e+06 2.34852e+06 1.26381e+06 1.1761e+06 1.17938e+06 1.96187e+06 2.95454e+06 1.87804e+06 1.214e+06 1.17949e+06 1.12876e+06 1.24611e+06 1.38424e+06 1.93998e+06 1.88511e+06 1.14535e+06 1.10283e+06 1.09468e+06 1.75304e+06 1.22884e+06 1.1594e+06 1.19679e+06 1.53494e+06 2.7352e+06 1.53271e+06 1.50717e+06 1.71098e+06 1.08872e+06 1.48053e+06 1.90325e+06 2.45203e+06 2.18327e+06 3.17903e+06 2.42557e+06
threshold=6037.5000000000009 7.5750000000000011 6.8350000000000009 9863.0000000000018 7064.5000000000009 10250.04166666667 1358.4649075703492 7492.7500000000009 1.5000000000000002 7.0450000000000008 37.500000000000007 -0.20899953127441284 -0.048190932481589975 1019.579804422808 718.95047120542256 11331.500000000002 -0.099920054898571517 4.3450000000000006 3.7350000000000008 1358.4649075703492 456.43719430683927 2819.2916666666674 3.5000000000000004 6.5700000000000012 0.28112173816422431 6354.0000000000009 350.11198964543797 4.5000000000000009 744.30340147670142 492.00917314444922 3.0450000000000004 1.1280931966530294 5.3900000000000015 4.9250000000000007 0 253.59868229018312 690.45793552102498 367.34219898427858 36.500000000000007 1 271.43499835435767 0.60464610306278399 4.1050000000000013 3.5850000000000004 2402.5000000000005 854.31735545390086 694.32472310472406 8547.0000000000018 4.6450000000000005 8507.5000000000018 7046.5000000000009 6677.5000000000009 43.500000000000007 3.3750000000000004 5979.5000000000009 2898.5000000000005 4784.416666666667 -0.065284879910836022 4931.6875000000009 3.3650000000000007 -0.10743674602327492 6.0850000000000009
decision_type=2 2 2 2 2 2 2 2 2 2 2 2 2 2 2 2 2 2 2 2 2 2 2 2 2 2 2 2 2 2 2 2 2 2 1 2 2 2 2 1 2 2 2 2 2 2 2 2 2 2 2 2 2 2 2 2 2 2 2 2 2 2
left_child=6 2 8 4 -3 -5 7 20 -2 10 15 -12 14 45 30 -10 17 -17 -18 -19 21 26 23 24 -22 55 27 -1 29 -25 -13 32 33 -23 37 36 -34 -35 -29 40 41 42 -40 -44 -43 46 48 -48 49 50 51 53 -51 54 -14 -24 -57 59 -59 -58 61 -61
right_child=1 3 -4 5 -6 -7 -8 -9 9 -11 11 12 13 -15 -16 16 18 19 -20 -21 22 31 25 28 -26 -27 -28 38 -30 -31 -32 -33 35 34 -36 -37 -38 -39 39 -41 -42 44 43 -45 -46 -47 47 -49 -50 52 -52 -53 -54 -55 -56 56 57 58 -60 60 -62 -63
leaf_value=0.95804126579741034 12.787030501365663 4.3082066208975656 -7.4485256272755311 -7.9614030965169285 22.826839070175502 8.2939196094389889 -10.999564781188965 14.322269664091223 0.42230712703916962 -7.1101097792971375 -6.8479417255946577 7.7300801848992711 5.7662007871837844 -8.2970139179159617 1.6294644757192964 25.720223608016965 -7.9518549429045784 -2.6002342462539674 6.7651396658109579 13.656430829366048 1.935191067110134 0.33379751133339514 2.1564627191182733 3.6696362546972328 -9.4847631106774024 -6.7115049117539201 -3.6392132751643658 -2.0665602847480664 1.0129317492973513 21.737137517588479 17.967162494492111 8.0585240485072145 0.35187725759545962 -0.3451759042268131 -6.7809271535253135 3.6384400929241276 -9.2279224150521415 9.6557344981602267 1.5274470937117455 -1.7316500100279151 -4.2169138730582549 -0.80924181938171391 3.6716067575639295 17.156678060442211 -13.517198913328111 12.224952375888826 -10.120737873054132 3.0712636409267304 -5.1590146891276047 17.846361655157967 -4.1527094043218176 19.358954772949218 3.0249167994116295 9.3952389717102047 -8.4225262752799104 -2.8524171163638434 -2.4085677186800885 7.1966249214519156 -4.2673966786760458 7.9023579091395977 19.832931417577409 -4.0907478237152102
leaf_weight=1048 30 35 89 30 34 31 35 34 1999 51 42 64 42 34 49 40 72 32 46 30 158 6920 185 37 60 155 480 1743 41 35 57 50 600 187 236 656 35 35 775 821 118 38 31 32 31 32 41 31 30 37 52 30 33 52 43 1299 130 55 307 106 34 70
leaf_count=1048 30 35 89 30 34 31 35 34 1999 51 42 64 42 34 49 40 72 32 46 30 158 6920 185 37 60 155 480 1743 41 35 57 50 600 187 236 656 35 35 775 821 118 38 31 32 31 32 41 31 30 37 52 30 33 52 43 1299 130 55 307 106 34 70
internal_value=-0.00923709 1.46819 1.22153 7.27053 13.4333 0.299499 -0.293368 -0.270716 1.48142 1.36602 1.5157 3.64604 4.34899 2.46853 9.4041 0.873434 4.97253 13.2872 -2.21472 5.26589 -0.300772 -0.0933449 -1.37486 2.03861 -1.20792 -1.8575 -0.95458 -0.67668 8.30183 12.4524 12.5525 0.412096 0.367994 0.124041 -3.04521 1.76217 -0.176143 1.17846 -1.15402 -0.292403 0.868816 1.54004 2.20359 10.5212 -6.51861 3.33385 2.60618 -4.44085 4.19674 5.16792 3.34882 5.68463 10.8591 2.69025 -1.41163 -1.51332 -1.85261 -0.00252558 -2.52563 2.68383 5.83627 3.13237
internal_weight=19765 3188 3058 130 69 61 16577 16542 2969 2939 2888 669 627 457 170 2219 220 102 118 62 16508 13836 2672 331 218 2341 5117 4637 113 72 121 8719 8669 7378 458 1291 635 222 3589 1846 1025 907 838 63 69 423 391 72 319 289 219 167 70 137 85 2186 2001 702 362 340 210 176
internal_count=19765 3188 3058 130 69 61 16577 16542 2969 2939 2888 669 627 457 170 2219 220 102 118 62 16508 13836 2672 331 218 2341 5117 4637 113 72 121 8719 8669 7378 458 1291 635 222 3589 1846 1025 907 838 63 69 423 391 72 319 289 219 167 70 137 85 2186 2001 702 362 340 210 176
cat_boundaries=0 1 2
cat_threshold=1420 540
is_linear=0
shrinkage=0.05


Tree=104
num_leaves=63
num_cat=5
split_feature=8 3 9 8 6 6 2 25 24 3 1 13 5 4 15 24 19 7 14 11 14 12 11 8 4 14 25 1 11 15 11 14 19 13 12 11 2 2 14 1 14 16 6 12 19 24 14 13 7 5 2 19 2 1 4 16 15 1 14 2 9 4
split_gain=3.03568e+06 1.45003e+06 2.1947e+06 1.29575e+06 3.20208e+06 1.38047e+06 1.36435e+06 1.22911e+06 2.4753e+06 2.30611e+06 2.25321e+06 1.49213e+06 1.78608e+06 2.0264e+06 1.60249e+06 1.45423e+06 1.42058e+06 2.24758e+06 1.97719e+06 1.50235e+06 1.34894e+06 2.32526e+06 1.46791e+06 1.59298e+06 1.9978e+06 1.27717e+06 2.13042e+06 1.89249e+06 1.78049e+06 1.31479e+06 1.29326e+06 1.21483e+06 1.20031e+06 1.59109e+06 2.35527e+06 1.43336e+06 1.37503e+06 1.34772e+06 1.31409e+06 2.11538e+06 1.23287e+06 1.29832e+06 1.13942e+06 1.1391e+06 1.2093e+06 2.16131e+06 1.50118e+06 1.55477e+06 1.1438e+06 1.11275e+06 2.4587e+06 1.57593e+06 1.19372e+06 1.48918e+06 1.28239e+06 1.07064e+06 1.49709e+06 1.09897e+06 1.25216e+06 1.29745e+06 3.57544e+06 1.33393e+06
threshold=6834.791666666667 2117.5000000000005 451.77750787591373 6758.041666666667 6883.1250000000009 6689.2500000000009 6653.5000000000009 0 1 6503.5000000000009 5794.5000000000009 7.0450000000000008 4564.5000000000009 3615.5000000000005 0.47868823477415384 2 6.5000000000000009 5263.1875000000009 3.4550000000000005 239.97837610601073 3.2850000000000006 2.4350000000000005 229.30431673515889 5624.0000000000009 6232.5000000000009 3.8850000000000002 3 5122.5000000000009 588.22513598496755 -0.30033018471460865 400.12454455755102 2.6350000000000002 4.5000000000000009 5.0550000000000006 6.660000000000001 1048.2668171720497 6713.5000000000009 6390.5000000000009 6.5100000000000007 6080.5000000000009 9.3850000000000016 7.9500000000000011 4831.8750000000009 7.0450000000000008 1.5000000000000002 4 6.9200000000000008 5.7000000000000011 4303.8125000000009 3387.5000000000005 3812.5000000000005 11.500000000000002 3891.5000000000005 3943.5000000000005 5010.5000000000009 10.215000000000002 0.58225785601172098 6345.5000000000009 1.9950000000000003 6522.5000000000009 566.31997824792541 8680.5000000000018
decision_type=2 2 2 2 2 2 2 1 1 2 2 2 2 2 2 1 2 2 2 2 2 2 2 2 2 2 1 2 2 2 2 2 2 2 2 2 2 2 2 2 2 2 2 2 2 1 2 2 2 2 2 2 2 2 2 2 2 2 2 2 2 2
left_child=1 -1 3 4 5 6 7 8 9 10 16 12 15 -14 -13 49 -3 18 19 -18 21 -15 -23 -24 -25 -22 27 42 29 -28 -29 -10 35 -34 -35 36 37 40 39 -38 43 -42 -27 44 45 46 47 -4 -47 -9 -51 52 53 -52 -54 56 57 -2 -59 60 -60 -61
right_child=55 2 32 -5 -6 -7 -8 11 31 -11 -12 14 13 20 -16 -17 17 -19 -20 -21 25 22 23 24 -26 26 28 30 -30 -31 -32 -33 33 34 -36 -37 38 -39 -40 -41 41 -43 -44 -45 -46 48 -48 -49 -50 50 51 -53 54 -55 -56 -57 -58 58 59 61 -62 -63
leaf_value=-1.2076359112345385 7.7963729022254418 1.186740625057465 3.9654667594216089 -9.9064111594230901 15.015012204969253 -8.0077044203281407 7.902191587625925 4.2399919799550529 -2.7792755420283068 14.458530742847003 -4.906557554517474 1.6877448881021149 -9.4852980935573594 -5.4876991664541181 11.215974846978982 -0.19637540824988056 10.948019675052528 15.682701305349667 15.540543004870415 -1.3553460651040077 -4.8674788982022648 11.908630893732372 -0.93085398592969837 11.991102123972196 -0.57021304070949552 4.0957416160540152 7.7068019805415986 -7.4415367292321255 -11.638026984263275 -3.4749492348963127 2.6884755444526673 1.010899334819803 -1.8953572083795187 -19.614123822038529 -1.0899564424076595 -5.3734030183909454 12.710872945477886 -7.3863604623824362 14.367361321548621 -3.568907098684992 9.7424888487905275 -0.63342105275706251 16.61086060923915 -3.7974373757554014 -0.71662740984934015 1.7323067478338878 0.072861905300870861 16.627201197186004 -9.1831010496616354 -2.4286550466486534 1.6373427443015272 10.494636263413863 0.20437675806601627 16.454845967292787 5.1268226061752458 -7.6162910270690922 10.193697569505225 -8.3449339531362057 -1.7262342211746036 0.027038900746812679 20.084851646248033 2.6831274541728787
leaf_weight=3098 71 156 44 31 37 50 59 303 254 52 70 547 80 116 48 5617 33 60 32 100 344 38 228 67 60 44 31 46 59 173 100 1261 1341 32 37 128 31 64 30 56 64 57 31 209 771 60 47 54 40 394 39 55 637 30 167 30 53 32 42 936 34 955
leaf_count=3098 71 156 44 31 37 50 59 303 254 52 70 547 80 116 48 5617 33 60 32 100 344 38 228 67 60 44 31 46 59 173 100 1261 1341 32 37 128 31 64 30 56 64 57 31 209 771 60 47 54 40 394 39 55 637 30 167 30 53 32 42 936 34 955
internal_value=-0.00899058 -0.225645 -0.0160399 0.302084 0.3298 0.282058 0.318638 0.278944 1.39366 4.40063 3.33854 0.034318 -0.132075 -1.7555 2.45641 0.18557 4.85339 7.3956 4.38211 1.69737 -1.29298 0.732635 2.56866 1.56889 6.05662 -2.5382 -0.882671 2.69128 -3.84212 -1.77576 -0.503172 0.372989 -1.20436 -2.27635 -9.68087 -0.291061 0.134964 -0.29724 5.34358 2.23193 0.0398354 4.85466 9.26866 -0.435752 0.255776 3.31587 6.94048 10.9423 -2.39441 1.4978 0.880623 2.28564 1.76846 8.07974 1.22683 1.76329 1.89583 1.68337 1.46625 1.62587 8.03136 1.36843
internal_weight=19765 17612 14514 11449 11418 11381 11331 11272 2018 503 451 9254 8659 1417 595 7242 381 225 165 133 1337 509 393 355 127 828 484 221 263 204 146 1515 3065 1410 69 1655 1527 1410 117 87 1346 121 75 1225 1016 245 145 98 100 1625 1322 928 873 69 804 2153 2123 2070 1999 1967 76 1891
internal_count=19765 17612 14514 11449 11418 11381 11331 11272 2018 503 451 9254 8659 1417 595 7242 381 225 165 133 1337 509 393 355 127 828 484 221 263 204 146 1515 3065 1410 69 1655 1527 1410 117 87 1346 121 75 1225 1016 245 145 98 100 1625 1322 928 873 69 804 2153 2123 2070 1999 1967 76 1891
cat_boundaries=0 1 2 3 4 5
cat_threshold=16 2160 2272 4 2066
is_linear=0
shrinkage=0.05


Tree=105
num_leaves=63
num_cat=4
split_feature=25 4 18 11 9 24 18 17 16 9 16 9 24 12 1 5 16 18 13 1 19 12 13 17 9 19 17 16 10 7 8 15 9 13 13 15 19 24 15 12 18 3 7 5 6 12 4 4 5 6 3 13 11 10 4 7 9 11 3 16 3 1
split_gain=3.38166e+06 2.70997e+06 3.572e+06 2.21084e+06 2.58111e+06 2.18814e+06 2.40246e+06 4.05327e+06 1.9328e+06 2.15874e+06 1.56047e+06 1.5532e+06 1.90958e+06 1.81938e+06 2.68911e+06 2.32589e+06 2.05968e+06 1.74086e+06 2.94238e+06 1.71031e+06 1.67333e+06 1.46142e+06 1.95145e+06 1.40653e+06 1.55118e+06 1.261e+06 1.41685e+06 2.45255e+06 1.25204e+06 1.8411e+06 1.86111e+06 1.65402e+06 1.21303e+06 2.29172e+06 1.13987e+06 1.03797e+06 1.03454e+06 1.4694e+06 1.09754e+06 1.36108e+06 1.14847e+06 2.13342e+06 1.80227e+06 1.46499e+06 1.42734e+06 1.03435e+06 1.02716e+06 1.85084e+06 964846 937086 1.92638e+06 910680 892509 888087 1.83842e+06 1.19039e+06 1.09049e+06 1.06867e+06 885734 838185 1.79628e+06 1.54624e+06
threshold=0 10029.500000000002 10.500000000000002 664.92717127067101 471.03803808401068 1 3.5000000000000004 4.8550000000000013 5.245000000000001 587.42687312767885 2.8750000000000004 1358.5763117382219 2 3.0650000000000004 5794.5000000000009 5933.5000000000009 3.3450000000000002 23.500000000000004 2.7750000000000004 6658.5000000000009 1.5000000000000002 5.9650000000000007 6.660000000000001 9.1650000000000009 246.19732922600423 4.5000000000000009 6.3350000000000009 6.0750000000000011 526.28070595787494 6996.6875000000009 7416.041666666667 0.072097536423876923 968.66526600973214 3.3250000000000006 1.8500000000000003 0.23299828254215252 7.5000000000000009 3 0.042694535585530914 4.245000000000001 47.500000000000007 4815.5000000000009 5051.5000000000009 4167.5000000000009 3927.0000000000005 6.3750000000000009 6746.5000000000009 6037.5000000000009 6836.0000000000009 5561.8750000000009 5515.5000000000009 9.7550000000000008 531.22112040396325 298.0019024332808 5326.0000000000009 3759.8750000000005 175.52006057991176 712.40936423638516 2237.5000000000005 3.4250000000000003 11297.000000000002 10126.500000000002
decision_type=1 2 2 2 2 1 2 2 2 2 2 2 1 2 2 2 2 2 2 2 2 2 2 2 2 2 2 2 2 2 2 2 2 2 2 2 2 1 2 2 2 2 2 2 2 2 2 2 2 2 2 2 2 2 2 2 2 2 2 2 2 2
left_child=1 11 -3 10 -5 6 7 -2 45 21 -4 12 13 17 16 -16 -15 18 -1 -19 48 -10 -23 24 49 -22 27 36 31 -30 -31 52 33 -6 35 -7 53 -38 40 -40 41 43 -43 44 -39 -9 47 58 -14 50 -8 -25 -17 54 55 -27 -57 -55 -26 61 -61 -36
right_child=5 2 3 4 32 34 23 8 9 -11 -12 -13 20 14 15 28 -18 19 -20 -21 25 22 -24 51 46 26 -28 -29 29 30 -32 -33 -34 -35 59 -37 37 38 39 -41 -42 42 -44 -45 -46 -47 -48 -49 -50 -51 -52 -53 -54 57 -56 56 -58 -59 -60 60 -62 -63
leaf_value=18.070015695787244 -2.0372078637695976 20.616827758582865 4.0549499527613326 -10.725215896400247 1.8036763109009841 -7.5100192442536358 -0.86276299958315628 8.2569359525044757 9.4314506646358609 15.739243967831136 20.181918977101645 -8.47139148933943 -2.0224748712802723 4.9116053134202957 -5.6947377617870067 12.207385449409486 20.56606709094758 -0.063600366170169745 -3.8955539353688557 -12.799712562561036 2.6493037754633453 -12.084779520107039 4.9834905287798712 10.839343045208906 -4.995236512283757 -0.35741029918886896 10.085983588960437 -9.4721572237748362 14.209675719009505 -3.9686557359473653 10.829450183964912 -7.5908449935913085 -2.5610250559720127 18.825951366424562 0.65283128726459161 2.470998219219414 -1.0113363155648114 -0.20325301889892963 -1.0865528069254828 8.1994439348261405 11.056881037780217 16.740837892077188 4.2744908540389117 -7.7031492959369317 9.576261370789771 20.994732873580034 4.3379250368246671 -11.575412834307244 -10.904195427213397 -9.6407904243469247 11.852486465916106 0.98511103903874764 0.29142911696072782 -3.3720090868645638 -9.8996086011614128 1.0054361609312206 10.936940764572661 6.1491613544523718 -1.9667360920247916 -0.047256772956016505 -8.1676105077715899 6.8647051459377257
leaf_weight=31 216 37 30 37 58 88 4203 30 33 32 30 43 242 38 56 30 47 131 30 33 769 33 34 37 292 172 36 65 72 43 42 35 44 30 3656 37 415 139 246 47 56 44 85 44 51 34 52 58 35 30 30 64 33 373 35 52 59 32 1394 5237 69 103
leaf_count=31 216 37 30 37 58 88 4203 30 33 32 30 43 242 38 56 30 47 131 30 33 769 33 34 37 292 172 36 65 72 43 42 35 44 30 3656 37 415 139 246 47 56 44 85 44 51 34 52 58 35 30 30 64 33 373 35 52 59 32 1394 5237 69 103
internal_value=0.0152004 1.32607 6.20226 3.87327 0.945998 -0.312037 -1.00801 2.68696 7.89318 4.43587 12.1184 0.975394 1.08767 3.58853 5.68632 3.53227 13.5676 0.0559187 7.26728 -2.62635 0.555645 0.818788 -3.42327 -1.25678 -1.35433 0.934526 0.258635 0.073891 5.55859 8.32663 3.34335 1.12407 4.21747 7.60672 0.18623 -4.55564 0.409293 1.35632 2.71246 0.40301 4.39215 3.36399 8.52658 0.517943 2.42177 15.0239 -2.58688 -2.79336 -3.14471 -0.835056 -0.772648 4.59508 5.96569 -1.06692 0.910696 2.24766 6.28434 -2.61972 -2.49125 0.251822 -0.152855 0.823042
internal_weight=19689 3927 266 229 169 15762 6572 412 196 132 60 3661 3618 621 396 311 85 225 61 164 2997 100 67 6160 6059 2720 1951 1915 255 157 85 98 132 88 9190 125 1850 1127 712 293 419 363 129 234 190 64 1796 1744 277 4263 4233 101 63 723 318 283 111 405 1686 9065 5306 3759
internal_count=19689 3927 266 229 169 15762 6572 412 196 132 60 3661 3618 621 396 311 85 225 61 164 2997 100 67 6160 6059 2720 1951 1915 255 157 85 98 132 88 9190 125 1850 1127 712 293 419 363 129 234 190 64 1796 1744 277 4263 4233 101 63 723 318 283 111 405 1686 9065 5306 3759
cat_boundaries=0 1 2 3 4
cat_threshold=16 314 2112 1313
is_linear=0
shrinkage=0.05


Tree=106
num_leaves=63
num_cat=3
split_feature=24 25 17 3 10 14 18 5 11 14 12 10 10 17 5 11 15 15 15 13 12 15 1 18 18 11 12 2 0 3 18 4 13 14 17 22 5 13 12 12 22 11 0 12 1 11 6 25 15 17 17 5 12 12 5 4 15 2 0 0 15 3
split_gain=3.06491e+06 2.24166e+06 2.2307e+06 3.16644e+06 2.33097e+06 3.13579e+06 2.05523e+06 1.73098e+06 1.657e+06 1.6474e+06 1.29792e+06 1.46446e+06 1.39045e+06 1.56451e+06 1.41599e+06 1.28832e+06 1.45033e+06 1.80469e+06 1.41748e+06 2.62929e+06 2.84066e+06 2.41539e+06 1.96377e+06 3.35554e+06 1.74552e+06 2.02476e+06 1.46427e+06 1.34512e+06 1.16845e+06 1.74771e+06 1.95835e+06 1.61104e+06 1.46051e+06 1.41638e+06 1.39852e+06 1.25921e+06 1.22811e+06 1.174e+06 2.44527e+06 2.18084e+06 1.79321e+06 2.44928e+06 1.63462e+06 1.54988e+06 2.68012e+06 1.11868e+06 1.11085e+06 1.09187e+06 1.24093e+06 1.64682e+06 2.46602e+06 1.74615e+06 1.59124e+06 2.42335e+06 1.03937e+06 1.03889e+06 1.44556e+06 1.02901e+06 2.03787e+06 1.02712e+06 1.01889e+06 1.01102e+06
threshold=0 1 3.8250000000000006 11297.000000000002 1056.9990431813287 4.1950000000000012 3.5000000000000004 4284.5000000000009 791.0347723467213 2.2150000000000003 2.3850000000000002 634.10302215081924 348.96863345990647 3.5250000000000004 5574.5000000000009 362.81255232552991 0.11772405704989983 0.20007022368813673 -0.072255773280363603 2.8650000000000007 4.1950000000000012 -0.054357204486626454 5794.5000000000009 34.500000000000007 34.500000000000007 972.04358842203749 2.8050000000000002 7269.5000000000009 4054.5000000000005 4234.5000000000009 15.500000000000002 3647.5000000000005 7.1350000000000007 4.1850000000000014 3.7550000000000003 4.7350000000000003 3736.5000000000005 7.285000000000001 6.1950000000000012 6.7650000000000015 4.0900000000000007 927.54013843235236 6411.0000000000009 7.0450000000000008 7781.5000000000009 758.66245434793746 4038.5000000000005 2 1.1280931966530294 6.8050000000000006 6.5100000000000007 5524.5000000000009 7.120000000000001 7.2650000000000006 5840.5000000000009 4130.5000000000009 0.12274072279467309 9623.0000000000018 7685.0000000000009 3428.5000000000005 -0.040312093628088706 7875.5000000000009
decision_type=1 1 2 2 2 2 2 2 2 2 2 2 2 2 2 2 2 2 2 2 2 2 2 2 2 2 2 2 2 2 2 2 2 2 2 2 2 2 2 2 2 2 2 2 2 2 2 1 2 2 2 2 2 2 2 2 2 2 2 2 2 2
left_child=1 2 6 4 5 -4 -1 -8 -7 -3 11 -9 14 15 -12 -14 18 -18 19 -17 57 -20 23 -23 25 26 -24 -26 31 30 32 34 55 -33 59 -35 46 38 -31 -40 -39 42 -42 -41 -45 -15 -32 54 49 50 51 -49 -51 -54 -2 56 -30 58 -21 -11 -61 -43
right_child=47 9 3 -5 -6 8 7 10 -10 28 12 -13 13 45 -16 16 17 -19 21 20 -22 22 24 -25 27 -27 -28 -29 29 37 36 33 -34 35 -36 -37 -38 40 39 43 41 61 -44 44 -46 -47 -48 48 -50 52 -52 -53 53 -55 -56 -57 -58 -59 -60 60 -62 -63
leaf_value=-7.1897692224191081 0.2629731595780147 -2.9382361593249757 -3.5103306520552864 19.159694309668108 -5.9474802793458457 20.388889197605412 11.547230633268967 0.95429078605439932 6.085087143778801 0.95118504416591376 2.6421889478846117 -10.884032900740461 13.396921394810533 2.3268721827771515 -4.8404527499791117 14.59532533533433 -7.0570208946863815 3.6652290581346869 15.295531742418968 -2.0667813347757988 8.7910480697639297 22.183030981766549 -11.297531715192292 1.3058066001305215 14.444168814553155 9.7191101516165403 0.11425349443581784 1.3747644220079696 1.2205836481095231 0.61297091997465325 -4.2454471009118215 2.4595918021780765 -3.8522472328799111 14.845685921544614 8.2015629039091227 2.632841288126432 -6.9158430200085865 -2.7201209150254728 -11.463751132488252 8.2109679600771752 6.6529445966084797 -5.5093754252722107 19.362820385663937 1.5932738382664939 -16.564309609731037 -10.793555057410039 7.4326067745685584 -0.87533001961995616 -9.9210290155912713 10.452346389698533 -11.395250336329143 -10.074881172180177 -11.727957849791556 2.6344081979230998 -3.0838673868957831 -4.2303278349016029 10.371657329703135 3.7002520636297191 -16.134716703611261 0.21353224839693233 -5.4206280815151509 4.995975835955873
leaf_weight=62 4363 362 42 44 43 41 47 72 40 577 129 41 33 32 124 34 69 91 62 106 64 38 38 39 45 41 108 35 137 3143 56 815 140 46 51 39 237 80 80 34 72 43 39 63 30 33 32 6400 38 53 57 52 33 267 245 46 63 39 34 162 159 49
leaf_count=62 4363 362 42 44 43 41 47 72 40 577 129 41 33 32 124 34 69 91 62 106 64 38 38 39 45 41 108 35 137 3143 56 815 140 46 51 39 237 80 80 34 72 43 39 63 30 33 32 6400 38 53 57 52 33 267 245 46 63 39 34 162 159 49
internal_value=0.0144147 0.753779 2.41049 7.23428 4.07333 7.57654 1.71212 2.11974 13.3253 0.339778 1.78072 -3.34103 2.26545 3.15018 -1.02519 3.70553 3.32615 -0.958741 4.32993 1.57227 -0.249886 6.21139 4.57414 11.6089 2.5454 -0.0988412 -2.85594 8.7263 0.531937 0.0838646 -2.18317 1.58463 0.224675 3.10017 0.14734 9.24215 -5.04294 0.527536 0.266295 -4.99749 3.61997 6.11853 11.1186 -0.924253 -4.26401 -4.33427 0.00111794 -0.511407 -0.909146 -0.860565 -1.04095 -0.949474 2.46555 1.05455 0.0848429 2.54488 4.10317 -3.4824 -5.48328 -0.310082 -2.57722 0.085866
internal_weight=19689 8181 1626 210 166 123 1416 1354 81 6555 1307 113 1194 941 253 876 843 160 683 277 243 406 344 77 267 187 146 80 6193 4344 711 1849 386 900 949 85 325 3633 3350 207 283 203 111 127 93 65 88 11508 6900 6862 6509 6452 353 300 4608 246 200 179 140 898 321 92
internal_count=19689 8181 1626 210 166 123 1416 1354 81 6555 1307 113 1194 941 253 876 843 160 683 277 243 406 344 77 267 187 146 80 6193 4344 711 1849 386 900 949 85 325 3633 3350 207 283 203 111 127 93 65 88 11508 6900 6862 6509 6452 353 300 4608 246 200 179 140 898 321 92
cat_boundaries=0 1 2 3
cat_threshold=2753 16 20
is_linear=0
shrinkage=0.05


Tree=107
num_leaves=63
num_cat=4
split_feature=25 4 18 14 14 10 24 18 17 14 11 13 16 16 19 24 14 18 3 18 24 2 11 3 3 2 6 16 17 1 6 7 7 6 13 6 14 7 10 17 17 12 13 4 14 18 17 15 18 18 11 14 12 6 3 10 15 12 10 10 16 14
split_gain=2.80076e+06 2.32377e+06 3.1197e+06 2.14143e+06 3.58986e+06 3.05231e+06 1.84578e+06 2.18229e+06 3.69448e+06 1.89506e+06 1.63822e+06 1.7141e+06 1.58118e+06 1.41012e+06 1.36933e+06 1.91442e+06 1.63964e+06 2.21524e+06 1.58752e+06 1.7554e+06 1.24221e+06 1.31984e+06 1.90428e+06 1.86309e+06 2.90973e+06 2.15653e+06 1.91286e+06 1.45889e+06 1.30397e+06 1.2824e+06 1.83429e+06 1.43762e+06 3.86732e+06 1.98076e+06 2.33815e+06 1.2423e+06 1.83361e+06 1.52626e+06 1.43464e+06 1.22548e+06 1.43036e+06 1.49916e+06 1.14687e+06 1.05191e+06 1.1097e+06 1.01856e+06 2.01386e+06 1.88635e+06 2.39312e+06 2.93122e+06 2.8807e+06 1.2617e+06 992329 989108 1.39674e+06 2.18626e+06 1.57973e+06 1.24079e+06 1.18124e+06 1.24296e+06 964035 1.84038e+06
threshold=0 10029.500000000002 10.500000000000002 3.6350000000000002 3.1550000000000007 658.35832580345334 1 3.5000000000000004 5.245000000000001 2.2150000000000003 403.01317155778958 6.5700000000000012 5.3050000000000006 3.2550000000000003 1.5000000000000002 2 2.5950000000000002 48.500000000000007 6908.5000000000009 31.500000000000004 3 6464.5000000000009 869.41992545365997 7741.5000000000009 8176.5000000000009 7445.5000000000009 7112.3750000000009 3.6350000000000002 6.8050000000000006 5794.5000000000009 6000.8750000000009 5406.4375000000009 5644.8750000000009 5332.2500000000009 3.9550000000000005 5092.8750000000009 2.9050000000000007 4962.2500000000009 320.49590323649562 9.1650000000000009 5.6550000000000002 7.2650000000000006 3.3650000000000007 7126.0000000000009 3.7250000000000005 35.500000000000007 2.6450000000000005 0.55943719593100394 50.500000000000007 48.500000000000007 176.53145585251391 5.9650000000000007 3.0550000000000002 5524.1250000000009 6561.5000000000009 425.71475548679643 -0.24997603768828489 4.6250000000000009 298.0019024332808 286.17611334896611 3.4250000000000003 2.6850000000000005
decision_type=1 2 2 2 2 2 1 2 2 2 2 2 2 2 2 1 2 2 2 2 1 2 2 2 2 2 2 2 2 2 2 2 2 2 2 2 2 2 2 2 2 2 2 2 2 2 2 2 2 2 2 2 2 2 2 2 2 2 2 2 2 2
left_child=1 14 -3 4 5 -4 7 8 -2 -8 12 -12 -10 -5 15 -1 17 18 19 -16 21 22 29 25 -25 26 52 -27 43 31 -31 33 -33 34 35 36 -18 38 -38 40 45 -42 -32 53 -45 51 -47 48 49 -48 -51 -9 -23 58 56 -56 -55 -58 59 -22 -11 -62
right_child=6 2 3 13 -6 -7 9 39 10 60 11 -13 -14 -15 16 -17 20 -19 -20 -21 28 23 -24 24 -26 27 -28 -29 -30 30 42 32 -34 -35 -36 -37 37 -39 -40 -41 41 -43 -44 44 -46 46 47 -49 -50 50 -52 -53 -54 54 55 -57 57 -59 -60 -61 61 -63
leaf_value=2.978300395747647 -1.5108246651608894 19.193100614805481 10.731751169803296 3.8198590278625488 16.724828710054098 -6.2840282503763838 -2.8132750930004864 -1.8672506758735237 11.171223944806039 0.9739294267308829 6.8778210888037812 22.81678918561628 -0.98866832487044798 -10.952869017294475 -4.8552900392582075 -4.6710813958416963 -2.937643541608538 -10.90308609312231 8.1269573717117307 1.7906315336882508 1.4503344540421672 -8.8717328909671664 15.847196938009825 19.173228867848717 -2.6701375407557335 -1.9764282913768996 -13.709770569271512 12.370852317661047 10.302032858961159 -4.7644724425529281 -0.84698935357423943 19.219674750032098 2.6630927045477764 -8.8063371350688318 -4.8634963731603191 13.402105349760788 7.0784364341661847 0.87098114163267848 20.402659729988343 4.3018928566781609 -7.0759407944977291 -0.73593106086437521 10.867625409232247 -6.3590179461722425 3.1842293691906063 -1.6289847186639568 0.54580099849193231 13.900585517485936 -10.497133922151157 18.145675815820695 2.3847133422243423 1.0835159473102862 1.3961964125313411 -2.1598425209522247 9.5863619581858313 -7.619912899533908 6.7758804592219271 18.902834163173551 -1.0041963227623758 11.087619230747222 2.3677723115863225 -0.46204510165589147
leaf_weight=118 235 37 47 30 57 60 502 3296 47 3590 37 31 62 35 187 228 56 55 50 212 759 33 34 30 31 34 45 37 36 93 39 58 90 31 55 52 58 51 31 101 208 169 45 99 44 1056 732 30 42 50 69 407 82 32 30 48 66 31 646 35 660 4438
leaf_count=118 235 37 47 30 57 60 502 3296 47 3590 37 31 62 35 187 228 56 55 50 212 759 33 34 30 31 34 45 37 36 93 39 58 90 31 55 52 58 51 31 101 208 169 45 99 44 1056 732 30 42 50 69 407 82 32 30 48 66 31 646 35 660 4438
internal_value=0.0136939 1.20667 5.72201 3.54546 6.58943 1.19019 -0.284113 -0.923329 2.59832 0.173513 8.05395 14.1441 4.25459 -4.13469 0.88189 -2.11126 1.1943 -1.43184 -0.271665 -1.32412 1.66515 3.08867 4.30809 0.300434 8.0725 -1.75193 -4.97012 5.50032 0.875551 3.71274 0.072964 5.04934 9.15148 3.23163 4.46324 6.53167 4.7089 7.76751 11.7195 -1.16037 -1.25142 -4.23387 5.4287 0.69086 -3.42263 -1.05353 -0.137804 1.56825 1.15395 1.72897 9.00697 -1.54293 -1.55025 1.04801 4.27979 -1.00211 7.4735 10.6515 0.583444 1.87515 0.346291 -0.0956898
internal_weight=19689 3927 266 229 164 107 15762 6572 412 9190 177 68 109 65 3661 346 3315 504 449 399 2811 985 693 292 61 231 160 71 1826 659 177 482 148 334 303 248 196 140 89 6160 6059 377 84 1790 143 5682 1979 923 893 851 119 3703 115 1647 207 78 129 97 1440 794 8688 5098
internal_count=19689 3927 266 229 164 107 15762 6572 412 9190 177 68 109 65 3661 346 3315 504 449 399 2811 985 693 292 61 231 160 71 1826 659 177 482 148 334 303 248 196 140 89 6160 6059 377 84 1790 143 5682 1979 923 893 851 119 3703 115 1647 207 78 129 97 1440 794 8688 5098
cat_boundaries=0 1 2 3 4
cat_threshold=16 314 2324 2626
is_linear=0
shrinkage=0.05


Tree=108
num_leaves=63
num_cat=2
split_feature=10 8 12 15 1 13 12 15 0 18 18 24 18 18 17 13 12 18 16 16 16 18 16 18 13 10 16 12 16 12 16 9 15 20 10 18 9 17 0 13 3 11 24 15 13 15 16 16 15 5 8 15 1 15 12 12 1 17 12 0 3 9
split_gain=1.47241e+06 1.96794e+06 3.58557e+06 2.6122e+06 3.02994e+06 2.15419e+06 2.00252e+06 2.76498e+06 1.60362e+06 1.38144e+06 4.10419e+06 3.35651e+06 5.04063e+06 3.85873e+06 3.15055e+06 4.07893e+06 4.57171e+06 4.54258e+06 4.34014e+06 2.97248e+06 8.76647e+06 6.16509e+06 5.34384e+06 3.42509e+06 2.93188e+06 2.52262e+06 2.28022e+06 3.96574e+06 2.16267e+06 3.47654e+06 1.8331e+06 1.7714e+06 1.7491e+06 1.7096e+06 1.83175e+06 1.61324e+06 1.46212e+06 1.37797e+06 2.66903e+06 2.4159e+06 1.57421e+06 1.44511e+06 1.37454e+06 1.35542e+06 2.28165e+06 2.13596e+06 1.52928e+06 1.58356e+06 1.26771e+06 1.21779e+06 3.22751e+06 1.44917e+06 2.70909e+06 1.31884e+06 1.93883e+06 1.21559e+06 1.21216e+06 1.21086e+06 1.1926e+06 1.18972e+06 2.6222e+06 2.58198e+06
threshold=1631.2668936365978 10822.083333333336 2.6950000000000007 0.040766690960489356 13053.500000000002 3.5250000000000004 3.5950000000000002 -0.073330373330373344 11734.000000000002 19.500000000000004 33.500000000000007 0 3.5000000000000004 5.5000000000000009 2.4350000000000005 4.1050000000000013 7.0450000000000008 48.500000000000007 3.8450000000000002 6.4750000000000005 4.955000000000001 49.500000000000007 6.9450000000000012 46.500000000000007 6.6250000000000009 981.64908773175773 5.245000000000001 3.5350000000000006 3.7350000000000008 8.1900000000000013 8.2900000000000009 1231.8664067305215 0.10402206121208545 3.5000000000000004 288.2413422961348 48.500000000000007 823.29409419974218 3.9550000000000005 8809.0000000000018 4.8100000000000014 9363.5000000000018 770.55090682099728 1 0.072097536423876923 3.0950000000000002 0.14932054509710069 2.7250000000000005 3.3150000000000004 0.28112173816422431 6486.5000000000009 6097.166666666667 -0.23601012270414892 7659.0000000000009 -0.063355372946253499 3.6850000000000005 4.9250000000000007 6393.5000000000009 2.3650000000000007 8.8400000000000016 4877.5000000000009 4815.5000000000009 358.47774146935268
decision_type=2 2 2 2 2 2 2 2 2 2 2 1 2 2 2 2 2 2 2 2 2 2 2 2 2 2 2 2 2 2 2 2 2 2 2 2 2 2 2 2 2 2 1 2 2 2 2 2 2 2 2 2 2 2 2 2 2 2 2 2 2 2
left_child=1 9 -3 4 6 -5 7 -4 -8 11 31 12 24 -13 35 16 17 25 43 20 21 23 -21 -17 33 -16 27 -20 36 -30 58 -11 -32 34 -1 42 -14 38 49 41 -40 -39 57 44 -19 -45 -46 -48 -36 50 56 52 -51 54 -52 -28 -15 -12 -31 60 -44 -62
right_child=-2 2 3 5 -6 -7 8 -9 -10 10 14 13 28 37 15 19 -18 18 26 22 -22 -23 -24 -25 -26 -27 55 -29 29 30 32 -33 -34 -35 48 -37 -38 39 40 -41 -42 -43 59 45 46 -47 47 -49 -50 51 53 -53 -54 -55 -56 -57 -58 -59 -60 -61 61 -63
leaf_value=13.708387702703476 -6.9007760639432112 -9.0395665691253981 12.267460960881277 19.707790614109413 17.395229520797731 3.4599066846510946 0.52786296844482428 -5.5564840316772468 -13.859723528693705 -1.4844610091499792 -1.5459886085580696 -1.1187628392825708 0.62638094805773104 2.2063940917839338 0.47395207565135627 3.7806287951853088 -16.260790413304381 -2.9328911958738817 1.6485082093874615 -17.54318119684855 27.460077390847388 -13.116032299628626 12.300415569941203 20.89873159907081 10.373630390767977 -11.760138256605282 -3.1161145070019893 -20.616214827895163 -4.3624424608628392 14.043277229982264 -11.376040321274807 -13.47418903843049 1.4382008757484095 -10.088855012257895 3.6556902693665552 -2.6745569461325922 -9.8378311266217917 -12.53046906158842 20.22123864889145 1.5847892244859618 4.9796624634621871 -0.86771800372065333 0.58153906631982744 20.835605621337891 1.9164134011949814 6.8916015368587571 23.507722899119059 8.8639393448829651 -4.5664389207329554 -1.5379778284165595 6.2635387844509554 -2.6254388615894877 14.824330875201102 2.6906746844027905 19.999649938515255 8.1285536021721079 -7.901658426920573 -10.833256302653133 3.2935756325721743 -1.7828712729406566 3.3286378775772301 19.740855238097055
leaf_weight=32 79 47 55 51 30 34 45 36 34 4926 682 1355 722 2614 2096 87 38 43 60 30 54 39 30 44 127 43 34 30 1150 34 38 31 89 30 138 759 35 58 32 294 36 49 1771 57 35 53 30 48 71 72 54 257 39 47 49 82 30 37 107 462 76 35
leaf_count=32 79 47 55 51 30 34 45 36 34 4926 682 1355 722 2614 2096 87 38 43 60 30 54 39 30 44 127 43 34 30 1150 34 38 31 89 30 138 759 35 58 32 294 36 49 1771 57 35 53 30 48 71 72 54 257 39 47 49 82 30 37 107 462 76 35
internal_value=-0.088419 -0.0609653 3.75582 5.86593 2.74529 13.2086 0.160001 5.21623 -5.66426 -0.126721 -0.466816 0.400227 -1.06449 1.1559 0.334983 1.56763 0.957105 1.20769 5.64738 7.26231 9.90972 4.3349 -2.62138 9.53022 4.10483 0.228012 0.199114 -5.77307 -2.01531 -3.16729 1.96117 -1.55944 -2.39598 1.16705 2.5682 -0.610952 0.142567 2.00793 2.35113 -0.756502 12.1522 -7.18958 -0.0995982 9.86671 6.86962 14.1171 10.5998 14.4962 0.862527 2.14036 2.49647 -0.563378 4.21094 9.63117 12.7982 4.8327 2.0917 -1.99615 5.8857 0.488584 1.04878 8.50366
internal_weight=19682 19603 332 285 200 85 170 91 79 19271 11712 7559 2573 4986 6755 2933 2649 2611 472 284 224 170 60 131 398 2139 206 90 2175 1418 268 4957 127 271 241 3822 757 3631 3230 401 68 107 3063 266 156 110 113 78 209 3162 2794 368 111 150 103 116 2644 719 141 2344 1882 111
internal_count=19682 19603 332 285 200 85 170 91 79 19271 11712 7559 2573 4986 6755 2933 2649 2611 472 284 224 170 60 131 398 2139 206 90 2175 1418 268 4957 127 271 241 3822 757 3631 3230 401 68 107 3063 266 156 110 113 78 209 3162 2794 368 111 150 103 116 2644 719 141 2344 1882 111
cat_boundaries=0 1 2
cat_threshold=2076 2087
is_linear=0
shrinkage=0.05


Tree=109
num_leaves=63
num_cat=2
split_feature=3 5 0 10 8 11 13 0 16 16 17 11 24 5 16 19 18 17 17 17 12 24 19 12 2 3 21 13 8 12 3 16 5 8 13 17 6 11 6 18 9 10 18 17 9 11 5 13 9 11 0 18 17 0 3 16 11 11 17 4 3 5
split_gain=1.37889e+06 2.03584e+06 1.79656e+06 1.47751e+06 1.52727e+06 1.31794e+06 1.23045e+06 1.16738e+06 1.05468e+06 1.03601e+06 1.37889e+06 2.01963e+06 1.30926e+06 1.33554e+06 1.10213e+06 1.01716e+06 2.58272e+06 3.18251e+06 2.62543e+06 3.18846e+06 2.79296e+06 2.30618e+06 4.12433e+06 1.97841e+06 2.46725e+06 2.41244e+06 1.80071e+06 1.95456e+06 1.78695e+06 1.76436e+06 1.69161e+06 1.65778e+06 1.59637e+06 2.50986e+06 1.73235e+06 3.21751e+06 1.88102e+06 1.5922e+06 2.75979e+06 1.42815e+06 1.42757e+06 1.39473e+06 1.33171e+06 2.91991e+06 1.42533e+06 1.96315e+06 2.9365e+06 1.29732e+06 1.09384e+06 1.04296e+06 2.83948e+06 1.40148e+06 3.43691e+06 1.48362e+06 1.36565e+06 1.24544e+06 1.16322e+06 1.36805e+06 1.31182e+06 2.01701e+06 1.52032e+06 1.25059e+06
threshold=3424.5000000000005 3341.5000000000005 3837.5000000000005 1631.2668936365978 12509.04166666667 137.4215751038798 3.3450000000000002 3651.5000000000005 4.8350000000000009 7.455000000000001 6.7650000000000015 560.8328188953509 0 4410.5000000000009 4.9350000000000014 4.5000000000000009 33.500000000000007 6.0150000000000015 7.0450000000000008 4.8550000000000013 5.4250000000000007 1 1.5000000000000002 3.9650000000000003 10108.000000000002 11297.000000000002 1.0000000180025095e-35 4.3850000000000007 10539.91666666667 8.1900000000000013 3471.5000000000005 5.3900000000000015 3603.5000000000005 4131.5833333333348 3.9850000000000008 3.2550000000000003 10043.875000000002 645.96241026292523 4759.2500000000009 7.5000000000000009 890.77363216644062 351.86348221421889 18.500000000000004 2.9050000000000007 1496.6220521905591 1048.2668171720497 10418.500000000002 3.8950000000000005 596.22180114904859 791.0347723467213 8261.5000000000018 3.5000000000000004 5.6550000000000002 6233.5000000000009 7340.5000000000009 6.2600000000000007 949.27018811116011 994.26637911456032 7.0450000000000008 8460.5000000000018 10615.000000000002 9647.5000000000018
decision_type=2 2 2 2 2 2 2 2 2 2 2 2 1 2 2 2 2 2 2 2 2 1 2 2 2 2 2 2 2 2 2 2 2 2 2 2 2 2 2 2 2 2 2 2 2 2 2 2 2 2 2 2 2 2 2 2 2 2 2 2 2 2
left_child=1 2 7 4 5 -2 -3 -1 -4 10 12 -12 14 -14 -8 21 17 42 19 26 -21 22 37 24 -23 -26 27 28 32 31 -25 -24 33 -18 36 41 -34 38 -7 -33 -28 -36 43 -17 45 46 -44 -22 -47 50 51 52 53 -32 -53 -52 61 -58 60 -60 -59 -51
right_child=3 6 8 -5 -6 15 9 -9 -10 -11 11 -13 13 -15 -16 16 18 -19 -20 20 47 23 29 30 25 -27 40 -29 -30 -31 49 39 34 -35 35 -37 -38 -39 -40 -41 -42 -43 44 -45 -46 48 -48 -49 -50 56 55 54 -54 -55 -56 -57 57 58 59 -61 -62 -63
leaf_value=-0.29362200421713158 8.6239813987244958 -5.6889901694981191 2.1334780097007751 -6.5557370786425437 9.1140386873362029 4.6881011787849145 -1.332664816903657 -6.6946721752484635 13.268818758307276 -4.1781469977493826 12.553787510291391 -1.3714930189649266 -2.0841147491496481 -12.095894426912876 8.7970820579528812 -0.74938738790363812 2.9671812667231481 -15.259779641567134 -12.987755236906166 22.054279366135599 -3.6040150960286463 2.5200693422632199 -1.8239220494538853 11.987121868133546 21.424355850219726 4.3781400259803318 -1.0433910932839792 -5.6900427463774887 13.707556392351789 8.4793442149957023 -2.676167689465188 -0.60386802868710632 0.58004422796745292 17.387446309626103 -7.034158643923309 15.697935246979748 -11.648187823593616 0.49123674943003542 22.501501884460453 -10.474897832410377 -12.187758957544963 5.910304379463196 -1.0185386460205348 13.717946136970909 -11.962781600952148 14.198771458287395 -13.603994136160992 10.868851101398469 1.8777074370273326 -2.8511649384321993 18.676742242177326 1.6647421508317646 10.747749820975372 -12.058895079906172 -8.0973171008599785 4.8826847364505142 9.5094868595259534 -1.2280220795387977 -1.8609248481947802 13.937875135483281 -13.503922352646336 -13.580300055444241
leaf_weight=6640 47 247 50 79 49 79 58 72 37 282 46 60 334 37 50 121 529 39 34 32 30 1094 776 32 35 51 682 96 30 36 222 54 1826 32 38 54 32 86 30 114 30 46 3342 49 30 31 47 32 43 135 30 1129 43 52 37 36 35 107 58 31 33 34
leaf_count=6640 47 247 50 79 49 79 58 72 37 282 46 60 334 37 50 121 529 39 34 32 30 1094 776 32 35 51 682 96 30 36 222 54 1826 32 38 54 32 86 30 114 30 46 3342 49 30 31 47 32 43 135 30 1129 43 52 37 36 35 107 58 31 33 34
internal_value=-0.0839981 -0.594384 -0.269752 0.259165 0.305219 0.268141 -2.57569 -0.362286 6.8692 -1.68874 -0.488715 4.67155 -1.63065 -3.00169 3.07254 0.234268 -0.129915 -1.05212 0.839147 0.973889 10.0577 0.836516 -1.05418 1.53057 3.1611 11.3156 0.722379 1.31558 1.57555 -2.38455 0.582844 -2.79885 1.43321 3.78973 0.770883 6.17583 0.36944 5.5777 9.59087 -7.30207 -1.51296 0.0544759 -0.900852 3.42061 -1.11117 -1.01716 -1.19308 3.86585 7.03923 0.398719 1.00513 0.553523 -2.39438 -4.45683 1.35497 11.1527 -1.77065 0.302821 -1.10431 3.64203 -4.12163 -5.00969
internal_weight=19682 7913 6799 11769 11690 11641 1114 6712 87 867 585 106 479 371 108 11594 7225 3702 3523 3489 94 4369 1175 3194 1180 86 3395 2683 2587 980 2014 944 2557 561 1996 138 1858 195 109 168 712 84 3663 170 3493 3463 3389 62 74 1982 1549 1483 317 274 1166 66 433 264 229 89 140 169
internal_count=19682 7913 6799 11769 11690 11641 1114 6712 87 867 585 106 479 371 108 11594 7225 3702 3523 3489 94 4369 1175 3194 1180 86 3395 2683 2587 980 2014 944 2557 561 1996 138 1858 195 109 168 712 84 3663 170 3493 3463 3389 62 74 1982 1549 1483 317 274 1166 66 433 264 229 89 140 169
cat_boundaries=0 1 2
cat_threshold=2562 2068
is_linear=0
shrinkage=0.05


Tree=110
num_leaves=63
num_cat=3
split_feature=25 10 1 17 10 18 11 18 15 17 9 5 5 18 21 4 12 3 0 10 10 15 5 0 11 12 14 18 18 5 2 14 14 9 16 11 7 9 15 17 4 5 2 9 5 24 12 15 12 2 14 16 10 5 10 11 5 14 24 12 17 10
split_gain=1.3668e+06 1.41135e+06 4.98545e+06 1.28644e+06 1.28336e+06 1.21265e+06 3.83337e+06 2.37951e+06 2.35421e+06 4.91646e+06 2.58228e+06 1.90607e+06 2.32246e+06 1.86696e+06 2.02161e+06 3.46254e+06 3.66434e+06 1.84006e+06 2.14082e+06 5.03047e+06 2.76435e+06 2.06049e+06 1.81464e+06 1.34953e+06 1.62118e+06 2.52597e+06 3.15559e+06 1.51545e+06 1.40214e+06 1.28198e+06 1.26825e+06 1.22726e+06 1.10495e+06 1.0876e+06 1.08568e+06 1.22742e+06 1.19224e+06 1.27449e+06 1.10254e+06 1.775e+06 1.08769e+06 1.07765e+06 1.00945e+06 991579 1.04281e+06 1.97156e+06 1.7058e+06 1.73473e+06 2.09272e+06 1.79167e+06 1.65432e+06 1.81639e+06 1.34137e+06 1.21557e+06 1.15568e+06 1.64338e+06 1.01403e+06 1.19935e+06 1.06005e+06 1.09536e+06 1.07286e+06 1.06564e+06
threshold=0 1631.2668936365978 13053.500000000002 11.06 1307.2560509709017 18.500000000000004 1155.1668380063909 36.500000000000007 0.88459591109869307 4.8550000000000013 845.76848128397535 9647.5000000000018 8360.5000000000018 51.500000000000007 1.0000000180025095e-35 8460.5000000000018 3.0550000000000002 11682.500000000002 8261.5000000000018 954.68496444119216 799.86790254836058 -0.10559391691467152 5381.5000000000009 7032.5000000000009 478.03297516235381 3.0750000000000006 3.7150000000000003 43.500000000000007 39.500000000000007 8021.0000000000009 8372.0000000000018 3.5450000000000004 3.5750000000000006 461.03158420945812 3.0050000000000003 386.13264127726472 5263.1875000000009 432.1314417644835 -0.035888697364132291 3.0750000000000006 3812.5000000000005 7605.0000000000009 5438.5000000000009 301.5138193875971 6677.5000000000009 1 4.1950000000000012 -0.2766323024054988 5.0550000000000006 4812.5000000000009 3.1150000000000007 4.3250000000000011 514.34451157256478 5574.5000000000009 840.32627862978347 544.45818213881103 6911.5000000000009 6.2800000000000002 2 2.9450000000000007 3.7350000000000008 329.78515731490955
decision_type=1 2 2 2 2 2 2 2 2 2 2 2 2 2 2 2 2 2 2 2 2 2 2 2 2 2 2 2 2 2 2 2 2 2 2 2 2 2 2 2 2 2 2 2 2 1 2 2 2 2 2 2 2 2 2 2 2 2 1 2 2 2
left_child=1 2 4 -2 5 17 7 11 9 10 13 12 -7 14 15 23 -17 18 29 20 33 -21 -10 24 34 28 27 -27 -26 41 -12 -11 -16 -20 38 36 37 -36 39 40 -9 43 -37 56 45 46 50 -48 -49 -50 -45 52 -52 -51 55 -46 57 58 -1 -60 61 -61
right_child=3 -3 -4 -5 -6 6 -8 8 22 31 30 -13 -14 -15 32 16 -18 -19 19 21 -22 -23 -24 -25 25 26 -28 -29 -30 -31 -32 -33 -34 -35 35 42 -38 -39 -40 -41 -42 -43 -44 44 54 -47 47 48 49 53 51 -53 -54 -55 -56 -57 -58 -59 59 60 -62 -63
leaf_value=1.0450115810483696 -0.44781584124896601 -6.9646397158037878 19.883773363584822 9.5909317880868912 -6.1004633350769684 -1.1661768810537472 16.722854023821213 -0.85516074695266209 -1.7296096897787518 21.503568600070093 -3.1213713686806819 -8.8675002281482413 8.9582222174981538 -6.2887335977964591 -2.562136144664775 0.82272740025674151 23.987050245545415 -8.9722839477450353 15.400301051139833 5.4504041504859932 25.588387143611911 -12.292111830496125 -15.745243476418887 -7.4585478093889028 7.2715966192881272 10.922292039201068 1.6976473286466778 25.660089307300975 -6.9530518136373374 -6.6086093671514465 -15.269333568696053 8.6322334559067446 2.2603750867120338 3.548757625416834 0.35775359888871511 -0.79215196684787159 10.254582180579504 10.931191497246424 1.5591205239064336 17.733640319108964 9.3231883570833016 9.2887526576111963 -10.605212461948396 -2.0394668208228217 1.9457012282477486 -0.73462234638565416 9.9944454340772211 -10.219403637723721 -7.0010690289874411 13.610281615257264 7.8274570218390895 -0.76255121866861986 19.314991525808971 1.9886124963230558 5.1020638858570777 -8.8786602827012544 10.135826841990154 -0.63913272745802863 -0.62480811708503303 5.070520686872757 -1.5479686419169107 11.632550105642766
leaf_weight=390 11766 64 33 32 75 2422 34 52 72 31 70 78 58 77 357 31 38 43 32 30 32 36 34 36 30 37 53 33 41 53 31 46 178 49 570 76 36 30 193 32 53 41 40 36 54 781 44 47 43 30 54 30 48 90 34 100 39 321 72 181 39 94
leaf_count=390 11766 64 33 32 75 2422 34 52 72 31 70 78 58 77 357 31 38 43 32 30 32 36 34 36 30 37 53 33 41 53 31 46 178 49 570 76 36 30 193 32 53 41 40 36 54 781 44 47 43 30 54 30 48 90 34 100 39 321 72 181 39 94
internal_value=-0.0797982 0.429631 0.490696 -0.420231 0.408511 0.471812 -0.007284 -0.124931 1.05074 1.40599 0.949715 -1.17145 -0.929397 1.34498 1.65176 2.66265 13.5799 1.29232 1.44996 6.74035 13.1463 -4.22733 -6.22519 2.08849 2.35785 6.56678 10.9015 17.8701 -0.942637 1.08865 -6.84995 13.8142 -0.957637 8.23085 1.60319 0.554 1.4167 0.886425 3.99408 7.42436 4.28248 1.24751 -4.17597 1.11705 0.221978 0.763175 3.47034 0.967249 -0.924164 1.75606 7.46134 10.0525 13.2334 4.89403 -3.24111 -5.0831 2.21303 1.93137 2.99468 4.8128 6.21291 7.31354
internal_weight=19682 7884 7820 11798 7787 7712 4869 4835 2277 2171 2094 2558 2480 1993 1916 1381 69 2843 2800 179 113 66 106 1312 1276 194 123 70 71 2621 101 77 535 81 1082 752 636 600 330 137 105 2568 116 2527 1391 1203 422 254 210 163 168 132 102 120 188 154 1136 1097 776 386 314 275
internal_count=19682 7884 7820 11798 7787 7712 4869 4835 2277 2171 2094 2558 2480 1993 1916 1381 69 2843 2800 179 113 66 106 1312 1276 194 123 70 71 2621 101 77 535 81 1082 752 636 600 330 137 105 2568 116 2527 1391 1203 422 254 210 163 168 132 102 120 188 154 1136 1097 776 386 314 275
cat_boundaries=0 1 2 3
cat_threshold=20 1218 2094
is_linear=0
shrinkage=0.05


Tree=111
num_leaves=63
num_cat=3
split_feature=8 18 17 15 25 13 15 16 14 13 14 16 18 15 17 14 28 18 13 25 18 17 18 18 13 12 12 13 5 9 16 10 13 16 2 10 19 4 9 11 5 14 7 13 13 12 15 12 5 22 13 4 8 15 17 1 12 12 3 14 14 17
split_gain=2.04193e+06 1.27585e+06 6.59086e+06 5.30534e+06 3.72498e+06 4.91875e+06 4.27389e+06 4.20045e+06 3.80766e+06 2.87551e+06 3.07629e+06 2.72776e+06 2.44703e+06 1.95974e+06 5.78778e+06 1.79719e+06 1.54293e+06 1.3518e+06 1.72892e+06 1.31582e+06 1.76886e+06 2.22806e+06 4.03511e+06 2.86273e+06 2.6704e+06 3.71956e+06 2.48193e+06 3.51194e+06 2.02033e+06 2.00851e+06 2.0065e+06 1.92076e+06 1.81529e+06 1.60655e+06 1.51531e+06 1.48541e+06 1.48061e+06 2.1833e+06 1.93679e+06 1.67434e+06 1.69777e+06 1.76405e+06 1.53797e+06 1.47469e+06 1.69393e+06 1.46873e+06 2.46647e+06 1.5544e+06 1.31474e+06 1.71599e+06 1.3307e+06 1.28007e+06 1.62683e+06 1.27343e+06 2.79808e+06 3.1782e+06 3.36835e+06 2.4396e+06 2.01115e+06 1.86954e+06 5.10063e+06 3.58616e+06
threshold=6834.791666666667 47.500000000000007 1.7550000000000001 -0.14541449739687629 0 2.6850000000000005 0.60464610306278399 5.1800000000000006 3.0750000000000006 3.2050000000000005 2.6850000000000005 3.6150000000000007 48.500000000000007 0.78457257123812718 6.7650000000000015 2.6850000000000005 1 49.500000000000007 3.7150000000000003 2 19.500000000000004 3.0850000000000004 3.5000000000000004 3.5000000000000004 6.5700000000000012 6.6250000000000009 6.5700000000000012 7.0450000000000008 5381.5000000000009 428.67018179790631 6.7700000000000005 311.90770988203332 10.770000000000001 3.2050000000000005 5845.5000000000009 336.92336981111725 7.5000000000000009 5326.0000000000009 602.64299145916277 508.91977095623002 4564.5000000000009 3.0850000000000004 4962.2500000000009 3.8850000000000002 3.7350000000000008 4.4850000000000012 -0.057742782152231234 4.9250000000000007 4024.5000000000005 20.350000000000005 7.1650000000000009 6180.5000000000009 5893.0833333333348 -0.21274518968700945 3.6650000000000005 7659.0000000000009 3.0850000000000004 4.1850000000000014 9363.5000000000018 4.5750000000000011 4.9350000000000014 6.1950000000000012
decision_type=2 2 2 2 1 2 2 2 2 2 2 2 2 2 2 2 1 2 2 1 2 2 2 2 2 2 2 2 2 2 2 2 2 2 2 2 2 2 2 2 2 2 2 2 2 2 2 2 2 2 2 2 2 2 2 2 2 2 2 2 2 2
left_child=1 13 16 -4 6 -6 7 8 15 -7 -11 12 -12 19 -15 -5 51 -14 -19 48 21 23 24 35 25 30 27 -26 36 -27 31 -23 33 34 -24 -21 -22 38 39 42 41 -41 -38 44 -30 46 -35 -47 49 50 -1 52 -3 54 55 -2 -57 -56 -59 61 -61 -55
right_child=53 2 3 4 5 9 -8 -9 -10 10 11 -13 17 14 -16 -17 -18 18 -20 20 28 22 32 -25 26 29 -28 -29 43 -31 -32 -33 -34 45 -36 -37 37 -39 -40 40 -42 -43 -44 -45 -46 47 -48 -49 -50 -51 -52 -53 -54 59 57 56 -58 58 -60 60 -62 -63
leaf_value=0.012295564551588117 -6.3975351347373088 -0.92192293658214275 21.122197975582548 5.4800923875037668 10.538460711554478 -11.77923823429988 -2.3294443937865172 22.649734112421672 14.379154632850126 13.323564245894151 -9.3827301361981554 -8.2563579809098027 13.017458436602638 -4.8160077701915398 22.015276541581027 -9.8822125202976174 -6.1215197104428505 9.3500649070739748 -6.6021491151867497 -0.1856946465585913 -1.2770861782047378 12.93224505817189 -0.090304297273573669 1.9735273254093 14.104425866868761 -18.872586428324382 20.2269109249115 -7.1873238787931557 -3.5619887552405771 -1.1226241504444796 15.855416238307953 -0.28939896840732415 6.8669523220637743 -6.4538989179372237 10.941491248872545 -6.2491921734960778 0.035526907849784642 4.1244557446744068 -6.228648426628113 18.072951642204735 -4.572098793522005 4.0540655544309905 -7.9780397243187089 2.8063303464866549 -14.391623971401117 5.4360758147827575 3.0556859781712662 -2.218534887556372 -3.7571011264437595 -2.0852197105876913 6.6933581457862381 -10.421860440572104 9.5800548663506131 1.7240936288218984 -16.620252507925034 0.56711690999284581 16.860609882732607 -8.6161746427661097 4.8378344442330157 22.988652170026626 3.1519833890185964 -12.168060954411825
leaf_weight=1317 65 677 45 47 95 65 77 60 88 37 34 105 42 44 37 32 158 35 33 280 2701 34 230 2804 45 30 40 34 487 34 32 143 58 431 36 158 3243 332 125 34 31 66 61 83 39 73 81 725 452 1404 79 33 39 1443 42 79 53 61 51 37 261 48
leaf_count=1317 65 677 45 47 95 65 77 60 88 37 34 105 42 44 37 32 158 35 33 280 2701 34 230 2804 45 30 40 34 487 34 32 143 58 431 36 158 3243 332 125 34 31 66 61 83 39 73 81 725 452 1404 79 33 39 1443 42 79 53 61 51 37 261 48
internal_value=0.00127743 -0.176956 1.12375 4.44714 3.44663 0.435656 7.59973 11.3026 7.22574 -2.28631 -0.128825 -2.12777 2.34098 -0.317043 7.44026 -0.742613 -1.78926 5.96468 1.60855 -0.357009 -0.122757 0.573431 -0.727331 1.38631 3.82843 1.10381 10.079 4.94089 -0.632163 -9.44292 4.33342 2.25035 -1.82027 -2.13997 1.40272 -2.37298 -0.377644 0.246558 -0.115088 0.107385 5.65125 8.82049 -0.112423 -3.38758 -4.36495 -2.85933 -4.94945 -1.5183 -1.25104 -0.850957 0.390379 -0.78319 -0.349888 1.45921 -1.2944 2.65266 7.1092 -6.34356 -2.4898 1.99947 5.61493 1.27686
internal_weight=19645 17505 1702 795 750 446 304 227 167 351 286 249 144 15803 81 79 907 110 68 15722 12470 5268 2026 3242 392 273 119 79 7202 64 209 177 1634 1576 266 438 6593 3892 3560 3435 131 100 3304 609 526 1310 512 798 3252 2800 1396 749 716 2140 351 197 132 154 112 1789 298 1491
internal_count=19645 17505 1702 795 750 446 304 227 167 351 286 249 144 15803 81 79 907 110 68 15722 12470 5268 2026 3242 392 273 119 79 7202 64 209 177 1634 1576 266 438 6593 3892 3560 3435 131 100 3304 609 526 1310 512 798 3252 2800 1396 749 716 2140 351 197 132 154 112 1789 298 1491
cat_boundaries=0 1 2 3
cat_threshold=24 9 8
is_linear=0
shrinkage=0.05


Tree=112
num_leaves=63
num_cat=1
split_feature=8 0 12 15 14 14 17 12 14 5 17 12 17 1 12 12 16 9 5 5 8 6 18 15 15 5 4 13 12 12 17 17 0 15 13 13 14 14 18 10 9 14 12 5 6 0 10 18 17 15 25 13 15 16 16 14 14 14 12 18 13 14
split_gain=1.84325e+06 1.7249e+06 1.93816e+06 1.27255e+06 1.91909e+06 4.40384e+06 3.06716e+06 3.29769e+06 3.01443e+06 2.84309e+06 2.71363e+06 4.01965e+06 1.89613e+06 2.85877e+06 3.28592e+06 2.16878e+06 2.09046e+06 1.63715e+06 1.5145e+06 1.45338e+06 1.51381e+06 1.28005e+06 1.21922e+06 3.32198e+06 2.53988e+06 2.41217e+06 1.95306e+06 1.67103e+06 1.91471e+06 2.6939e+06 1.67797e+06 2.4427e+06 1.64192e+06 1.52499e+06 1.27371e+06 2.78508e+06 2.67704e+06 1.74088e+06 1.78966e+06 2.08784e+06 2.7764e+06 1.85231e+06 1.49661e+06 1.44335e+06 1.47466e+06 1.21561e+06 1.2061e+06 1.14843e+06 5.95503e+06 4.78807e+06 3.41287e+06 3.73608e+06 3.50809e+06 2.97391e+06 7.34841e+06 2.73818e+06 3.60793e+06 2.49029e+06 2.42675e+06 3.5703e+06 2.03399e+06 1.9641e+06
threshold=6834.791666666667 6411.0000000000009 3.7850000000000006 -0.21274518968700945 4.5750000000000011 4.9250000000000007 6.1950000000000012 4.4400000000000004 4.0650000000000004 7397.0000000000009 5.6550000000000002 6.2800000000000002 3.6650000000000005 7659.0000000000009 3.0850000000000004 4.1850000000000014 4.9350000000000014 515.18241059136005 8021.0000000000009 9863.0000000000018 10539.91666666667 9605.5000000000018 41.500000000000007 0.030757564307361967 0.080267558528426819 9647.5000000000018 8893.0000000000018 4.1850000000000014 3.5250000000000004 4.0650000000000004 3.9050000000000007 3.6850000000000005 6669.5000000000009 0.019996816223231403 3.6550000000000007 3.1150000000000007 3.4150000000000005 2.7950000000000004 26.500000000000004 505.76331096023523 866.57129805204329 2.5450000000000004 3.3150000000000004 8197.5000000000018 10623.625000000002 7474.5000000000009 634.10302215081924 47.500000000000007 1.7550000000000001 -0.14541449739687629 0 2.7450000000000006 0.60464610306278399 5.1800000000000006 6.0750000000000011 3.0650000000000004 2.6850000000000005 3.0750000000000006 3.9650000000000003 48.500000000000007 3.5150000000000001 3.4850000000000008
decision_type=2 2 2 2 2 2 2 2 2 2 2 2 2 2 2 2 2 2 2 2 2 2 2 2 2 2 2 2 2 2 2 2 2 2 2 2 2 2 2 2 2 2 2 2 2 2 2 2 2 2 1 2 2 2 2 2 2 2 2 2 2 2
left_child=47 2 -2 12 6 -6 7 8 22 -10 18 -12 13 -3 17 -14 -17 -15 -7 -13 -21 -11 27 25 -25 26 -24 28 32 30 31 33 -5 -30 35 36 37 38 39 -34 -41 -40 -36 45 -45 -39 -33 -1 -49 -50 52 -52 53 55 -55 56 -51 -54 59 -53 -57 -61
right_child=1 3 -4 4 5 10 -8 -9 9 21 11 19 15 14 -16 16 -18 -19 -20 20 -22 -23 23 24 -26 -27 -28 -29 29 -31 -32 46 34 -35 42 -37 -38 43 41 40 -42 -43 -44 44 -46 -47 -48 48 49 50 51 58 57 54 -56 60 -58 -59 -60 61 -62 -63
leaf_value=-0.3011912918727111 12.666511804310245 -7.5204971370050462 -2.2913823843002321 -10.990565667007909 21.947990089144028 2.073346731012518 -11.559658122062684 13.90306085586548 4.1420310962767832 -17.82335626604252 23.570843404134116 9.5697693943977367 -15.724217719566532 6.6916230251914577 15.485988158446091 5.1502283778845097 -8.7270715170893176 -7.8007608222961426 -10.372200339897113 -7.5293126106262207 6.5503400148664204 -5.5508301803043913 11.857296449451123 -14.223056983947755 3.8630019400607463 22.66195523897807 -3.1881035895908583 -8.6575351637872782 4.8165059415563469 -6.0915048101673959 17.99663655680995 -8.1538734012179912 15.497035813838878 16.48896734387267 14.120945049694607 -5.7916393132543718 15.562377747622405 -2.6633035331964496 -7.7457921494330684 -4.3091627384935114 13.974158846248281 6.791215301884546 -0.20949750197561168 8.2910774680546364 -6.2232663849421916 -16.672953449885053 4.5375097898336554 -1.7031690651437938 20.066088144779208 7.792682263453802 8.0592677242784614 -12.879239431294529 8.5707022394271615 33.058497697428656 1.5346361663606434 16.650832578043143 -11.451166848438543 -5.7129232390173552 -12.411356301741167 8.6397986195471201 4.6814131395305907 -6.0591610537333924
leaf_weight=15803 67 59 32 33 35 55 48 50 42 43 30 54 41 38 52 51 58 40 44 42 35 42 59 30 55 30 34 44 62 46 31 36 47 51 35 166 33 32 56 56 33 36 38 35 35 30 39 907 45 60 83 44 47 38 36 72 41 87 66 73 70 33
leaf_count=15803 67 59 32 33 35 55 48 50 42 43 30 54 41 38 52 51 58 40 44 42 35 42 59 30 55 30 34 44 62 46 31 36 47 51 35 166 33 32 56 56 33 36 38 35 35 30 39 907 45 60 83 44 47 38 36 72 41 87 66 73 70 33
internal_value=0.00105775 1.38625 7.83164 1.07361 1.63081 5.29749 0.862029 1.30076 0.819393 -6.50058 3.05608 7.06164 -1.72386 1.60748 5.75017 -5.92134 -2.23402 -0.740369 -3.45801 3.2809 -1.12947 -11.7593 1.60589 5.08085 -2.52031 10.3337 6.35683 0.863801 1.31427 4.90819 7.21863 5.44141 -0.11789 10.0846 0.449829 -0.361324 1.9324 0.682981 3.32857 6.97202 2.47005 -2.0574 6.66126 -3.88667 1.03391 -9.44217 -1.55435 -0.168283 1.06576 4.22478 3.2743 -0.926097 5.9477 8.94666 17.7226 6.27416 -0.0191773 -0.702995 -4.42168 -0.906224 10.7504 4.06371
internal_weight=19645 2140 99 2041 1702 295 1407 1359 1309 127 260 161 339 189 130 150 109 78 99 131 77 85 1182 208 85 123 93 974 930 265 219 188 665 113 632 559 393 360 228 136 89 92 73 132 70 62 75 17505 1702 795 750 299 451 317 74 243 101 134 216 150 142 106
internal_count=19645 2140 99 2041 1702 295 1407 1359 1309 127 260 161 339 189 130 150 109 78 99 131 77 85 1182 208 85 123 93 974 930 265 219 188 665 113 632 559 393 360 228 136 89 92 73 132 70 62 75 17505 1702 795 750 299 451 317 74 243 101 134 216 150 142 106
cat_boundaries=0 1
cat_threshold=28
is_linear=0
shrinkage=0.05


Tree=113
num_leaves=63
num_cat=2
split_feature=25 1 4 14 14 11 14 8 2 3 17 11 3 3 18 1 16 10 11 0 10 2 11 11 25 16 0 15 16 2 10 18 10 0 10 14 18 14 10 18 17 15 2 5 1 12 11 10 12 12 2 17 1 12 11 10 18 16 17 16 6 1
split_gain=1.70411e+06 3.3837e+06 2.17392e+06 2.35346e+06 2.84247e+06 1.81068e+06 2.23663e+06 1.36433e+06 1.653e+06 1.57827e+06 1.44355e+06 1.85456e+06 2.18532e+06 2.2209e+06 1.87092e+06 1.57117e+06 2.04122e+06 2.27348e+06 1.51473e+06 1.76195e+06 2.21384e+06 2.16627e+06 1.89943e+06 1.81341e+06 1.72021e+06 2.99599e+06 2.21875e+06 2.08234e+06 2.04477e+06 1.89796e+06 2.8482e+06 1.65342e+06 1.46803e+06 1.3461e+06 1.32579e+06 1.32888e+06 1.62703e+06 1.50665e+06 1.36322e+06 1.30141e+06 3.57907e+06 1.31032e+06 1.55529e+06 1.24097e+06 1.22464e+06 1.22248e+06 1.21662e+06 1.21531e+06 1.13356e+06 1.27335e+06 1.098e+06 2.01057e+06 1.769e+06 1.68623e+06 1.13198e+06 1.93803e+06 1.2324e+06 1.31001e+06 1.64922e+06 1.6131e+06 1.22715e+06 1.34616e+06
threshold=0 13053.500000000002 10029.500000000002 4.5750000000000011 3.6250000000000004 664.92717127067101 3.0450000000000004 6975.5833333333348 7643.0000000000009 7623.5000000000009 2.5650000000000004 1155.1668380063909 11297.000000000002 10322.500000000002 49.500000000000007 9220.0000000000018 4.1250000000000009 403.07485510072632 412.79712650863263 9876.0000000000018 900.22391795795545 10108.000000000002 815.01354167780471 927.54013843235236 1 4.0450000000000008 9439.5000000000018 -0.2297209791094427 2.6350000000000002 7643.0000000000009 542.91704674150401 31.500000000000004 1099.0435471173262 7205.0000000000009 1307.2560509709017 2.5650000000000004 48.500000000000007 2.3450000000000002 193.63533473260387 51.500000000000007 4.8550000000000013 0.11772405704989983 6930.5000000000009 8021.0000000000009 6658.5000000000009 3.4750000000000005 1117.3797887098003 1307.2560509709017 2.3050000000000002 3.3550000000000004 6653.5000000000009 4.5250000000000012 6791.5000000000009 2.8050000000000002 779.65322029836614 735.22960432326715 23.500000000000004 3.9450000000000007 7.3000000000000007 8.2900000000000009 6000.8750000000009 5630.5000000000009
decision_type=1 2 2 2 2 2 2 2 2 2 2 2 2 2 2 2 2 2 2 2 2 2 2 2 1 2 2 2 2 2 2 2 2 2 2 2 2 2 2 2 2 2 2 2 2 2 2 2 2 2 2 2 2 2 2 2 2 2 2 2 2 2
left_child=2 7 34 4 5 -4 -7 8 9 50 15 14 13 47 18 16 17 -9 -12 23 21 -21 -23 24 27 26 31 -20 -29 30 -30 -26 -22 -19 35 36 37 -1 -39 41 -41 46 44 45 -43 -31 -37 -13 -35 -50 54 52 53 -52 55 -2 57 -56 -59 -60 61 -57
right_child=1 -3 3 -5 -6 6 -8 10 -10 -11 11 12 -14 -15 -16 -17 -18 33 19 20 32 22 -24 -25 25 -27 -28 28 29 43 -32 -33 -34 48 -36 39 -38 38 -40 40 -42 42 -44 -45 -46 -47 -48 -49 49 -51 51 -53 -54 -55 56 60 -58 58 59 -61 -62 -63
leaf_value=2.6462667991554802 -0.32442506866004994 -17.007435630957286 15.411027459725739 15.112029127120971 -7.7874403202153264 -2.9628568074874471 10.712086423238119 12.951523907979331 -10.128574325525484 -10.766573111216228 -8.3879177410602566 0.20496466315310935 -5.3356903965880234 19.377894258499147 -10.901982474908596 12.853645888964335 12.999422622919083 4.7024526900433479 -11.465767915787236 -15.238682782874918 9.7816345036029819 7.6505392964681 -9.1794314384460449 -4.7653834850647874 -1.6775212364812053 20.718900223339304 -6.5211093717151218 -5.7892511382935545 22.046108423918486 -1.1473376320254418 3.2849938661401925 12.192993115016392 -4.8500858894983931 -13.680733873049419 -9.6732126235961928 1.3086012900175994 -10.299153228282929 2.8879181546351269 -5.7091800392323808 -4.062048162375727 19.597552914330453 -0.93582192038973933 -8.7744305034478511 -3.5898410201072695 8.3623652759351241 12.784421062469484 10.210257660043546 10.272696289026513 4.7230540892657116 -9.409942893981933 13.685141909122468 11.243850513926724 -6.844593836569735 0.61725512169025565 1.6377852876550134 5.6029134087446266 -11.928615015203304 -6.8646248641453305 3.4703711581886361 -7.2324575384075835 14.015525282224019 -4.9562561586499214
leaf_weight=183 13315 30 40 50 47 67 54 30 43 36 50 69 41 32 41 48 40 47 31 53 40 30 38 85 31 34 36 63 32 31 55 70 30 30 31 2431 50 63 172 31 33 520 60 75 38 32 39 53 34 30 32 57 57 108 170 123 33 190 109 52 30 40
leaf_count=183 13315 30 40 50 47 67 54 30 43 36 50 69 41 32 41 48 40 47 31 53 40 30 38 85 31 34 36 63 32 31 55 70 30 30 31 2431 50 63 172 31 33 520 60 75 38 32 39 53 34 30 32 57 57 108 170 123 33 190 109 52 30 40
internal_value=0.00100487 -0.231203 0.933977 5.37199 3.03064 6.18871 3.14001 -0.199305 -0.33994 -0.310613 1.34489 0.521648 4.92269 7.65382 -0.479756 4.68871 2.83129 0.452775 0.0439098 0.59429 -3.56644 -7.66076 -1.75444 1.97638 3.14586 7.02314 4.13684 0.821533 2.17265 4.40198 10.1856 7.93571 3.5109 -2.20653 0.62292 0.711091 -1.77507 -0.755439 -3.40443 1.08023 8.13743 0.933966 -1.12512 0.755768 -0.302612 5.92911 1.44915 4.57865 -5.66103 -1.90179 -0.284319 2.9738 0.580945 3.6042 -0.34317 -0.252321 -2.55833 -1.96482 -3.70968 0.0135569 4.72214 3.01171
internal_weight=19645 15736 3909 258 208 161 121 15706 14395 14352 1311 1052 195 154 857 259 211 171 816 766 191 121 68 575 490 171 137 319 288 225 87 101 70 141 3651 3620 468 418 235 3152 64 3088 618 138 558 63 2470 122 94 64 14316 254 197 140 14062 13508 554 521 351 161 193 163
internal_count=19645 15736 3909 258 208 161 121 15706 14395 14352 1311 1052 195 154 857 259 211 171 816 766 191 121 68 575 490 171 137 319 288 225 87 101 70 141 3651 3620 468 418 235 3152 64 3088 618 138 558 63 2470 122 94 64 14316 254 197 140 14062 13508 554 521 351 161 193 163
cat_boundaries=0 1 2
cat_threshold=16 10
is_linear=0
shrinkage=0.05


Tree=114
num_leaves=63
num_cat=0
split_feature=4 14 9 7 4 13 13 5 12 13 14 14 14 14 3 14 5 9 7 10 9 9 9 9 5 5 9 3 13 3 4 4 0 17 9 5 13 2 4 14 9 3 4 1 19 13 2 5 12 3 12 12 12 9 2 2 2 7 3 4 3 6
split_gain=2.17867e+06 1.49228e+06 1.22295e+06 1.84095e+06 1.68553e+06 1.73236e+06 1.51877e+06 3.34302e+06 2.0514e+06 3.13543e+06 3.0854e+06 1.84875e+06 1.77172e+06 1.80679e+06 1.6982e+06 1.65004e+06 1.34636e+06 4.44284e+06 2.55313e+06 2.44154e+06 2.22764e+06 3.30644e+06 2.01357e+06 1.77676e+06 3.32628e+06 1.90278e+06 1.64479e+06 1.51549e+06 1.26579e+06 1.26018e+06 1.2411e+06 1.18331e+06 2.12402e+06 2.3331e+06 1.5724e+06 1.62626e+06 1.578e+06 1.52386e+06 1.56536e+06 1.405e+06 1.36473e+06 1.45981e+06 2.19378e+06 1.29046e+06 1.27807e+06 1.2727e+06 1.21039e+06 1.19926e+06 1.91677e+06 1.73453e+06 1.60913e+06 1.42719e+06 2.5093e+06 1.85553e+06 1.3834e+06 1.25774e+06 1.30291e+06 1.25412e+06 1.17507e+06 1.53146e+06 1.14626e+06 1.32213e+06
threshold=3797.5000000000005 1.9700000000000002 788.39282713281102 4829.4375000000009 4393.5000000000009 2.1950000000000007 3.4750000000000005 10712.500000000002 6.1950000000000012 9.1650000000000009 6.0850000000000009 4.2650000000000006 3.9850000000000008 3.5450000000000004 8017.5000000000009 8.1900000000000013 10712.500000000002 644.52094464816298 9829.3750000000018 542.91704674150401 440.06966563566067 520.81458413191876 602.64299145916277 744.30340147670142 6544.5000000000009 9196.5000000000018 420.76062022718276 5515.5000000000009 3.7750000000000004 10615.000000000002 9117.0000000000018 5994.5000000000009 4775.5000000000009 3.6350000000000002 456.43719430683927 6290.0000000000009 4.9250000000000007 5369.5000000000009 6414.5000000000009 6.2800000000000002 392.35883862728565 4872.5000000000009 4960.5000000000009 5225.5000000000009 1.5000000000000002 6.3750000000000009 6713.5000000000009 4773.5000000000009 3.2550000000000003 6367.5000000000009 3.0950000000000002 3.6050000000000004 3.9550000000000005 278.04158860198237 5149.5000000000009 5369.5000000000009 5025.5000000000009 5406.4375000000009 10881.000000000002 10029.500000000002 4587.5000000000009 4972.5000000000009
decision_type=2 2 2 2 2 2 2 2 2 2 2 2 2 2 2 2 2 2 2 2 2 2 2 2 2 2 2 2 2 2 2 2 2 2 2 2 2 2 2 2 2 2 2 2 2 2 2 2 2 2 2 2 2 2 2 2 2 2 2 2 2 2
left_child=-1 -2 16 -4 -5 -6 7 58 10 15 11 12 13 30 -12 -10 18 19 23 -18 28 -22 -23 25 27 31 -27 -25 -20 -13 -8 34 33 -33 36 46 47 38 -34 40 41 45 -43 -39 -45 -38 -36 54 49 50 -49 -50 53 -53 -3 56 -54 -56 59 -7 -41 -62
right_child=1 2 3 4 5 6 8 -9 9 -11 14 29 -14 -15 -16 -17 17 -19 20 -21 21 22 -24 24 -26 26 -28 -29 -30 -31 -32 32 37 -35 35 -37 39 43 -40 60 -42 42 -44 44 -46 -47 -48 48 51 -51 -52 52 55 -55 57 -57 -58 -59 -60 -61 61 -63
leaf_value=-0.47434251927875304 -3.9601937635561053 0.74502981043915184 -6.999714612705751 8.9271854360898342 11.157349681854249 -6.3523361903145208 1.4156082550684612 8.4401066090198267 -4.4773407784375285 6.46046487569809 19.742563272203721 -1.6413696872738173 10.789301359862613 -4.0793664130071798 3.5309270477294925 -16.724943148195745 3.6467733870534342 9.8754778618508201 -5.7196649079852637 -11.824708610773087 24.361828872561457 -2.6075261742240046 11.869017208033595 5.5625013803506826 18.557623479962349 1.8189679945624153 -10.710985653524968 -7.2443088018532968 7.5394709841410323 -13.24895407597224 13.48771696957675 14.0400639841812 0.99576963908235805 -2.0867925528324012 -0.91163657271628551 -6.5052158349293938 11.684754675111654 10.053537311959774 -10.360101430820968 -2.0087591810358894 14.410142588615418 -7.7143729813244875 7.8583673011688964 8.2618184010897373 1.3571731922058834 2.0769380983213583 8.0817807647662292 -1.0381070701080726 -6.7859298439508082 12.372239161102158 7.2662191409460251 9.9216019530794526 -5.0109001145643353 -1.890324361035318 9.3216437498728446 -9.1830846971935696 7.0972174644470218 -2.5336570167541503 -15.338559303283692 5.7246305974324549 13.118597972008491 1.9433959240577499
leaf_weight=9925 178 3155 111 48 30 210 60 47 88 50 35 106 57 96 30 40 34 47 45 102 32 41 58 77 40 43 67 33 30 30 33 70 71 33 919 130 81 47 53 162 40 49 42 70 1575 60 39 327 178 33 71 67 68 66 87 90 33 30 30 30 31 181
leaf_count=9925 178 3155 111 48 30 210 60 47 88 50 35 106 57 96 30 40 34 47 45 102 32 41 58 77 40 43 67 33 30 30 33 70 71 33 919 130 81 47 53 162 40 49 42 70 1575 60 39 327 178 33 71 67 68 66 87 90 33 30 30 30 31 181
internal_value=0.0480338 0.576211 0.659992 -0.884687 -0.219228 -0.670903 -1.0476 -3.86664 0.382217 -4.15719 2.18986 0.476305 3.06261 0.732339 12.2603 -8.30472 0.865356 -3.37695 0.958621 -7.95684 6.45569 10.3899 5.87368 0.819129 6.21037 0.717638 -5.81291 1.72046 -0.416011 -4.20187 5.69926 0.809055 1.88846 8.87321 0.460281 -1.25761 0.845577 1.49229 -3.85795 3.14636 5.88064 4.41004 -0.526954 1.88439 1.65099 7.59632 -0.545516 0.492116 -1.08917 1.35667 0.443318 -3.18908 -1.21304 4.06004 0.943014 -4.88487 -1.05478 6.28182 -6.00892 -4.84272 1.15779 3.57751
internal_weight=19741 9816 9638 1131 1020 972 942 317 625 178 447 382 246 189 65 128 8507 183 8324 136 206 131 99 8118 150 7968 110 110 75 136 93 7858 1919 103 5939 1088 4851 1816 124 646 272 232 91 1692 1645 141 958 4205 933 431 398 502 324 133 3272 191 101 117 270 240 374 212
internal_count=19741 9816 9638 1131 1020 972 942 317 625 178 447 382 246 189 65 128 8507 183 8324 136 206 131 99 8118 150 7968 110 110 75 136 93 7858 1919 103 5939 1088 4851 1816 124 646 272 232 91 1692 1645 141 958 4205 933 431 398 502 324 133 3272 191 101 117 270 240 374 212
is_linear=0
shrinkage=0.05


Tree=115
num_leaves=63
num_cat=2
split_feature=8 5 15 18 18 17 16 15 16 17 17 0 17 5 15 9 10 1 24 15 7 3 9 15 17 17 1 7 18 0 2 18 2 16 17 12 2 1 15 3 18 4 9 18 9 6 25 3 15 15 6 9 12 16 16 15 0 4 3 5 0 17
split_gain=2.13991e+06 2.56448e+06 1.72677e+06 2.72576e+06 1.90134e+06 4.93425e+06 2.24046e+06 3.729e+06 1.89448e+06 1.49244e+06 2.82606e+06 1.42504e+06 1.36341e+06 1.30188e+06 3.84953e+06 3.22981e+06 3.84379e+06 1.78137e+06 1.22813e+06 2.92377e+06 2.27783e+06 2.19086e+06 1.72871e+06 1.60662e+06 1.46259e+06 1.33351e+06 1.32035e+06 2.2931e+06 1.73668e+06 1.48878e+06 1.39282e+06 1.27228e+06 3.00937e+06 2.7535e+06 2.00611e+06 2.02078e+06 1.8738e+06 3.71021e+06 1.8668e+06 2.48106e+06 1.81715e+06 2.42413e+06 1.63462e+06 1.23695e+06 1.64251e+06 1.95769e+06 1.21307e+06 1.34137e+06 1.19956e+06 1.18105e+06 1.25731e+06 1.17982e+06 1.15624e+06 1.74794e+06 1.15056e+06 1.45139e+06 1.1225e+06 1.98686e+06 1.66837e+06 1.1692e+06 1.11489e+06 1.17921e+06
threshold=3745.8750000000005 4471.5000000000009 0.60464610306278399 3.5000000000000004 47.500000000000007 2.4050000000000007 5.1800000000000006 -0.058284974779040842 6.2600000000000007 7.0450000000000008 4.9250000000000007 4140.5000000000009 4.2650000000000006 11937.000000000002 -0.21787611976579332 706.97558773770209 1307.2560509709017 13053.500000000002 0 -0.008721438498991858 11500.062500000002 12230.000000000002 912.70811461809353 -0.22238850701674875 5.9300000000000006 3.7950000000000004 6597.5000000000009 6405.5625000000009 7.5000000000000009 5866.5000000000009 5369.5000000000009 22.500000000000004 10108.000000000002 3.7350000000000008 2.8450000000000002 3.3250000000000006 9623.0000000000018 9220.0000000000018 -0.018510050724815826 6313.5000000000009 33.500000000000007 8127.5000000000009 104.09670817838045 4.5000000000000009 451.77750787591373 7934.0000000000009 1 6200.5000000000009 -0.07453518617091566 -0.08280012187690429 6000.8750000000009 558.96660514536109 8.1900000000000013 6.8200000000000012 3.9650000000000003 0.072097536423876923 6356.5000000000009 5994.5000000000009 5822.5000000000009 3603.5000000000005 3651.5000000000005 3.6250000000000004
decision_type=2 2 2 2 2 2 2 2 2 2 2 2 2 2 2 2 2 2 1 2 2 2 2 2 2 2 2 2 2 2 2 2 2 2 2 2 2 2 2 2 2 2 2 2 2 2 1 2 2 2 2 2 2 2 2 2 2 2 2 2 2 2
left_child=1 -1 4 -4 13 -6 7 -7 12 10 -10 -3 -5 17 -15 -16 -17 18 19 21 60 24 23 26 25 31 27 28 -20 30 -30 32 34 -34 42 -36 37 38 40 -40 41 -33 -2 -44 45 -45 47 48 -46 -24 -51 -38 -25 -54 55 -9 57 59 -59 -42 -21 -62
right_child=2 11 3 8 5 6 -8 54 9 -11 -12 -13 -14 14 15 16 -18 -19 22 20 -22 -23 49 52 -26 -27 -28 -29 29 -31 -32 36 33 -35 35 -37 51 -39 39 -41 56 -43 43 44 46 -47 -48 -49 -50 50 -52 -53 53 -55 -56 -57 -58 58 -60 -61 61 -63
leaf_value=-0.38696162841618276 -4.2432101116180423 -9.8785742863347501 14.719209423431984 1.855359098490547 -0.98830181471632172 16.41484787590576 20.089126698176067 -0.61343941660154444 2.1980354374852675 -3.7216021060943607 17.747309423576702 -0.78444488116673061 -12.524065652489663 -18.100848649050061 -12.447866851091385 17.645115192516432 -6.4387148030598969 -11.440255230665208 8.7632331621466264 4.4760058695194767 12.392498902713552 -7.8814808586187528 -1.1809426321047489 0.20192303580766954 10.859622193419415 -2.8551248821993949 -9.4067486310005197 11.84595222592354 -4.0265234140277277 -11.975165637149367 1.9429476138177535 -2.9499709827577885 3.9099334751858432 24.692667910257978 -14.68972024068688 3.0882507662619316 -0.14113199354671851 17.971505402073717 2.5976227091418376 19.430058042791984 8.5884918997504496 8.9725410542589561 -2.4217172315852213 4.4585316662342889 4.5298876783635356 16.516844881602697 -1.6352855375352897 -0.059509778441861276 15.916532853444417 -4.2304696244708557 -15.89209345892856 -11.929923142086377 15.541785758336387 1.9648719430958803 -6.478083284824125 10.860237627613301 -1.587556621939578 19.486122904717924 4.8075013877177728 0.63709704781850363 -1.288135918316436 2.1464212613565881
leaf_weight=9157 75 112 52 34 301 66 36 63 87 39 44 70 32 38 32 37 30 32 33 102 34 57 107 2754 46 142 60 30 329 43 139 459 34 30 33 31 41 33 81 30 55 47 88 879 101 35 202 128 30 59 38 44 30 113 31 49 141 32 49 290 2030 285
leaf_count=9157 75 112 52 34 301 66 36 63 87 39 44 70 32 38 32 37 30 32 33 102 34 57 107 2754 46 142 60 30 329 43 139 459 34 30 33 31 41 33 81 30 55 47 88 879 101 35 202 128 30 59 38 44 30 113 31 49 141 32 49 290 2030 285
internal_value=0.0456321 -0.503771 0.538891 4.35653 0.430182 3.29999 8.56846 6.58404 2.07322 4.86452 7.42069 -6.38083 -5.11648 0.266416 -4.57267 0.61996 6.86131 0.336712 0.376808 0.840064 -0.459114 1.83374 -0.327078 -0.0693991 2.00921 1.8783 -2.34926 -1.61154 -2.35368 -3.0716 -2.25354 2.10476 3.01993 13.6518 2.59518 -6.07852 0.933749 1.43504 0.974143 7.14693 0.335579 -1.84254 2.95611 3.32518 3.69299 4.92028 1.25969 3.44757 7.13752 -4.80323 -8.79894 -6.24357 0.429541 4.81318 2.04674 4.40629 2.27937 3.55927 10.6065 1.90471 -0.639898 -0.865307
internal_weight=19741 9339 10402 288 10114 546 245 209 236 170 131 182 66 9568 137 99 67 9431 9399 5664 2451 3213 3735 3531 3156 3110 634 574 544 511 468 2968 1666 64 1602 64 1302 1217 1184 111 1073 506 1538 1463 1375 914 461 259 131 204 97 85 2897 143 143 112 567 426 81 345 2417 2315
internal_count=19741 9339 10402 288 10114 546 245 209 236 170 131 182 66 9568 137 99 67 9431 9399 5664 2451 3213 3735 3531 3156 3110 634 574 544 511 468 2968 1666 64 1602 64 1302 1217 1184 111 1073 506 1538 1463 1375 914 461 259 131 204 97 85 2897 143 143 112 567 426 81 345 2417 2315
cat_boundaries=0 1 2
cat_threshold=1729 20
is_linear=0
shrinkage=0.05


Tree=116
num_leaves=63
num_cat=1
split_feature=8 15 18 18 17 16 15 16 14 11 17 0 17 13 0 17 9 18 13 10 16 2 15 19 2 12 13 10 15 17 24 14 11 9 4 10 3 15 11 15 3 0 14 11 4 18 6 2 17 6 18 10 11 3 9 2 6 9 11 0 6 16
split_gain=1.93096e+06 1.55848e+06 2.46e+06 1.71606e+06 4.45316e+06 2.02202e+06 3.36542e+06 1.70976e+06 1.79219e+06 2.48501e+06 1.23048e+06 1.16717e+06 1.27915e+06 1.13238e+06 1.09274e+06 1.0906e+06 3.08429e+06 2.57854e+06 2.53457e+06 2.287e+06 2.43454e+06 1.98791e+06 1.82201e+06 1.53358e+06 1.5169e+06 1.49518e+06 1.35477e+06 1.566e+06 1.3403e+06 2.26756e+06 1.91816e+06 1.91656e+06 1.82656e+06 1.76333e+06 1.65003e+06 3.1866e+06 1.78555e+06 2.11811e+06 1.93886e+06 1.59608e+06 2.19645e+06 1.43034e+06 1.40311e+06 1.95623e+06 1.39558e+06 1.64563e+06 2.50963e+06 1.97729e+06 2.12324e+06 2.22945e+06 1.67176e+06 1.54654e+06 2.91044e+06 1.44469e+06 1.3477e+06 1.47139e+06 1.31596e+06 1.31476e+06 1.29922e+06 1.22134e+06 1.18634e+06 1.16566e+06
threshold=3745.8750000000005 0.60464610306278399 3.5000000000000004 47.500000000000007 2.4050000000000007 5.1800000000000006 -0.058284974779040842 6.2600000000000007 3.3050000000000002 565.00260288131278 4.2650000000000006 3258.5000000000005 3.6950000000000007 3.6050000000000004 3590.5000000000005 4.0250000000000012 183.3346203060388 3.5000000000000004 9.9400000000000031 954.68496444119216 4.6450000000000005 13037.500000000002 0.28112173816422431 3.5000000000000004 5259.5000000000009 9.1650000000000009 9.1650000000000009 1418.667082655508 -0.008721438498991858 3.7350000000000008 0 3.6950000000000007 531.22112040396325 682.92687436130893 10576.000000000002 593.44193919301358 12991.500000000002 -0.06663322281577834 1048.2668171720497 -0.018510050724815826 6367.5000000000009 5723.5000000000009 3.2350000000000008 690.45793552102498 10029.500000000002 24.500000000000004 8862.0000000000018 10108.000000000002 2.8950000000000005 8083.6250000000009 33.500000000000007 448.8352982376212 516.98055052033396 7623.5000000000009 169.38393262588968 6169.5000000000009 5124.8750000000009 104.09670817838045 219.9768238477867 4853.5000000000009 5124.8750000000009 8.3500000000000014
decision_type=2 2 2 2 2 2 2 2 2 2 2 2 2 2 2 2 2 2 2 2 2 2 2 2 2 2 2 2 2 2 1 2 2 2 2 2 2 2 2 2 2 2 2 2 2 2 2 2 2 2 2 2 2 2 2 2 2 2 2 2 2 2
left_child=14 3 -3 11 13 6 -6 10 -9 -10 -4 12 -2 -5 -1 28 23 19 21 20 -18 25 24 -17 56 26 27 -19 30 33 54 32 -31 61 39 -36 37 38 -37 44 60 59 43 -35 45 47 50 48 49 57 53 52 -50 -47 -13 -56 -22 -32 -59 -33 -41 -30
right_child=1 2 7 4 5 -7 -8 8 9 -11 -12 15 -14 -15 -16 16 17 18 -20 -21 22 -23 -24 -25 -26 -27 -28 -29 29 31 34 41 -34 42 35 36 -38 -39 -40 40 -42 -43 -44 -45 -46 46 -48 -49 51 -51 -52 -53 -54 -55 55 -57 -58 58 -60 -61 -62 -63
leaf_value=-0.27530005159998955 12.412284865611937 13.983248798663801 1.7625909061992873 1.1919357180005867 15.59410557530143 19.084670427110463 1.9444067590720171 -1.4408394060504268 2.9806616775573249 19.448269351323447 -11.897862493991852 2.9014847972119853 -0.70459888051537911 -5.3527332990753411 -1.9175630270318162 -16.232628564631685 19.3477015136679 -1.3585913750968004 6.8986377420466996 -8.3870809247416833 8.2596484604335974 -14.490674445513756 -3.7182009440881241 -3.1660486365473552 13.692183624123627 -12.480812628807561 6.2292235404253011 -11.33166055911925 -0.53225812228504921 2.9892855370366895 -3.7603092980672082 0.45146962226705356 14.675467032829269 -5.7922691647062265 -13.649201076813775 -4.4742657060575928 10.880697082070744 -10.694076063368056 11.427514987521702 6.1652833412433496 15.435747693509473 6.1538790418551521 -7.1246773698356725 3.574645213213834 9.8358047957420354 -2.8184489910343298 -11.92440387454144 14.616973596811295 -6.8087290636954769 12.263971613221251 1.9961053756166653 -4.5736962594415829 14.229359234401159 6.5118199774752501 -2.2963866978124163 5.6962961521840869 -5.4514576657613123 10.107102181618675 2.4185834390413565 -12.461419976552328 -4.424305386292307 3.7508238446712499
leaf_weight=8183 41 52 34 203 66 36 143 71 63 36 32 192 34 98 1156 47 30 985 86 31 42 31 54 43 53 31 56 41 2423 74 83 47 61 113 51 41 34 45 36 87 49 52 178 110 50 423 43 32 31 59 664 184 35 46 808 62 30 57 1525 30 38 170
leaf_count=8183 41 52 34 203 66 36 143 71 63 36 32 192 34 98 1156 47 30 985 86 31 42 31 54 43 53 31 56 41 2423 74 83 47 61 113 51 41 34 45 36 87 49 52 178 110 50 423 43 32 31 59 664 184 35 46 808 62 30 57 1525 30 38 170
internal_value=0.0433091 0.511868 4.1387 0.408592 3.13499 8.14004 6.25484 1.96956 4.62129 8.96888 -4.86066 0.25301 6.46596 -0.938887 -0.478583 0.203924 -1.00461 -0.454498 -1.37952 4.28623 6.16601 -2.00183 3.95678 -9.98971 7.27238 -1.65398 -1.34378 -1.75713 0.441578 -0.336937 0.984123 4.10526 8.26971 -0.728634 1.53078 -2.79929 0.747794 -2.07613 2.96033 1.79843 6.46326 -0.252882 -3.81423 -1.17182 1.54729 1.41705 -0.0680235 2.28766 2.0878 2.71225 0.381954 -2.21841 4.34783 -1.90333 -0.88174 -1.72679 2.54669 2.37378 2.6956 -4.57953 2.94605 -0.251454
internal_weight=19741 10402 288 10114 546 245 209 236 170 99 66 9568 75 301 9339 9493 1560 1470 1230 240 209 1144 179 90 125 1113 1082 1026 7933 3258 4675 264 135 2994 3613 207 156 122 77 3406 174 129 401 223 3232 3182 1176 2006 1974 1724 1133 250 66 469 1062 870 72 1665 1582 77 125 2593
internal_count=19741 10402 288 10114 546 245 209 236 170 99 66 9568 75 301 9339 9493 1560 1470 1230 240 209 1144 179 90 125 1113 1082 1026 7933 3258 4675 264 135 2994 3613 207 156 122 77 3406 174 129 401 223 3232 3182 1176 2006 1974 1724 1133 250 66 469 1062 870 72 1665 1582 77 125 2593
cat_boundaries=0 1
cat_threshold=278
is_linear=0
shrinkage=0.05


Tree=117
num_leaves=63
num_cat=2
split_feature=24 5 1 1 18 15 18 15 4 16 16 15 16 2 1 13 12 11 11 10 3 3 13 22 1 4 0 15 2 6 25 1 15 12 4 5 16 12 12 4 16 16 13 2 3 1 0 4 4 3 3 4 13 15 1 10 16 16 0 3 0 3
split_gain=3.31505e+06 1.76738e+06 2.11796e+06 2.25146e+06 1.9305e+06 1.87288e+06 1.65191e+06 2.09462e+06 1.5301e+06 3.90802e+06 3.34608e+06 3.33563e+06 3.3904e+06 1.4422e+06 2.54421e+06 1.99864e+06 2.47933e+06 1.59997e+06 1.77142e+06 1.46833e+06 1.28019e+06 1.57098e+06 2.38104e+06 1.24975e+06 1.45653e+06 1.2201e+06 1.19532e+06 1.13716e+06 1.12142e+06 1.1129e+06 1.10537e+06 1.13436e+06 1.02082e+06 976046 1.45535e+06 1.52256e+06 2.08734e+06 2.11014e+06 3.23446e+06 1.94814e+06 2.12175e+06 3.24603e+06 2.21018e+06 1.9217e+06 2.87606e+06 1.75455e+06 1.41711e+06 1.25244e+06 2.28556e+06 1.24108e+06 1.53634e+06 1.49422e+06 1.86456e+06 1.16635e+06 1.15528e+06 1.69369e+06 1.14765e+06 1.95405e+06 2.74617e+06 2.3737e+06 3.0516e+06 1.98005e+06
threshold=0 5786.5000000000009 5476.5000000000009 5504.5000000000009 25.500000000000004 0.20007022368813673 47.500000000000007 0.64205929335021095 11266.000000000002 3.1150000000000007 3.3850000000000002 -0.16698754458866119 3.6850000000000005 3307.5000000000005 5332.5000000000009 4.2650000000000006 5.6550000000000002 828.1666927229611 629.67722300029493 397.10460968104144 5307.5000000000009 5822.5000000000009 3.8250000000000006 5.3850000000000007 6658.5000000000009 4130.5000000000009 3711.5000000000005 -0.063355372946253499 5845.5000000000009 5722.0000000000009 1 5438.5000000000009 0.0090090090090079473 6.705000000000001 5398.5000000000009 5457.5000000000009 4.1450000000000005 3.9850000000000008 4.5150000000000006 6232.5000000000009 5.3050000000000006 6.0150000000000015 6.705000000000001 6220.5000000000009 6103.5000000000009 5476.5000000000009 4575.5000000000009 6894.5000000000009 8893.0000000000018 4426.5000000000009 5154.5000000000009 5398.5000000000009 7.330000000000001 -0.12586028556047432 7557.5000000000009 954.68496444119216 3.4150000000000005 3.3550000000000004 10427.000000000002 6200.5000000000009 6185.5000000000009 6638.0000000000009
decision_type=1 2 2 2 2 2 2 2 2 2 2 2 2 2 2 2 2 2 2 2 2 2 2 2 2 2 2 2 2 2 1 2 2 2 2 2 2 2 2 2 2 2 2 2 2 2 2 2 2 2 2 2 2 2 2 2 2 2 2 2 2 2
left_child=6 2 29 -4 23 20 7 8 33 27 -11 -12 -13 -8 19 16 17 18 -16 25 -5 22 -22 -3 -25 26 -15 -10 -23 30 31 -2 -29 34 46 43 56 47 -39 -40 -41 -42 -43 44 53 -46 -1 -38 -49 -35 -51 -52 -53 -36 -54 -56 57 58 59 -37 61 -61
right_child=1 4 3 5 -6 -7 13 -9 9 10 11 12 -14 14 15 -17 -18 -19 -20 -21 21 28 -24 24 -26 -27 -28 32 -30 -31 -32 -33 -34 49 35 36 37 38 39 40 41 42 -44 -45 45 -47 -48 48 -50 50 51 52 54 -55 55 -57 -58 -59 -60 60 -62 -63
leaf_value=0.75575721390717876 0.13302503530344464 1.1516824161474195 13.581485125693408 -1.9154042819403285 -7.1911035102274683 11.991498385156904 14.622250556945801 10.849944530083583 5.4597467404603961 22.411006441869233 -7.6247388076782237 -2.7536015479795397 17.729507206226216 4.2386708799997974 6.2451473521149685 16.257762012925259 -7.5234364979796942 -3.0857930905891191 19.712362824716877 -9.1999292318357373 1.1744255871432168 -5.1598135599723234 14.93918991601258 -1.7995919589370375 -10.445272428194682 6.649309399826774 -9.1123663199575322 -11.565362435418207 3.1237883397665893 -9.2385188565935419 -0.82652613542881592 -8.7638530996110706 -0.90014955537361008 2.6055150460655039 10.515162824569865 -5.2609893980672808 16.028354091114469 -7.2185458318183295 12.899551921974529 11.195721392101712 -15.750418740908305 10.290793294322734 -6.0263265826221968 -5.714253306388855 23.808463459014895 7.8124486850202093 -2.4360398823144376 0.079521364478741668 17.02970499098301 -11.805552361315739 8.0539461594074968 -11.609662423943576 -7.7186937989258189 1.8775630403631205 10.407980464054988 -2.850228886377244 -1.6908787758906751 9.5328387656578659 -11.077116128802301 2.3354219107066885 1.1424242455332352 18.175663449409161
leaf_weight=907 7480 280 44 217 180 42 30 52 35 38 35 31 58 30 115 43 36 33 31 45 70 65 57 259 60 58 38 37 110 35 5835 36 57 110 47 118 45 76 55 45 30 49 36 42 30 40 564 59 30 48 32 53 41 232 39 63 571 65 48 34 559 47
leaf_count=907 7480 280 44 217 180 42 30 52 35 38 35 31 58 30 115 43 36 33 31 45 70 65 57 259 60 58 38 37 110 35 5835 36 57 110 47 118 45 76 55 45 30 49 36 42 30 40 564 59 30 48 32 53 41 232 39 63 571 65 48 34 559 47
internal_value=0.0421194 -0.332344 -0.20351 2.69018 -2.6505 1.83596 1.16526 0.873563 0.755821 4.25968 9.43026 5.45229 10.5949 4.02376 3.2826 6.41738 4.4493 6.85723 9.10462 -1.44706 1.01412 3.11911 7.35231 -1.28604 -3.42574 1.32183 -3.2222 -2.23361 0.0470219 -0.334294 -0.310952 0.0902908 -5.09816 0.508039 0.755792 1.55306 0.958886 4.0384 1.64764 4.78173 1.99123 -1.61053 3.38001 4.39018 5.60619 14.6679 -0.468018 9.23029 5.79307 -1.8854 -3.67526 -1.96362 -3.59914 3.33264 -0.630207 2.21909 0.0512622 1.19335 0.520816 1.25525 2.45668 11.5267
internal_weight=19687 14770 13991 605 779 561 4917 4458 4406 291 162 124 89 459 429 258 215 179 146 171 519 302 127 599 319 126 68 129 175 13386 13351 7516 94 4115 3729 2258 1867 425 291 215 160 115 85 391 349 70 1471 134 89 386 276 228 196 279 143 102 1442 871 806 758 640 81
internal_count=19687 14770 13991 605 779 561 4917 4458 4406 291 162 124 89 459 429 258 215 179 146 171 519 302 127 599 319 126 68 129 175 13386 13351 7516 94 4115 3729 2258 1867 425 291 215 160 115 85 391 349 70 1471 134 89 386 276 228 196 279 143 102 1442 871 806 758 640 81
cat_boundaries=0 1 2
cat_threshold=2113 21
is_linear=0
shrinkage=0.05


Tree=118
num_leaves=63
num_cat=4
split_feature=24 5 1 1 18 15 18 15 7 4 16 16 9 8 14 14 14 17 13 17 18 18 7 25 11 9 17 12 5 7 16 16 17 11 4 10 25 4 8 1 24 17 13 10 18 9 9 10 4 5 8 18 5 17 15 15 0 12 7 13 4 5
split_gain=2.99195e+06 1.59502e+06 1.9115e+06 2.03195e+06 1.74228e+06 1.69028e+06 1.49085e+06 1.89039e+06 1.45622e+06 1.38092e+06 3.52699e+06 3.01984e+06 3.93315e+06 4.87172e+06 1.36538e+06 2.32556e+06 3.12952e+06 2.00868e+06 3.2345e+06 1.7579e+06 1.67487e+06 1.31522e+06 2.0019e+06 1.26685e+06 1.18345e+06 1.10502e+06 1.09531e+06 1.45019e+06 1.04271e+06 1.94458e+06 1.77277e+06 1.93016e+06 1.72453e+06 1.39653e+06 2.58706e+06 1.69657e+06 1.27202e+06 1.17214e+06 1.11017e+06 1.10981e+06 1.04671e+06 2.06861e+06 1.62282e+06 1.50997e+06 1.2669e+06 1.549e+06 1.72216e+06 1.37403e+06 1.00476e+06 969043 963552 1.51741e+06 1.467e+06 1.26503e+06 1.26154e+06 936681 899657 890970 2.11857e+06 1.30375e+06 1.0096e+06 1.53923e+06
threshold=0 5786.5000000000009 5476.5000000000009 5504.5000000000009 25.500000000000004 0.20007022368813673 47.500000000000007 0.64205929335021095 6066.6250000000009 11266.000000000002 3.1150000000000007 3.3850000000000002 866.57129805204329 11469.708333333334 2.8050000000000002 3.2950000000000004 3.3550000000000004 3.0450000000000004 4.1450000000000005 3.5450000000000004 50.500000000000007 50.500000000000007 5327.6875000000009 1 365.31515932795531 730.52783388576552 4.1950000000000012 3.7350000000000008 4226.5000000000009 3719.6875000000005 2.0750000000000006 2.4550000000000005 2.8350000000000004 305.75057916783356 4795.5000000000009 255.53031339677057 2 4655.5000000000009 4919.291666666667 4889.5000000000009 3 4.8550000000000013 5.3900000000000015 432.22875912493549 46.500000000000007 232.79282634967873 199.16157593906533 156.85593825450221 5853.5000000000009 5524.5000000000009 6577.9166666666679 15.500000000000002 6230.0000000000009 2.5950000000000002 -0.20899953127441284 -0.063355372946253499 4877.5000000000009 9.1650000000000009 5371.3125000000009 10.050000000000002 5398.5000000000009 5457.5000000000009
decision_type=1 2 2 2 2 2 2 2 2 2 2 2 2 2 2 2 2 2 2 2 2 2 2 1 2 2 2 2 2 2 2 2 2 2 2 2 1 2 2 2 1 2 2 2 2 2 2 2 2 2 2 2 2 2 2 2 2 2 2 2 2 2
left_child=6 2 28 -4 24 8 7 9 23 57 25 -12 13 -13 21 19 -17 -18 20 -16 -19 22 -8 48 -3 -11 27 -10 36 -30 -31 32 -32 34 37 -36 38 -33 39 40 -2 44 -43 -44 -42 46 47 -46 -5 -35 52 53 -26 -52 -54 -53 -25 60 -59 -60 -1 -62
right_child=1 4 3 5 -6 -7 14 -9 26 10 11 12 -14 -15 15 16 17 18 -20 -21 -22 -23 -24 56 50 -27 -28 -29 29 30 31 33 -34 49 35 -37 -38 -39 -40 -41 41 42 43 -45 45 -47 -48 -49 -50 -51 51 55 54 -55 -56 -57 -58 58 59 -61 61 -63
leaf_value=-0.36548196932207161 -0.24495343734067207 6.2241271700177876 12.902410616657953 3.6608135955744103 -6.8315483108328454 11.391923702330818 -4.2900328000386558 10.307447252823756 3.7295006132962416 1.8047497171560924 21.290456141923606 11.069016227532517 18.834568374221391 -12.59618645157925 0.92890418291091914 19.374562148377301 -3.8934183004655338 6.0333095745606862 19.336499681302481 -12.928343944291811 -8.2149993282556544 14.904455005108042 11.962344961166382 3.1709218243190223 -0.043319166482552976 -7.5756527163364273 -2.3388179102251607 16.900202329231032 -6.3742936434074382 -9.8144812546394498 1.5620337285004655 0.62321818906051119 14.947530877249584 -1.4655145280177695 4.1204996951421107 18.683184267679852 -0.66145660268395412 -7.5805815658569333 7.6104130759554103 -5.6611953482031829 0.40100811332163522 0.022342850724045113 20.461187973022462 6.4235430560022024 12.520734275132419 7.758457580856656 -8.0181202533633211 0.58766138657015199 -4.3369687867164615 -7.0942121569757113 8.3293370491498475 -10.934531544100855 -12.914788639986959 -3.774025052388509 -3.8626735407025068 -0.066450169005177237 -5.86026404610047 7.2931038182973866 -15.890434666835901 -2.806131533516778 4.1147987700145663 0.69270019950489159
leaf_weight=1609 2851 49 44 183 180 42 36 52 57 75 38 44 37 43 60 32 76 66 35 37 30 47 40 35 169 54 31 33 174 54 77 337 35 1366 60 30 5469 50 53 76 2230 49 30 53 32 138 43 98 50 81 77 31 54 30 134 55 130 30 33 45 393 2005
leaf_count=1609 2851 49 44 183 180 42 36 52 57 75 38 44 37 43 60 32 76 66 35 37 30 47 40 35 169 54 31 33 174 54 77 337 35 1366 60 30 5469 50 53 76 2230 49 30 53 32 138 43 98 50 81 77 31 54 30 134 55 130 30 33 45 393 2005
internal_value=0.0399924 -0.315755 -0.193364 2.55567 -2.51797 1.74416 1.107 0.829885 0.963417 0.71803 4.04669 8.95875 5.17968 -0.627578 3.82257 2.17261 4.82264 2.57307 6.32463 -4.35685 1.58071 8.32977 4.26385 -0.496914 -1.22174 -2.12193 5.76682 8.55876 -0.317611 -1.2957 -0.872892 -0.635738 5.745 -1.00717 1.33904 8.97473 -0.11851 -0.436704 0.407215 0.339769 0.422331 1.13074 7.23771 11.4974 0.817942 3.80753 0.655926 3.52503 1.86453 -1.7806 -1.8851 0.961207 -3.42386 4.93587 -6.46275 -3.98401 -3.71915 0.482637 -3.99877 -8.3418 0.603424 1.25354
internal_weight=19687 14770 13991 605 779 561 4917 4458 519 4406 291 162 124 87 459 336 239 207 131 97 96 123 76 398 599 129 121 90 13386 2264 2090 2036 112 1924 477 90 11122 387 5653 5600 5524 2673 132 83 2541 311 173 130 233 1447 550 193 357 107 188 86 165 4115 108 78 4007 2398
internal_count=19687 14770 13991 605 779 561 4917 4458 519 4406 291 162 124 87 459 336 239 207 131 97 96 123 76 398 599 129 121 90 13386 2264 2090 2036 112 1924 477 90 11122 387 5653 5600 5524 2673 132 83 2541 311 173 130 233 1447 550 193 357 107 188 86 165 4115 108 78 4007 2398
cat_boundaries=0 1 2 3 4
cat_threshold=2113 17 21 296
is_linear=0
shrinkage=0.05


Tree=119
num_leaves=63
num_cat=2
split_feature=24 5 1 1 18 15 14 2 1 11 2 17 18 12 12 18 13 14 10 12 1 2 7 3 13 14 2 18 4 0 17 5 18 18 11 14 14 13 11 2 6 4 14 18 25 13 1 13 2 13 10 5 15 15 1 3 5 15 15 15 11 13
split_gain=2.70036e+06 1.43946e+06 1.72517e+06 1.83383e+06 1.57241e+06 1.52867e+06 1.34719e+06 1.87303e+06 2.07509e+06 1.84476e+06 2.19815e+06 1.59571e+06 2.52693e+06 6.88217e+06 2.49103e+06 2.32282e+06 2.65025e+06 2.54552e+06 1.79911e+06 1.58314e+06 1.40204e+06 1.69657e+06 1.32718e+06 2.19169e+06 1.30566e+06 1.26165e+06 1.44112e+06 1.23248e+06 1.33391e+06 1.65051e+06 1.33511e+06 1.46887e+06 2.17889e+06 1.51712e+06 2.08683e+06 1.60964e+06 2.30833e+06 2.2127e+06 1.70944e+06 1.29831e+06 1.75169e+06 1.461e+06 1.27046e+06 1.24737e+06 1.18326e+06 1.16951e+06 2.44192e+06 1.83727e+06 1.73964e+06 1.25655e+06 1.77929e+06 1.93002e+06 1.28097e+06 1.15942e+06 1.59193e+06 1.34476e+06 1.85069e+06 1.1346e+06 1.10898e+06 1.09815e+06 1.06807e+06 1.01004e+06
threshold=0 5786.5000000000009 5476.5000000000009 5504.5000000000009 25.500000000000004 0.18803860335249881 8.0350000000000019 13037.500000000002 12250.500000000002 1454.1591851786363 9208.5000000000018 4.4400000000000004 2.5000000000000004 6.660000000000001 4.5750000000000011 51.500000000000007 4.2650000000000006 5.995000000000001 538.61109408793698 4.0250000000000012 6528.0000000000009 9409.0000000000018 6066.6250000000009 5919.5000000000009 6.6250000000000009 3.3150000000000004 9623.0000000000018 50.500000000000007 5366.5000000000009 5382.5000000000009 3.9850000000000008 4704.5000000000009 30.500000000000004 14.500000000000002 489.03383024062458 3.7850000000000006 3.6850000000000005 4.1950000000000012 904.85721432381922 5401.5000000000009 4642.8750000000009 5078.5000000000009 3.5850000000000004 47.500000000000007 1 2.3850000000000002 9220.0000000000018 2.1550000000000007 6653.5000000000009 3.7250000000000005 691.14590972516828 6486.5000000000009 -0.23816866762125052 -0.18957088538837705 11726.000000000002 5771.5000000000009 5417.5000000000009 0.3297721853187025 -0.027090694935218661 -0.018510050724815826 365.31515932795531 3.5750000000000006
decision_type=1 2 2 2 2 2 2 2 2 2 2 2 2 2 2 2 2 2 2 2 2 2 2 2 2 2 2 2 2 2 2 2 2 2 2 2 2 2 2 2 2 2 2 2 1 2 2 2 2 2 2 2 2 2 2 2 2 2 2 2 2 2
left_child=6 2 -2 -4 60 22 7 11 -9 10 -8 19 13 24 -14 17 -17 18 -16 27 -19 -22 44 -24 -13 -21 57 28 29 39 31 32 -30 34 -33 36 43 38 -37 40 42 -42 -1 45 -5 46 47 48 -35 52 51 -51 -47 -54 55 -55 -57 -27 -38 -49 -3 -58
right_child=1 4 3 5 -6 -7 9 8 -10 -11 -12 12 14 -15 15 16 -18 20 -20 25 21 -23 23 -25 -26 26 -28 -29 30 -31 -32 33 -34 35 -36 37 58 -39 -40 -41 41 -43 -44 -45 -46 49 -48 59 -50 50 -52 -53 53 54 -56 56 61 -59 -60 -61 -62 -63
leaf_value=-0.18498928072919404 -0.30176388315719954 5.9129208078189777 12.257290352474561 1.7713021555555213 -6.4899709854523344 10.603696624934674 -2.917047592098343 0.18666730696155179 17.950846388680596 -12.527890229836489 11.158061690583374 -1.493341901009543 14.557071420881483 30.747189175287886 2.6975004738452388 -1.2765966860453288 18.975762953077044 -1.9495018346169417 -8.5269383168521049 5.8696825462910871 11.585652064255306 0.075648683612629525 15.81858942574925 1.099134110703188 10.886903286681457 -0.43852055399368206 -10.237615011215212 9.9312347761169093 2.3333697626857384 -6.6327600687421784 12.157869495884064 17.842633697191875 16.996992399818019 3.6852190577706625 3.3379716429260231 -2.7037466482575891 14.609110818772265 -13.727468053918138 8.1672906463796444 8.1762456064224249 -7.5388629349589351 2.3674686887916532 4.3744832285877431 6.3365265621329252 -3.6435513302080893 -9.2120983868110482 15.07204926304701 0.62501586112711172 -10.378528997235829 8.8253448410005113 13.782881611271911 -5.946452113986016 8.256797417616232 -5.5909528937342827 -10.053149597417741 8.9108596563339244 0.58478672074218041 -6.7058924909900215 3.1758772486134581 12.525714102245514 -1.7908446701196106 -5.3898774231225257
leaf_weight=669 13386 49 44 233 180 44 174 31 35 39 33 57 36 30 51 30 35 85 119 54 70 59 36 85 34 480 50 40 76 93 31 30 38 43 143 203 48 38 44 50 125 53 198 106 163 41 41 36 45 41 38 48 39 98 42 62 611 85 38 42 550 80
leaf_count=669 13386 49 44 233 180 44 174 31 35 39 33 57 36 30 51 30 35 85 119 54 70 59 36 85 34 480 50 40 76 93 31 30 38 43 143 203 48 38 44 50 125 53 198 106 163 41 41 36 45 41 38 48 39 98 42 62 611 85 38 42 550 80
internal_value=0.0379698 -0.299998 -0.183728 2.42789 -2.39207 1.65695 1.05165 1.24372 9.60707 -2.55259 -0.67319 1.12385 3.51481 9.97892 1.90212 0.887465 9.62852 -0.59214 -5.15961 0.761534 3.03622 6.32139 0.895527 5.47848 3.13224 -1.45801 -2.10142 1.20744 1.10138 -0.237817 1.85826 1.70409 7.22124 1.3827 5.85323 0.949178 1.60405 -2.49524 -0.767206 0.305315 -0.0712844 -4.58922 0.856274 1.12 -0.504818 0.696928 4.14476 1.44585 -3.50647 0.0481092 4.72566 0.858533 -0.562424 -0.181913 -0.550457 -0.0814637 0.635575 -1.3814 9.55722 7.03308 -1.16065 -0.106925
internal_weight=19687 14770 13991 605 779 561 4917 4671 66 246 207 4605 606 121 485 449 65 384 170 3999 214 129 517 121 91 669 615 3330 3290 1188 2102 2071 114 1957 173 1784 1499 285 247 1095 1045 178 867 1413 396 1307 207 166 88 1100 127 89 973 932 893 851 753 565 86 78 599 691
internal_count=19687 14770 13991 605 779 561 4917 4671 66 246 207 4605 606 121 485 449 65 384 170 3999 214 129 517 121 91 669 615 3330 3290 1188 2102 2071 114 1957 173 1784 1499 285 247 1095 1045 178 867 1413 396 1307 207 166 88 1100 127 89 973 932 893 851 753 565 86 78 599 691
cat_boundaries=0 1 2
cat_threshold=2113 17
is_linear=0
shrinkage=0.05


Tree=120
num_leaves=63
num_cat=1
split_feature=14 4 17 21 12 15 4 17 3 2 5 0 11 15 16 12 8 12 16 16 4 5 0 21 16 15 12 9 0 1 24 16 14 14 3 5 8 9 11 19 14 6 5 9 3 5 5 17 0 2 9 5 15 5 11 0 9 12 2 5 3 22
split_gain=1.39742e+06 1.23329e+06 1.79631e+06 2.58431e+06 1.90176e+06 2.48742e+06 1.7086e+06 1.59454e+06 2.7621e+06 2.46683e+06 2.19913e+06 1.71302e+06 1.47709e+06 1.35447e+06 2.752e+06 2.10329e+06 1.364e+06 2.43058e+06 3.45488e+06 2.48002e+06 1.91226e+06 1.17024e+06 1.288e+06 1.1034e+06 1.50641e+06 1.39519e+06 1.70576e+06 1.56738e+06 1.72805e+06 1.20939e+06 1.10411e+06 1.38639e+06 1.07749e+06 1.05111e+06 1.04334e+06 1.03046e+06 1.02644e+06 1.00569e+06 1.05816e+06 1.29061e+06 2.11271e+06 1.16687e+06 1.42024e+06 1.26017e+06 1.1589e+06 1.69875e+06 1.37632e+06 1.15469e+06 1.13449e+06 1.51129e+06 1.2366e+06 1.06965e+06 1.01211e+06 994004 1.53029e+06 973391 971902 1.31968e+06 960395 946894 939670 1.03517e+06
threshold=2.1550000000000007 3675.5000000000005 5.1800000000000006 1.0000000180025095e-35 5.7900000000000009 -0.18404723996219846 10029.500000000002 3.9350000000000005 5967.5000000000009 13037.500000000002 11937.000000000002 6233.5000000000009 718.95047120542256 -0.27149861954067545 4.7250000000000005 6.3750000000000009 5755.916666666667 6.8050000000000006 9.5650000000000031 7.5150000000000006 4040.5000000000005 3782.5000000000005 4322.5000000000009 1.0000000180025095e-35 6.2600000000000007 -0.015831246985518486 2.3450000000000002 661.73634984214493 6003.5000000000009 5296.5000000000009 0 3.9150000000000005 4.4850000000000012 5.8150000000000004 11297.000000000002 3861.5000000000005 5538.916666666667 89.286990071950456 352.7172601536991 3.5000000000000004 6.0150000000000015 4392.1250000000009 5126.5000000000009 259.84057611767042 6009.5000000000009 4773.5000000000009 4704.5000000000009 2.9850000000000008 4322.5000000000009 4221.5000000000009 345.60948561005188 6028.5000000000009 -0.071600712036151246 5126.5000000000009 252.89575939987256 4176.5000000000009 278.04158860198237 3.0050000000000003 3812.5000000000005 10120.500000000002 4815.5000000000009 4.7350000000000003
decision_type=2 2 2 2 2 2 2 2 2 2 2 2 2 2 2 2 2 2 2 2 2 2 2 2 2 2 2 2 2 2 1 2 2 2 2 2 2 2 2 2 2 2 2 2 2 2 2 2 2 2 2 2 2 2 2 2 2 2 2 2 2 2
left_child=-1 21 7 4 5 -4 13 9 11 10 23 33 -10 -6 -15 36 20 -18 19 -19 -17 22 -2 37 25 26 -25 28 29 -27 35 -32 -22 -9 59 -28 -16 -3 39 40 41 55 43 -43 45 46 48 56 -41 -50 52 -46 -51 54 -42 -39 -47 -58 -24 -14 61 -54
right_child=1 2 3 -5 6 -7 -8 8 12 -11 -12 -13 34 14 15 16 17 18 -20 -21 32 -23 58 24 -26 27 30 -29 -30 -31 31 -33 -34 -35 -36 -37 -38 38 -40 44 53 42 -44 -45 51 47 -48 -49 49 50 -52 -53 60 -55 -56 -57 57 -59 -60 -61 -62 -63
leaf_value=-2.0310833935508752 -0.2557796297940495 -2.5362110676570815 -0.81342433836401973 13.519237113915958 -8.3340280652046204 15.45730323791504 -8.7944754963829421 0.88695562440172115 -8.7472835156741553 14.521573085169639 -12.299361750658822 11.622093890695012 -2.4043963751555739 12.849284052415328 2.2667468859089746 4.2490271131197614 -8.7630176155190735 3.6771842455162722 -7.1231263346788358 18.613500039881849 -12.12903633255225 -1.9409795901307196 1.1840897664427759 -9.3179031726085793 -12.078082666546107 -2.265474042281729 6.4576069998741152 -12.243610734598978 6.161830665447094 -12.32922885622297 3.0923620126543256 14.372421803193934 -3.1591322323109243 -6.4930133246291781 -9.3841209515281356 -4.427305920667286 13.710402273577314 9.5999371204645403 0.32357372134440909 2.0809403706098024 6.621140532004528 22.542081504397924 3.1144786818822228 8.6667140706380206 14.002605327963829 1.2176288627941192 11.741706651449205 -11.074402242093473 -6.5568081507023352 -6.0111656824747719 7.1932378954806566 2.6496039339041308 6.0405583171283501 7.5491402088067474 -5.3195735293765409 -2.9299669388801823 1.3925736696292192 -10.825630320754707 10.596859185746375 7.1507966105143232 6.1666161656379703 -4.1845975468446923
leaf_weight=851 7547 245 41 52 32 55 42 393 149 31 34 34 191 55 36 60 38 68 41 47 52 1072 64 33 32 203 30 42 54 35 137 34 94 55 46 79 43 31 5121 1130 39 36 30 30 32 131 32 37 94 69 59 59 34 39 86 31 39 51 47 30 61 91
leaf_count=851 7547 245 41 52 32 55 42 393 149 31 34 34 191 55 36 60 38 68 41 47 52 1072 64 33 32 203 30 42 54 35 137 34 94 55 46 79 43 31 5121 1130 39 36 30 30 32 131 32 37 94 69 59 59 34 39 86 31 39 51 47 30 61 91
internal_value=-0.0494542 0.0405574 0.419501 2.76286 1.96835 8.50835 0.935719 0.227958 -1.77408 0.443241 0.390786 0.802093 -4.75897 1.65775 2.25651 1.04022 -0.432216 2.5765 5.33868 9.78159 -3.26566 -0.39373 -0.17714 0.442858 -1.48838 -0.964623 1.43385 -3.2123 -1.91327 -3.74544 2.70102 5.04042 -6.35389 -0.0190673 -2.53328 -1.31117 8.49557 0.61524 0.720117 1.62627 4.55552 8.68177 12.1349 16.2351 1.13476 0.860608 1.47849 -2.89938 1.26495 -0.995013 0.669983 6.64187 -0.839319 0.580229 -1.59407 3.33499 -1.53071 -5.53108 5.16968 -1.10731 1.07927 -1.40336
internal_weight=19586 18735 10005 756 704 96 608 9249 898 8351 8320 482 416 566 534 479 400 194 156 115 206 8730 7658 8286 679 647 313 334 292 238 280 171 146 448 267 109 79 7607 7362 2241 322 158 96 66 1919 1828 1570 258 1538 408 314 91 255 164 125 62 221 90 111 221 186 125
internal_count=19586 18735 10005 756 704 96 608 9249 898 8351 8320 482 416 566 534 479 400 194 156 115 206 8730 7658 8286 679 647 313 334 292 238 280 171 146 448 267 109 79 7607 7362 2241 322 158 96 66 1919 1828 1570 258 1538 408 314 91 255 164 125 62 221 90 111 221 186 125
cat_boundaries=0 1
cat_threshold=3136
is_linear=0
shrinkage=0.05


Tree=121
num_leaves=63
num_cat=5
split_feature=25 13 14 25 3 24 24 11 3 11 11 4 15 6 11 8 12 15 11 4 3 15 15 9 24 15 14 11 7 5 1 13 16 16 11 9 9 4 5 14 3 8 5 18 13 11 4 9 16 9 16 16 15 4 16 16 1 6 5 9 12 11
split_gain=1.35328e+06 1.72983e+06 3.61695e+06 1.769e+06 1.67319e+06 2.11775e+06 1.48178e+06 1.39497e+06 1.97357e+06 1.94132e+06 2.11123e+06 1.69695e+06 4.49163e+06 2.48484e+06 2.2227e+06 2.11889e+06 1.63821e+06 1.58762e+06 1.37375e+06 1.44046e+06 1.40943e+06 1.28246e+06 1.70624e+06 1.35007e+06 1.27997e+06 2.00078e+06 1.4657e+06 1.25423e+06 2.03573e+06 1.23815e+06 1.58333e+06 1.18411e+06 1.46156e+06 1.25963e+06 1.14672e+06 1.13732e+06 2.0157e+06 1.23023e+06 1.62945e+06 4.64465e+06 1.23635e+06 1.6184e+06 1.05652e+06 1.41067e+06 1.89649e+06 1.22944e+06 1.37385e+06 1.23616e+06 1.02551e+06 1.02251e+06 1.19206e+06 1.01681e+06 1.01174e+06 977455 4.11424e+06 2.57207e+06 2.47087e+06 2.05284e+06 1.55109e+06 1.41194e+06 1.31974e+06 1.00191e+06
threshold=0 3.9850000000000008 2.6850000000000005 1 10881.000000000002 2 3 770.55090682099728 10059.500000000002 1155.1668380063909 1260.7817894501372 8460.5000000000018 0.030757564307361967 7492.7500000000009 523.97751781380578 7317.4583333333348 3.1650000000000005 0.082958199356912274 303.73630409304502 4795.5000000000009 4897.5000000000009 0.70006914303055012 0.4251783111890492 388.60255832465486 4 0.4572380359332669 3.9650000000000003 608.99036849188906 4734.4375000000009 7094.5000000000009 7277.0000000000009 5.3900000000000015 6.3850000000000007 5.245000000000001 462.89282656513143 940.76162590901913 823.29409419974218 9117.0000000000018 7883.5000000000009 5.8150000000000004 7150.5000000000009 6452.5000000000009 4226.5000000000009 15.500000000000002 2.6250000000000004 1081.975543674517 8893.0000000000018 1042.8625773040887 6.5100000000000007 147.38257925375851 3.2250000000000005 3.7050000000000005 0.051161820097870528 11266.000000000002 3.0550000000000002 3.3950000000000005 10995.000000000002 10043.875000000002 8987.5000000000018 744.30340147670142 6.0150000000000015 635.45414430177914
decision_type=1 2 2 1 2 1 1 2 2 2 2 2 2 2 2 2 2 2 2 2 2 2 2 2 1 2 2 2 2 2 2 2 2 2 2 2 2 2 2 2 2 2 2 2 2 2 2 2 2 2 2 2 2 2 2 2 2 2 2 2 2 2
left_child=6 7 48 24 5 21 49 8 11 42 -11 13 14 15 -13 29 -17 -14 19 -8 -21 22 35 -24 27 26 -26 28 52 30 -2 33 -33 -28 -15 36 37 38 40 -40 41 -5 -9 -44 -45 46 -46 -48 -3 50 -1 -10 -4 56 -55 -56 57 58 -51 -57 -58 -60
right_child=1 2 3 4 -6 -7 18 9 51 10 -12 12 17 34 -16 16 -18 -19 -20 20 -22 -23 23 -25 25 -27 31 -29 -30 -31 -32 32 -34 -35 -36 -37 -38 -39 39 -41 -42 -43 43 44 45 -47 47 -49 -50 53 -52 -53 -54 54 55 59 60 -59 61 -61 -62 -63
leaf_value=1.9516911918208715 -0.50697098466503043 15.207222157478334 1.8170452180206778 2.5322140372028876 -7.7306406881128042 0.1623874448463207 0.73413922539007137 3.9612617123511527 -2.9113800303141275 12.233682752282997 -2.9287142671387771 21.160203308350333 -13.69723265329997 -15.777641087770462 5.6271202564239502 0.89434615671634676 17.157888526916505 1.2194318478757686 -1.1384376965166072 15.38525137059829 2.5224314204433509 11.503654520511628 -10.979781941669744 1.9314794623851776 2.4370381887439034 6.2448492135320395 -5.4008288752648141 -5.7930613994598392 13.717535813649498 -7.7927796618691803 9.5886944899192237 1.5850342330951541 -5.4690350630235942 -14.485770435631276 -4.7414078303937162 -1.7264289571067035 12.428810046082837 -4.730758724212647 25.370001091495638 1.3956658332255381 -6.4420732630623725 13.541816336768015 2.1951107501983644 1.0794259709826972 -11.190650118129522 -18.217096673288655 -7.6771856960497402 4.059182321703112 4.3899283775916471 1.7507297135342836 14.545628864624923 -15.824000346276069 -2.553070073047973 -4.555563405252272 23.553046834468844 -1.6827399810155232 -12.686433542028388 11.898071212011081 -12.9288698832194 13.533322788823037 0.47806548774242402 -0.11121479618933894
leaf_weight=42 9276 50 400 721 56 2608 921 31 30 38 58 37 30 32 61 32 30 44 1279 34 57 40 41 40 86 56 186 76 30 58 39 126 176 48 89 118 59 50 31 58 36 35 49 59 116 31 57 37 39 1247 34 31 198 62 32 30 47 48 30 31 32 31
leaf_count=42 9276 50 400 721 56 2608 921 31 30 38 58 37 30 32 61 32 30 44 1279 34 57 40 41 40 86 56 186 76 30 58 39 126 176 48 89 118 59 50 31 58 36 35 49 59 116 31 57 37 39 1247 34 31 198 62 32 30 47 48 30 31 32 31
internal_value=-0.0469815 -0.256151 0.471366 0.302718 0.847473 0.974877 0.777861 -0.636567 -0.508036 -3.27982 3.07307 -0.451817 4.47046 -0.540414 11.4917 -0.449107 8.7638 -4.82786 -0.0491275 1.32709 7.32832 2.67593 2.40145 -4.60385 -1.22906 -2.76658 -3.62238 0.269697 1.0077 -0.510049 -0.464702 -4.5946 -2.52595 -7.26441 -7.66008 2.91357 3.46662 2.89866 3.33166 9.74628 2.61083 3.04192 -4.88476 -5.67051 -6.95523 -8.92222 -7.55012 -3.05755 10.4671 1.9086 7.58582 -9.47353 0.370084 1.64924 5.42131 12.0726 1.2418 1.74259 1.36991 6.05001 -7.35398 -6.41498
internal_weight=19586 15629 5364 5275 3893 3837 3957 10265 9789 476 96 9728 172 9556 98 9435 62 74 2291 1012 91 1229 1189 81 1382 678 622 704 628 9373 9315 536 302 234 121 1108 990 931 881 89 792 756 380 349 300 241 210 94 89 1666 76 61 598 1590 155 93 1435 1356 1308 61 79 61
internal_count=19586 15629 5364 5275 3893 3837 3957 10265 9789 476 96 9728 172 9556 98 9435 62 74 2291 1012 91 1229 1189 81 1382 678 622 704 628 9373 9315 536 302 234 121 1108 990 931 881 89 792 756 380 349 300 241 210 94 89 1666 76 61 598 1590 155 93 1435 1356 1308 61 79 61
cat_boundaries=0 1 2 3 4 5
cat_threshold=16 8 2307 2257 4032
is_linear=0
shrinkage=0.05


Tree=122
num_leaves=63
num_cat=2
split_feature=14 17 4 15 4 9 16 16 9 10 15 19 17 4 15 10 16 9 16 14 25 18 18 3 0 10 0 2 18 6 9 4 11 18 17 18 9 1 2 2 8 16 8 9 2 15 15 14 24 18 18 8 17 18 17 17 16 18 18 1 4 19
split_gain=1.23915e+06 1.09723e+06 1.13689e+06 1.27799e+06 4.09069e+06 1.67518e+06 1.13518e+06 1.59491e+06 1.13008e+06 1.06472e+06 1.31259e+06 1.08223e+06 2.50268e+06 2.1911e+06 1.37194e+06 1.0891e+06 1.20306e+06 1.25614e+06 1.04186e+06 1.02916e+06 1.07826e+06 1.56046e+06 1.41144e+06 1.26212e+06 1.25102e+06 1.22645e+06 1.01121e+06 1.43294e+06 1.11887e+06 1.11074e+06 1.06451e+06 1.16453e+06 985149 1.76913e+06 1.26644e+06 1.30355e+06 1.0064e+06 1.00136e+06 1.00135e+06 985079 1.20222e+06 1.14068e+06 961597 947296 910799 888829 1.99623e+06 898618 864227 2.36134e+06 1.01339e+06 845696 833972 3.50559e+06 3.48146e+06 1.96419e+06 2.61613e+06 2.08986e+06 2.31344e+06 1.82676e+06 1.71974e+06 1.6642e+06
threshold=2.1550000000000007 9.5750000000000011 3661.5000000000005 0.58225785601172098 6746.5000000000009 176.97268992294923 6.5100000000000007 7.6500000000000012 486.34170084734473 305.43037519019646 0.54809905824903982 11.500000000000002 3.8850000000000002 5898.0000000000009 -0.086796820251532472 313.84076648144304 3.7150000000000003 240.48146134818526 3.4750000000000005 3.0850000000000004 0 19.500000000000004 10.500000000000002 4790.5000000000009 5351.5000000000009 292.80227055507072 4106.5000000000009 4185.5000000000009 37.500000000000007 3835.6250000000005 222.43154376751076 4393.5000000000009 274.52033735336164 16.500000000000004 4.8550000000000013 4.5000000000000009 231.16579519686158 2487.5000000000005 2674.5000000000005 4741.5000000000009 5624.0000000000009 6.7950000000000008 2685.2500000000005 123.17670225157089 3388.5000000000005 0.033333333333331688 0.11477333091189619 3.4150000000000005 1 48.500000000000007 19.500000000000004 3779.2500000000005 3.1450000000000005 3.5000000000000004 5.6550000000000002 3.0650000000000004 3.5250000000000004 18.500000000000004 2.5000000000000004 11331.500000000002 5078.5000000000009 10.500000000000002
decision_type=2 2 2 2 2 2 2 2 2 2 2 2 2 2 2 2 2 2 2 2 1 2 2 2 2 2 2 2 2 2 2 2 2 2 2 2 2 2 2 2 2 2 2 2 2 2 2 2 1 2 2 2 2 2 2 2 2 2 2 2 2 2
left_child=-1 2 18 9 5 -5 -3 -8 -9 19 11 15 14 -14 -13 16 17 -11 48 -4 22 23 -21 -22 -25 -24 28 -28 30 51 -23 -32 33 34 35 44 -36 -34 -39 41 -41 -7 -40 -44 -20 47 -47 -16 49 -2 -50 -30 55 54 -54 57 -57 58 -17 -59 -56 -55
right_child=1 6 3 4 -6 39 7 8 -10 10 -12 12 13 -15 45 52 -18 -19 32 20 21 26 25 24 -26 -27 27 -29 29 -31 31 -33 37 -35 36 -37 -38 38 42 40 -42 -43 43 -45 -46 46 -48 -49 50 -51 -52 -53 53 61 60 56 -58 59 -60 -61 -62 -63
leaf_value=-1.9106667870710377 0.44257106307194838 -5.1626371268070104 -0.16553317152711591 10.63023969319306 18.316506139243522 9.0206873762898336 12.289097305513778 6.179720371740836 -2.5624991616782022 6.0280873430402657 -8.3986493293275242 10.183623320056547 19.306402908814583 1.6954883257548017 -0.92315985397859057 -7.0230872217151861 -10.666807093381882 -5.2923809029053954 -2.5630070275240611 -2.9868604066236966 2.1810135798480199 -2.2726902678671244 4.6934051635824607 14.992447818711748 3.9651402732357384 14.966229738021326 -7.4160751888256407 -0.24105338786836705 4.5707101197930076 -1.491836213594989 0.44258900757189157 9.580892939770477 -4.2777283407280633 -1.2487545695328928 2.4339680194854738 2.2375349149084469 14.833818918863933 1.8659364539227299 -6.4031867055609686 -9.0910486703472468 2.025040720784387 -2.9239470243453982 -6.4052822558717297 -1.063255073365678 5.7607774508965983 10.499866073887524 -2.9072615607706616 -12.145578606923422 1.8172873243428116 7.0194305210500154 -1.2353260264755823 13.389784703983203 -1.3406166260059065 -0.95426566934705859 5.4848131497701011 13.129325793100442 -1.0225880015280939 -0.5636569794720514 2.1757382328194725 -12.594267851859332 19.68746149996494 -7.2002969209636962
leaf_weight=851 1753 33 1056 38 41 41 53 81 68 38 47 31 38 33 44 72 50 69 294 53 345 239 243 43 64 33 89 319 111 57 135 47 319 1722 36 635 30 227 101 56 43 39 88 1457 37 41 86 30 342 148 1326 36 78 2230 39 69 62 2261 1348 32 47 112
leaf_count=851 1753 33 1056 38 41 41 53 81 68 38 47 31 38 33 44 72 50 69 294 53 345 239 243 43 64 33 89 319 111 57 135 47 319 1722 36 635 30 227 101 56 43 39 88 1457 37 41 86 30 342 148 1326 36 78 2230 39 69 62 2261 1348 32 47 112
internal_value=-0.0446283 0.0401328 -0.0029932 0.358967 3.83224 1.09558 3.43516 4.83975 2.18998 0.266842 -0.0715908 -0.0141206 2.90683 11.121 0.393 -0.150136 -4.264 -1.27203 -0.427441 1.07542 1.79783 1.19411 4.35422 3.65242 8.39668 5.92168 0.130008 -1.80619 1.39396 4.43307 -0.0786734 2.80248 -0.897258 -0.267705 1.36928 0.911449 8.07026 -1.68822 -1.24719 -0.928535 -4.26285 3.19768 -1.67652 -1.36753 -1.63255 -1.117 1.42102 -5.47279 0.22364 0.949609 -0.605799 6.73048 -0.0484228 -0.758099 6.30884 0.414233 6.43147 0.201936 1.70932 -0.73155 13.2467 -1.25297
internal_weight=19586 18735 18500 9985 258 217 235 202 149 9727 6857 6810 303 71 232 6507 157 107 8515 2870 1814 1485 329 452 107 276 1033 408 625 204 421 182 4946 2754 1032 966 66 2192 1873 179 99 80 1646 1545 331 201 127 74 3569 1901 1668 147 6350 2506 164 3844 131 3713 1420 2293 86 2342
internal_count=19586 18735 18500 9985 258 217 235 202 149 9727 6857 6810 303 71 232 6507 157 107 8515 2870 1814 1485 329 452 107 276 1033 408 625 204 421 182 4946 2754 1032 966 66 2192 1873 179 99 80 1646 1545 331 201 127 74 3569 1901 1668 147 6350 2506 164 3844 131 3713 1420 2293 86 2342
cat_boundaries=0 1 2
cat_threshold=16 3164
is_linear=0
shrinkage=0.05


Tree=123
num_leaves=63
num_cat=1
split_feature=25 9 0 16 12 12 13 9 9 16 15 12 10 11 12 16 8 13 13 19 5 8 10 0 10 11 16 10 8 8 13 5 18 2 16 3 15 10 10 9 4 4 0 7 1 6 18 5 1 15 11 15 1 16 11 18 5 11 18 13 16 15
split_gain=1.52396e+06 1.59417e+06 1.94414e+06 2.59992e+06 3.11182e+06 2.81006e+06 2.60895e+06 2.05137e+06 2.12245e+06 1.997e+06 4.84968e+06 2.07997e+06 4.8317e+06 2.07523e+06 1.87606e+06 3.3644e+06 1.51555e+06 1.48404e+06 1.34257e+06 2.44429e+06 1.37464e+06 1.80922e+06 4.18787e+06 2.27696e+06 2.15989e+06 3.34782e+06 2.06646e+06 1.74396e+06 1.6189e+06 1.60602e+06 1.79862e+06 1.56174e+06 1.43414e+06 1.3319e+06 1.45793e+06 1.19127e+06 1.15403e+06 1.15249e+06 1.73518e+06 1.58473e+06 1.58429e+06 2.57538e+06 1.95412e+06 1.13802e+06 2.18345e+06 1.15608e+06 1.60932e+06 1.67479e+06 1.12041e+06 1.10487e+06 1.20803e+06 1.07023e+06 1.04227e+06 1.817e+06 1.03346e+06 1.34214e+06 1.02215e+06 1.04606e+06 1.0189e+06 1.02838e+06 972920 916668
threshold=0 1042.8625773040887 8261.5000000000018 2.3850000000000002 2.3850000000000002 2.6850000000000005 3.4450000000000007 461.03158420945812 573.33316560497599 6.455000000000001 0.090570876768338207 3.8350000000000004 691.14590972516828 1155.1668380063909 6.660000000000001 4.8050000000000006 10020.625000000002 9.1650000000000009 7.5600000000000014 2.5000000000000004 4564.5000000000009 5994.0833333333348 307.76926314421087 7807.5000000000009 463.73422177842218 523.97751781380578 5.0550000000000006 522.12538685346851 4265.041666666667 7058.7916666666679 3.9650000000000003 6836.0000000000009 34.500000000000007 5706.5000000000009 3.5450000000000004 6055.0000000000009 1.1280931966530294 926.86863331380493 642.89350738523115 481.09921836378055 8680.5000000000018 9550.0000000000018 11009.000000000002 4906.3125000000009 4740.5000000000009 4553.2500000000009 33.500000000000007 3878.5000000000005 8228.5000000000018 -0.05314009661835787 854.31735545390086 -0.17967541984322263 7908.5000000000009 3.3050000000000002 352.7172601536991 31.500000000000004 4060.5000000000005 206.48364627860209 49.500000000000007 5.4750000000000005 2.7950000000000004 -0.26304106548279715
decision_type=1 2 2 2 2 2 2 2 2 2 2 2 2 2 2 2 2 2 2 2 2 2 2 2 2 2 2 2 2 2 2 2 2 2 2 2 2 2 2 2 2 2 2 2 2 2 2 2 2 2 2 2 2 2 2 2 2 2 2 2 2 2
left_child=1 2 36 -4 -5 -6 7 -7 -9 10 11 12 16 -13 15 60 -8 -16 20 -20 28 33 32 26 -25 -26 29 -27 56 -24 31 -31 -23 51 -35 43 48 38 39 -29 -39 -42 -43 45 -45 46 -30 -48 -1 61 -51 -22 53 -33 -47 -56 -2 -58 59 -59 -3 -40
right_child=18 14 3 4 5 6 9 8 -10 -11 -12 13 -14 -15 17 -17 -18 -19 19 -21 21 22 23 24 25 27 -28 37 35 30 -32 52 -34 34 -36 -37 -38 40 49 -41 41 42 -44 44 -46 54 47 -49 -50 50 -52 -53 -54 -55 55 -57 57 58 -60 -61 -62 -63
leaf_value=0.49868365969586703 -0.3146666295461753 -11.059420498874452 17.685723366275912 -12.578260495585781 16.628802647957436 -10.039613454917381 8.3444356167316442 10.647311136722564 -4.5485828015539385 -3.0836653047137794 25.007863280352424 5.6128776560889353 22.234959544454302 -10.49314849111769 -16.576543078055749 10.953212675756339 -7.2983880877494816 -2.0482607394456864 1.0869903480261565 14.139051060927542 0.38135191501346544 18.099501419067384 -2.7557519633953387 -11.140283052500799 13.712040740251542 -14.461215960594917 12.762855810868114 9.6199267490490072 1.1390247679524816 7.7963891918244572 14.603473901748657 9.2553064450985048 4.0713056024483274 -0.23921331095695497 -10.551109435580194 -6.1595382236419844 9.9600357063114657 -6.9530642126094211 -10.033497044619393 -4.0888452734266014 16.02532441110322 5.1110246163393773 -10.7028999376297 15.734082606754132 1.852090281744798 2.943380960226059 16.67443813392094 4.1030282926942228 -6.7989874090788511 -6.1924822296415059 -18.033823847089494 -3.4428209808116828 -8.7360541290707072 -4.496477898390129 -1.5069709648548717 -12.566639804840088 4.3106558749410846 -6.6420354649222277 3.4576009367787566 -0.5311736176013947 -2.059309063234382 -0.093939748202284734
leaf_weight=6894 7549 36 31 31 39 58 30 40 54 54 34 45 42 36 39 49 32 32 640 38 257 38 195 73 32 31 38 37 485 69 31 41 35 50 109 47 32 44 34 49 33 56 30 42 87 90 35 109 53 56 35 635 36 58 142 34 45 221 43 100 181 73
leaf_count=6894 7549 36 31 31 39 58 30 40 54 54 34 45 42 36 39 49 32 32 640 38 257 38 195 73 32 31 38 37 485 69 31 41 35 50 109 47 32 44 34 49 33 56 30 42 87 90 35 109 53 56 35 635 36 58 142 34 45 221 43 100 181 73
internal_value=0.0152168 0.555802 0.707576 3.63889 2.75919 3.78389 2.60518 -2.64493 1.91776 5.52831 7.65181 4.46205 9.14089 -1.54536 -2.8077 -0.880326 0.27072 -10.0286 -0.341744 1.81852 -0.472776 -1.60119 -0.206736 -1.01108 -3.09622 -1.94482 1.58643 -2.99297 -0.200952 0.598746 3.38227 1.67708 11.3737 -3.0925 -7.30837 1.62407 0.486646 -2.19764 -4.12104 1.80911 1.15357 4.15098 -0.405461 1.98132 6.37181 1.3485 2.51711 7.15858 0.443008 -6.69676 -10.7468 -2.34101 -1.45056 1.19871 -1.41485 -3.6435 -0.446566 -2.88105 -3.77014 -4.73834 -3.55242 -3.2523
internal_weight=19724 7842 7505 526 495 464 425 152 94 273 219 185 104 81 337 266 62 71 11882 678 11204 2175 1124 1051 583 510 468 478 9029 430 235 204 73 1051 159 1071 6979 447 284 86 163 119 86 1024 129 895 629 144 6947 198 91 892 135 99 266 176 7958 409 364 321 217 107
internal_count=19724 7842 7505 526 495 464 425 152 94 273 219 185 104 81 337 266 62 71 11882 678 11204 2175 1124 1051 583 510 468 478 9029 430 235 204 73 1051 159 1071 6979 447 284 86 163 119 86 1024 129 895 629 144 6947 198 91 892 135 99 266 176 7958 409 364 321 217 107
cat_boundaries=0 1
cat_threshold=20
is_linear=0
shrinkage=0.05


Tree=124
num_leaves=63
num_cat=4
split_feature=25 9 0 11 15 4 14 9 15 15 0 12 14 6 10 7 17 17 0 14 2 3 8 12 5 1 14 5 15 9 6 14 24 11 18 5 14 9 12 1 24 4 8 11 27 17 18 10 10 11 15 9 10 5 3 15 14 4 12 5 5 2
split_gain=1.37537e+06 1.43873e+06 1.75458e+06 2.31495e+06 2.60566e+06 2.4536e+06 4.11739e+06 2.11729e+06 3.25524e+06 2.66359e+06 1.98207e+06 1.69315e+06 3.01856e+06 1.55147e+06 1.51702e+06 1.38684e+06 1.31394e+06 1.22401e+06 1.13586e+06 2.81927e+06 3.15242e+06 2.86287e+06 2.04878e+06 1.95202e+06 1.46385e+06 1.35847e+06 1.11752e+06 1.07955e+06 1.02911e+06 978606 1.4556e+06 1.405e+06 1.21117e+06 1.70367e+06 2.01963e+06 1.28494e+06 1.45757e+06 1.313e+06 1.23496e+06 1.39827e+06 1.10808e+06 1.01964e+06 1.32389e+06 1.87189e+06 1.01763e+06 1.28399e+06 1.27597e+06 1.07695e+06 948002 1.02582e+06 1.05177e+06 1.49017e+06 1.33165e+06 1.85381e+06 1.31695e+06 2.28476e+06 1.73213e+06 1.17493e+06 941000 926895 1.11523e+06 1.55901e+06
threshold=0 1042.8625773040887 8261.5000000000018 512.24983175942066 0.29275577515509837 9117.0000000000018 4.8100000000000014 471.03803808401068 0.069112353097729326 -0.21274518968700945 11358.000000000002 6.660000000000001 5.995000000000001 10623.625000000002 878.42440838302662 10243.875000000002 11.06 3.6950000000000007 7807.5000000000009 2.6850000000000005 9853.5000000000018 8931.0000000000018 7058.7916666666679 3.8550000000000004 6621.0000000000009 7454.5000000000009 9.5750000000000011 8197.5000000000018 1.1280931966530294 428.67018179790631 6421.6250000000009 4.3250000000000011 1 336.91071965519035 14.500000000000002 4564.5000000000009 8.9250000000000025 117.28650812693657 5.0050000000000008 2562.5000000000005 2 4291.5000000000009 5223.7916666666679 339.36477535505963 3 2.3250000000000006 50.500000000000007 168.82902902653998 497.60837817410265 603.29784342036021 -0.23601012270414892 661.73634984214493 799.86790254836058 9196.5000000000018 9363.5000000000018 0.043807253071035356 3.9050000000000007 9117.0000000000018 2.8150000000000004 7883.5000000000009 7094.5000000000009 7895.5000000000009
decision_type=1 2 2 2 2 2 2 2 2 2 2 2 2 2 2 2 2 2 2 2 2 2 2 2 2 2 2 2 2 2 2 2 1 2 2 2 2 2 2 2 1 2 2 2 1 2 2 2 2 2 2 2 2 2 2 2 2 2 2 2 2 2
left_child=1 2 27 -4 5 6 -5 8 15 -9 13 12 14 17 -3 -7 18 -11 22 20 21 -20 29 24 -24 -21 -13 28 59 30 32 -31 33 44 38 37 40 -34 -35 -40 41 -37 -43 -44 45 -2 47 -47 -27 -50 51 -51 53 57 -54 56 -56 -52 -26 60 61 -1
right_child=16 11 3 4 -6 7 -8 9 -10 10 -12 26 -14 -15 -16 -17 -18 -19 19 25 -22 -23 23 -25 58 48 -28 -29 -30 31 -32 -33 35 34 -36 36 -38 -39 39 -41 -42 42 43 -45 -46 46 -48 -49 49 50 52 -53 54 -55 55 -57 -58 -59 -60 -61 -62 -63
leaf_value=0.49673570859209742 -0.70348862740569396 3.4364362741931012 -5.5353113863203269 20.626845258595992 17.407995288436478 -5.8108459524206211 -1.4700431147137205 -7.3553394967317587 -18.099053434630235 3.0125761294673232 14.74238774095263 -15.372808146476746 10.234291077613832 -4.026816955142551 -5.9676601267164679 7.4652889759767618 9.0827019614142355 15.193900048732758 1.4359647104817053 -11.316720613893473 -7.5635694122314447 22.924403971241368 10.778193339323387 13.029619951248169 5.4299049752408806 -7.7990347669785285 -2.7957978992751151 -6.7150475740432745 9.4620340598747141 -2.6862244203549732 7.5694066571407639 0.098470083603796735 -1.0715280792531265 -9.693705485251126 -0.58418162981829336 2.5489251140815519 8.6119784579132546 0.8587293776002709 -9.4192561815182376 1.6606766944272178 -5.9123657039865378 -4.8425005038907711 8.2226338661950216 -2.1494395866476257 -0.99766269280771791 12.905191918214165 -0.77237463242387117 3.8116378353863229 6.6505219846963888 8.5209135032859109 -8.8238644948819793 -4.656776703276285 -6.3063803812662762 -15.182065636034196 -10.340733379931065 12.587606810861164 5.4154835881608907 3.4655413363430956 -2.5106802986613639 8.1610433239203228 -2.9317694846697218 11.23102597068338
leaf_weight=6584 260 59 63 49 37 37 37 40 30 58 56 38 50 45 157 42 37 32 31 53 30 31 39 50 55 83 33 52 32 979 61 843 1101 149 279 144 33 4409 48 70 145 242 58 174 1724 54 73 82 32 45 41 41 75 52 37 36 33 37 116 39 238 34
leaf_count=6584 260 59 63 49 37 37 37 40 30 58 56 38 50 45 157 42 37 32 31 53 30 31 39 50 55 83 33 52 32 979 61 843 1101 149 279 144 33 4409 48 70 145 242 58 174 1724 54 73 82 32 45 41 41 75 52 37 36 33 37 116 39 238 34
internal_value=0.014456 0.528012 0.672197 3.45694 4.68051 3.57507 11.12 1.66664 -4.07735 4.377 6.83404 -2.66732 -0.83631 3.55354 -3.39895 1.24735 -0.324657 7.34371 -0.354317 -2.37481 5.742 12.1802 -0.235666 4.15091 2.03693 -3.69649 -9.52716 0.462313 0.516193 -0.340031 -0.128384 -1.39781 -0.180298 -1.05603 -3.55902 0.20143 -1.67607 0.473028 -6.66756 -2.84641 -2.12103 -1.11772 -2.25522 0.443579 -0.437667 1.60782 4.56005 7.42231 -2.90768 -1.96133 -2.65549 2.23853 -4.00882 -7.86939 -1.23603 2.35149 -2.9128 -2.99427 0.0433091 0.474675 0.430951 0.551883
internal_weight=19724 7842 7505 526 463 426 86 340 109 231 191 337 266 135 216 79 11882 90 11845 657 92 62 11188 260 210 565 71 6979 6927 10928 9106 1822 9045 2739 546 6306 796 5510 267 118 763 618 474 232 2193 469 209 136 512 429 397 86 311 130 181 106 70 78 171 6895 6856 6618
internal_count=19724 7842 7505 526 463 426 86 340 109 231 191 337 266 135 216 79 11882 90 11845 657 92 62 11188 260 210 565 71 6979 6927 10928 9106 1822 9045 2739 546 6306 796 5510 267 118 763 618 474 232 2193 469 209 136 512 429 397 86 311 130 181 106 70 78 171 6895 6856 6618
cat_boundaries=0 1 2 3 4
cat_threshold=20 57 706 8
is_linear=0
shrinkage=0.05


Tree=125
num_leaves=63
num_cat=2
split_feature=25 9 0 16 11 15 3 4 13 13 16 10 15 16 4 7 13 11 13 19 17 17 17 19 11 13 14 5 17 16 14 17 0 14 14 5 24 0 2 11 7 6 15 9 13 11 14 17 14 13 9 5 5 13 13 11 13 5 19 10 16 14
split_gain=1.24216e+06 1.29846e+06 1.58351e+06 2.31918e+06 2.14766e+06 2.6589e+06 2.28456e+06 2.10824e+06 1.86161e+06 2.00508e+06 1.66046e+06 1.59272e+06 1.50809e+06 1.70368e+06 1.42997e+06 2.5515e+06 1.25018e+06 1.91386e+06 1.18592e+06 2.21465e+06 1.26634e+06 1.67387e+06 3.4444e+06 1.42083e+06 1.28293e+06 1.02777e+06 979670 974290 968660 3.7496e+06 3.94509e+06 2.33286e+06 2.09544e+06 1.85782e+06 2.25354e+06 1.22992e+06 2.31889e+06 1.82413e+06 1.63225e+06 1.49079e+06 1.80839e+06 2.0381e+06 1.68258e+06 1.47034e+06 1.44891e+06 2.09778e+06 1.28778e+06 1.24245e+06 1.10743e+06 1.2929e+06 1.26016e+06 1.09385e+06 1.5558e+06 1.59135e+06 4.66119e+06 1.41607e+06 1.33038e+06 1.20179e+06 965858 948411 1.50835e+06 1.27168e+06
threshold=0 1042.8625773040887 8261.5000000000018 2.3850000000000002 549.30736000208015 0.29275577515509837 9160.5000000000018 11266.000000000002 3.4850000000000008 2.9350000000000005 4.1850000000000014 926.86863331380493 0.20399669148055982 5.9300000000000006 9801.0000000000018 10243.875000000002 5.995000000000001 1454.1591851786363 7.5600000000000014 2.5000000000000004 9.9400000000000031 7.1400000000000015 6.9650000000000007 11.500000000000002 1260.7817894501372 7.5150000000000006 8.3500000000000014 8197.5000000000018 4.8550000000000013 5.3050000000000006 5.245000000000001 4.6450000000000005 6669.5000000000009 3.3550000000000004 4.1950000000000012 6621.0000000000009 1 4708.5000000000009 5888.5000000000009 368.04264713162223 6845.5625000000009 6094.6250000000009 0.019996816223231403 773.87259055901461 4.6250000000000009 569.56990019847115 4.6250000000000009 3.5950000000000002 3.9550000000000005 2.3050000000000002 172.19344708779212 5733.5000000000009 6171.5000000000009 3.7650000000000001 3.3650000000000007 430.15280933945746 2.8250000000000006 5622.0000000000009 5.5000000000000009 787.26211813578163 2.9750000000000005 3.0050000000000003
decision_type=1 2 2 2 2 2 2 2 2 2 2 2 2 2 2 2 2 2 2 2 2 2 2 2 2 2 2 2 2 2 2 2 2 2 2 2 1 2 2 2 2 2 2 2 2 2 2 2 2 2 2 2 2 2 2 2 2 2 2 2 2 2
left_child=1 2 27 -4 -5 6 10 11 9 -9 -6 14 13 16 -8 -16 17 59 20 -20 21 22 24 -23 25 -2 -15 28 31 30 -30 35 33 -31 -35 36 37 -1 43 -37 41 -41 -43 46 47 -46 48 51 49 -39 -51 57 55 54 56 -53 -54 -40 -52 -3 -61 -62
right_child=18 12 3 4 5 -7 7 8 -10 -11 -12 -13 -14 26 15 -17 -18 -19 19 -21 -22 23 -24 -25 -26 -27 -28 -29 29 32 -32 -33 -34 34 -36 39 -38 38 44 40 -42 42 -44 -45 45 -47 -48 -49 -50 50 58 52 53 -55 -56 -57 -58 -59 -60 60 61 -63
leaf_value=8.3609803455322975 -0.37199353752621822 4.2571571103731793 16.550895422745139 -4.9924855482431107 3.8425077129054714 17.095822097233363 7.5116580259232295 8.3879467889154338 12.318828757055876 -7.5446557020529728 19.530145015255101 -11.391632287676742 -12.205599081847403 12.317599318873498 -12.685079121589661 4.1093684206203545 -12.821362953186037 9.7823796971639005 1.0253047868795695 13.449146493485101 7.8470476445944417 -2.305391078901923 16.521786464055378 -12.991158268045872 -6.9171793349479378 -9.3458629116415981 -0.35697200536727908 -6.3792952156983889 21.557865769305128 10.523380995970784 3.2196383332594851 -10.560752892007635 8.9089215519882394 -12.920433649202673 -0.52688938367298277 7.7829452323913575 0.059433971989180247 8.4763688199660354 4.4977018312926882 2.2654838857196626 -0.3746165176309964 -6.0524111721966722 -18.582270274311306 10.656884692509969 3.1659455227129389 17.166124007966783 -7.5506807725937639 -5.404970512390137 6.1740904034990258 5.887159201439391 4.0371008329613263 5.7504075326570652 8.401499188330865 -3.3512181985378264 22.421575071937159 -5.2216474583515762 -5.475445180061536 15.600559529950543 -4.0481148754594889 -15.509277941385907 5.9406247838338224 -5.9462503147125254
leaf_weight=120 10881 30 31 81 37 35 42 40 58 39 31 41 36 31 42 49 30 30 640 38 46 92 30 47 76 32 30 52 47 33 78 49 63 41 348 35 4561 34 114 42 257 74 42 30 66 45 61 45 66 47 43 41 31 40 38 104 39 31 262 30 30 90
leaf_count=120 10881 30 31 81 37 35 42 40 58 39 31 41 36 31 42 49 30 30 640 38 46 92 30 47 76 32 30 52 47 33 78 49 63 41 348 35 4561 34 114 42 257 74 42 30 66 45 61 45 66 47 43 41 31 40 38 104 39 31 262 30 30 90
internal_value=0.013558 0.501611 0.638587 3.2841 2.45325 3.91002 2.69233 0.877128 5.51656 0.522485 10.9942 -2.77576 -2.53395 -1.37721 -0.119734 -3.64192 -3.27365 -1.9097 -0.308715 1.72163 -0.431854 -0.465985 -0.397203 -5.91856 -0.443392 -0.398307 6.0842 0.439198 0.490383 2.3931 10.1148 0.306648 0.402966 -0.866881 -1.83315 0.391604 0.586392 2.47826 1.87919 -2.12679 -2.96255 -7.17205 -10.5891 -0.102233 3.69049 8.84169 -0.731422 2.50667 0.188877 -0.834502 -1.73385 3.31951 1.56174 5.16808 8.32337 -2.1192 0.670059 6.87142 -2.90823 -3.85837 -5.48148 -2.97453
internal_weight=19724 7842 7505 526 495 414 379 311 137 79 68 174 337 301 133 91 240 210 11882 678 11204 11158 11019 139 10989 10913 61 6979 6927 610 125 6317 485 422 389 6268 5818 1257 1137 450 415 158 116 543 594 111 513 483 452 386 352 438 293 148 108 145 70 145 305 180 150 120
internal_count=19724 7842 7505 526 495 414 379 311 137 79 68 174 337 301 133 91 240 210 11882 678 11204 11158 11019 139 10989 10913 61 6979 6927 610 125 6317 485 422 389 6268 5818 1257 1137 450 415 158 116 543 594 111 513 483 452 386 352 438 293 148 108 145 70 145 305 180 150 120
cat_boundaries=0 1 2
cat_threshold=20 194
is_linear=0
shrinkage=0.05


Tree=126
num_leaves=63
num_cat=4
split_feature=13 13 13 14 14 11 18 5 17 13 11 11 18 24 17 13 17 16 16 16 17 18 18 13 14 11 4 6 16 27 24 14 0 3 0 5 13 13 5 3 4 11 6 22 7 2 25 4 17 14 17 0 19 14 17 0 6 11 16 16 4 1
split_gain=966560 2.09169e+06 1.93176e+06 1.951e+06 3.2279e+06 1.75207e+06 1.64065e+06 1.89714e+06 1.62578e+06 1.56738e+06 1.31941e+06 1.23513e+06 1.01194e+06 950536 1.37191e+06 2.08088e+06 1.65912e+06 1.13921e+06 2.12748e+06 1.14336e+06 1.08601e+06 1.02286e+06 1.56136e+06 1.31779e+06 1.32554e+06 1.17637e+06 1.21653e+06 1.50665e+06 1.53641e+06 1.15981e+06 1.58956e+06 1.65576e+06 1.56427e+06 1.72419e+06 1.51178e+06 1.73828e+06 1.26158e+06 1.47999e+06 2.1129e+06 1.71052e+06 1.30083e+06 1.13521e+06 5.20543e+06 2.9235e+06 2.37469e+06 2.37072e+06 2.1828e+06 1.54949e+06 1.42931e+06 1.39211e+06 1.40502e+06 1.82644e+06 1.41511e+06 1.57445e+06 1.12989e+06 1.08148e+06 1.68926e+06 1.27469e+06 1.08034e+06 1.06587e+06 1.18553e+06 1.41037e+06
threshold=7.330000000000001 7.1350000000000007 8.2700000000000014 4.4850000000000012 7.1650000000000009 375.5261711557385 3.5000000000000004 3387.5000000000005 6.8850000000000007 9.1650000000000009 1117.3797887098003 949.27018811116011 52.500000000000007 0 7.0450000000000008 4.6250000000000009 6.705000000000001 2.4350000000000005 2.4050000000000007 11.06 9.9400000000000031 21.500000000000004 30.500000000000004 4.1950000000000012 3.6050000000000004 169.77683652874623 11266.000000000002 12000.375000000002 3.3550000000000004 1 2 3.5050000000000003 7930.0000000000009 7064.5000000000009 9439.5000000000018 9647.5000000000018 4.3250000000000011 3.9550000000000005 7487.5000000000009 9363.5000000000018 7848.0000000000009 854.31735545390086 10043.875000000002 4.7350000000000003 6784.6250000000009 9208.5000000000018 3 9801.0000000000018 4.0650000000000004 8.0350000000000019 4.4400000000000004 5818.5000000000009 1.5000000000000002 5.0550000000000006 3.8350000000000004 8411.0000000000018 7778.8750000000009 578.43227683014413 3.5850000000000004 2.6750000000000003 6232.5000000000009 6936.5000000000009
decision_type=2 2 2 2 2 2 2 2 2 2 2 2 2 1 2 2 2 2 2 2 2 2 2 2 2 2 2 2 2 1 1 2 2 2 2 2 2 2 2 2 2 2 2 2 2 2 1 2 2 2 2 2 2 2 2 2 2 2 2 2 2 2
left_child=1 12 3 8 5 -5 -3 -8 -2 10 -4 -6 13 14 16 -16 21 18 -15 20 -19 25 23 24 -23 -1 41 28 -28 30 -24 34 33 -33 36 -36 37 38 40 -40 -32 42 45 44 -43 49 48 -48 -45 50 52 -52 53 -27 55 56 59 -58 -56 -54 61 -61
right_child=2 6 9 4 11 -7 7 -9 -10 -11 -12 -13 -14 17 15 -17 -18 19 -20 -21 -22 22 29 -25 -26 26 27 -29 -30 -31 31 32 -34 -35 35 -37 -38 -39 39 -41 -42 43 -44 46 -46 -47 47 -49 -50 -51 51 -53 54 -55 58 -57 57 -59 -60 60 -62 -63
leaf_value=10.602377125711152 -4.1247746668129324 -13.892366746493749 -1.5004194039934757 7.3279490806554497 1.5819465440092157 22.413685748515988 6.0611005387522958 -6.0899421398379232 7.8000882747845779 1.537085085597546 -10.542287145776953 10.342421997070312 -7.66244954459889 0.74341602149943364 -14.790567396138167 0.60220393339792899 11.706538669990771 -0.54730281544394044 11.017008278504859 7.2292747393250467 6.7689849975062364 -2.0983196796888914 4.1924510475079613 -9.6602775383502877 1.5556188775099349 3.1390179353290133 17.637732606185111 0.24791690763086083 2.6382604629762714 -0.56260239211192997 1.5836555924974842 -1.7389523293823004 -8.0562416972884208 8.3769660279154774 17.657147410608108 1.8829279661178591 -6.9603828769259977 11.2758106178359 -11.579339674169368 2.21504348579206 11.297065226899253 -3.6555276617407801 20.443765523518834 10.819572060758418 13.856752999947995 -9.4379535254442484 -4.5319714190075233 -14.782128944868843 -1.4409091842525146 11.961204090118409 0.69310461919601662 12.363404676991124 -1.7305445703236684 -4.7709761704376161 2.2902858034769693 9.162646155772002 1.1013556981698061 -11.24881984922621 -10.261577305793763 2.0035269768929393 5.8417598068112078 -7.1294750582088131
leaf_weight=33 107 42 285 38 206 39 44 119 39 573 47 50 43 1024 37 54 33 9296 53 48 51 942 388 47 337 90 38 64 31 1295 810 344 83 48 31 40 45 38 55 38 36 32 35 33 49 53 159 48 85 30 73 62 190 209 30 46 39 45 40 1076 198 44
leaf_count=33 107 42 285 38 206 39 44 119 39 573 47 50 43 1024 37 54 33 9296 53 48 51 942 388 47 337 90 38 64 31 1295 810 344 83 48 31 40 45 38 55 38 36 32 35 33 49 53 159 48 85 30 73 62 190 209 30 46 39 45 40 1076 198 44
internal_value=0.0382751 -0.0583183 1.31221 3.87985 5.99279 14.9688 -5.08046 -2.80991 -0.939366 -0.0468036 -2.78044 3.29298 -0.00127386 0.0170228 0.445027 -5.6564 0.520233 -0.291008 1.24899 -0.467856 -0.507383 0.470408 0.0082882 -1.43771 -1.13555 1.21727 1.10662 5.77358 10.8988 0.598075 1.36243 0.640014 -1.82058 -0.500268 1.7152 8.77026 1.22508 1.60209 1.21061 -5.94293 1.99699 0.873802 1.31111 -1.56048 6.93832 1.01015 -3.67864 -6.59044 1.83257 1.2651 1.11529 6.0528 0.783171 -2.39004 1.33867 1.60452 1.38613 -5.51481 -4.88221 1.77053 2.27524 1.64473
internal_weight=19637 18253 1384 479 333 77 205 163 146 905 332 256 18048 18005 7533 91 7442 10472 1077 9395 9347 7409 4577 1326 1279 2832 2799 133 69 3251 1956 1568 475 392 1093 71 1022 977 939 93 846 2666 2260 406 81 2225 325 207 118 2172 2142 135 2007 299 1708 1638 1592 84 70 1508 1318 1120
internal_count=19637 18253 1384 479 333 77 205 163 146 905 332 256 18048 18005 7533 91 7442 10472 1077 9395 9347 7409 4577 1326 1279 2832 2799 133 69 3251 1956 1568 475 392 1093 71 1022 977 939 93 846 2666 2260 406 81 2225 325 207 118 2172 2142 135 2007 299 1708 1638 1592 84 70 1508 1318 1120
cat_boundaries=0 1 2 3 4
cat_threshold=2753 10 2048 6
is_linear=0
shrinkage=0.05


Tree=127
num_leaves=63
num_cat=3
split_feature=13 13 13 9 13 11 25 9 17 13 11 10 12 16 5 16 9 11 1 4 17 5 1 2 18 1 18 24 17 13 17 12 18 9 10 5 18 5 8 25 18 1 15 9 17 2 18 16 10 18 16 9 11 12 12 9 6 16 5 13 16 13
split_gain=872187 1.88783e+06 1.74342e+06 1.717e+06 1.4899e+06 1.57846e+06 1.799e+06 1.59198e+06 1.47214e+06 1.41456e+06 1.37601e+06 1.34132e+06 1.14902e+06 1.63252e+06 1.17371e+06 1.05786e+06 2.57646e+06 1.62686e+06 1.37811e+06 1.20593e+06 983248 929495 1.63945e+06 1.82558e+06 913302 896987 896655 858450 1.23825e+06 1.878e+06 1.49729e+06 1.376e+06 1.33215e+06 1.59336e+06 3.16302e+06 2.19255e+06 2.80507e+06 2.13295e+06 2.17418e+06 1.92029e+06 3.03953e+06 1.94922e+06 1.79074e+06 1.77286e+06 1.36181e+06 3.00483e+06 2.79744e+06 2.56027e+06 2.90648e+06 1.70275e+06 1.59878e+06 3.07524e+06 1.72496e+06 1.3751e+06 1.59701e+06 1.35163e+06 1.27168e+06 1.22492e+06 1.21286e+06 1.19441e+06 1.17522e+06 1.14629e+06
threshold=7.330000000000001 7.1350000000000007 8.2700000000000014 218.71137690025628 8.1900000000000013 664.92717127067101 0 773.87259055901461 6.705000000000001 9.1650000000000009 278.25287575135428 900.22391795795545 9.9400000000000031 7.6500000000000012 4606.5000000000009 8.7450000000000028 322.55219139388771 758.66245434793746 4149.5000000000009 3971.5000000000005 5.5500000000000007 4410.5000000000009 5542.5000000000009 6522.5000000000009 52.500000000000007 4117.5000000000009 3.5000000000000004 1 7.0450000000000008 4.6250000000000009 6.705000000000001 7.5750000000000011 15.500000000000002 694.32472310472406 745.86447004928766 10120.500000000002 29.500000000000004 10120.500000000002 10020.625000000002 2 21.500000000000004 9220.0000000000018 -0.070516776034720632 319.94569836464319 3.1450000000000005 9623.0000000000018 3.5000000000000004 6.3850000000000007 745.86447004928766 3.5000000000000004 3.4850000000000008 694.32472310472406 887.71003892986232 4.4400000000000004 5.8150000000000004 845.76848128397535 9605.5000000000018 5.5500000000000007 10712.500000000002 3.2250000000000005 6.8200000000000012 6.4450000000000012
decision_type=2 2 2 2 2 2 1 2 2 2 2 2 2 2 2 2 2 2 2 2 2 2 2 2 2 2 2 1 2 2 2 2 2 2 2 2 2 2 2 1 2 2 2 2 2 2 2 2 2 2 2 2 2 2 2 2 2 2 2 2 2 2
left_child=1 24 4 -3 5 6 20 8 -7 11 -8 -4 15 14 -14 16 18 19 -11 -17 25 -18 -23 -24 27 -2 -5 28 30 -30 31 32 44 34 37 -35 59 38 56 41 -41 -36 -39 -42 45 49 47 48 -46 -1 51 52 -48 -52 55 -55 57 -34 -44 -37 -59 -51
right_child=2 3 9 26 -6 7 10 -9 -10 12 -12 -13 13 -15 -16 17 21 -19 -20 -21 -22 22 23 -25 -26 -27 -28 -29 29 -31 -32 -33 33 35 39 36 -38 42 -40 40 43 -43 58 -45 46 -47 50 -49 -50 61 53 -53 -54 54 -56 -57 -58 60 -60 -61 -62 -63
leaf_value=-1.6991499533978378 5.4042697476929638 3.0227067222962014 -1.1792219113476956 -14.93723252415657 11.428382487730547 17.088710369542241 2.8552036467052644 -1.0437881985226194 3.4901922786937045 3.0443655394017699 -6.5789681932926172 -9.5490493560659484 -1.9622936403050144 1.9867390134682257 -15.531067463556926 -0.66855608455340076 3.6961213584457129 -8.2900154113769542 -9.0778311349250185 10.571337400163923 10.344280899895564 21.521086141268412 -0.75803956634858083 15.397757048077054 -7.2793269345926692 -5.2452469205856325 -5.5256917047106535 -0.2764574478387668 -14.051038899292818 0.5720937649408977 11.121211991165623 -5.6296193488266155 0.12454842082749429 -3.2619830801933505 -4.8679224170957296 -7.0141344363872822 16.361633045533125 -17.41058116277059 10.098894846439363 22.73225508883144 14.988830335323627 10.365254205067954 -9.7524574526151042 2.4883557378959198 9.086416520178318 17.1272675377982 4.5652887350155247 16.227376834736315 -10.020942946041332 2.5856999403494161 -7.1299374210089441 15.407342080899648 -11.525029766944147 -0.80929390512979948 -8.3764615096297916 10.804818312327068 -9.5937972292755589 12.044114425068811 4.241345235705376 5.6155671808454732 1.4064412972506357 8.2788409741839981
leaf_weight=220 58 52 274 32 55 48 63 37 34 64 100 58 34 96 30 75 56 46 37 35 54 30 34 36 43 30 121 10472 37 54 33 92 4287 598 70 39 34 30 56 33 39 30 30 104 48 35 36 43 34 827 160 35 31 104 51 33 33 42 32 36 68 99
leaf_count=220 58 52 274 32 55 48 63 37 34 64 100 58 34 96 30 75 56 46 37 35 54 30 34 36 43 30 121 10472 37 54 33 92 4287 598 70 39 34 30 56 33 39 30 30 104 48 35 36 43 34 827 160 35 31 104 51 33 33 42 32 36 68 99
internal_value=0.0364538 -0.055303 1.2466 -4.82644 3.68586 2.68153 0.775942 7.56558 11.4503 -0.0444634 -2.76312 -2.64142 1.46023 -2.13702 -8.32266 2.85384 4.82537 -0.394139 -1.39644 2.90777 4.70185 8.8536 11.7418 7.55066 -0.00110961 1.77375 -7.49412 0.0162724 0.423016 -5.37358 0.494465 0.447133 0.523539 0.144428 0.467434 -2.07321 4.44867 0.154042 0.308598 5.66566 8.5673 -0.270881 -7.38226 5.89758 1.72413 2.6957 -0.271396 6.34571 1.16385 2.25494 -2.10948 3.39541 -2.87949 -3.72298 -0.823442 1.98827 0.184839 0.258228 -2.52985 -0.951878 5.4681 3.19436
internal_weight=19637 18253 1384 205 479 424 305 119 82 905 163 332 573 160 64 413 257 156 101 110 142 156 100 70 18048 88 153 18005 7533 91 7442 7409 7317 5561 4854 707 109 4578 4486 276 176 100 92 143 1756 1181 575 125 82 1146 450 102 67 348 188 137 4430 4397 62 75 110 926
internal_count=19637 18253 1384 205 479 424 305 119 82 905 163 332 573 160 64 413 257 156 101 110 142 156 100 70 18048 88 153 18005 7533 91 7442 7409 7317 5561 4854 707 109 4578 4486 276 176 100 92 143 1756 1181 575 125 82 1146 450 102 67 348 188 137 4430 4397 62 75 110 926
cat_boundaries=0 1 2 3
cat_threshold=12 2753 3
is_linear=0
shrinkage=0.05


Tree=128
num_leaves=63
num_cat=1
split_feature=25 9 19 9 3 18 12 19 0 5 4 9 14 13 13 14 0 15 4 11 1 11 11 3 6 22 16 14 16 16 4 13 18 8 2 14 5 9 2 0 12 11 9 11 18 16 13 2 5 0 11 12 12 12 13 13 0 8 7 0 6 5
split_gain=840444 1.86542e+06 1.77454e+06 1.98289e+06 2.2915e+06 1.73879e+06 1.70894e+06 1.99983e+06 3.12114e+06 1.78263e+06 2.7114e+06 2.24515e+06 1.66653e+06 2.0114e+06 2.47362e+06 2.0268e+06 1.58248e+06 1.52582e+06 1.36877e+06 2.8732e+06 2.36854e+06 2.33624e+06 2.45899e+06 1.36451e+06 1.82064e+06 2.39489e+06 3.35943e+06 2.13303e+06 2.00232e+06 2.18237e+06 1.64371e+06 1.31088e+06 1.42884e+06 1.30682e+06 3.35789e+06 1.31156e+06 1.3863e+06 1.3031e+06 1.25495e+06 1.45972e+06 1.2538e+06 1.22356e+06 1.21875e+06 1.21541e+06 1.32651e+06 2.50159e+06 1.94328e+06 1.43945e+06 1.72642e+06 1.50411e+06 1.28179e+06 1.20504e+06 1.18149e+06 1.17171e+06 2.03314e+06 1.40366e+06 1.5798e+06 1.14561e+06 2.40847e+06 1.30848e+06 2.19991e+06 1.72272e+06
threshold=0 706.97558773770209 4.5000000000000009 1231.8664067305215 12230.000000000002 47.500000000000007 6.1950000000000012 8.5000000000000018 10691.500000000002 10120.500000000002 10029.500000000002 440.06966563566067 4.2950000000000008 3.4350000000000005 4.3450000000000006 3.4550000000000005 8261.5000000000018 -0.031035806552534958 11640.500000000002 1081.975543674517 13053.500000000002 1615.8184432060948 1454.1591851786363 11297.000000000002 8083.6250000000009 7.8600000000000003 4.2150000000000007 6.745000000000001 4.9350000000000014 6.6750000000000007 9550.0000000000018 6.8050000000000006 50.500000000000007 7317.4583333333348 7764.0000000000009 7.330000000000001 4855.5000000000009 653.93994752403705 8207.5000000000018 7292.5000000000009 3.5450000000000004 1081.975543674517 432.1314417644835 629.67722300029493 8.5000000000000018 3.9450000000000007 3.6750000000000003 6713.5000000000009 7094.5000000000009 7032.5000000000009 664.92717127067101 3.1950000000000007 4.4400000000000004 4.9350000000000014 4.4850000000000012 4.1450000000000005 3666.5000000000005 5411.4583333333348 5644.8750000000009 5684.5000000000009 5399.1250000000009 5524.5000000000009
decision_type=1 2 2 2 2 2 2 2 2 2 2 2 2 2 2 2 2 2 2 2 2 2 2 2 2 2 2 2 2 2 2 2 2 2 2 2 2 2 2 2 2 2 2 2 2 2 2 2 2 2 2 2 2 2 2 2 2 2 2 2 2 2
left_child=1 5 18 4 6 33 7 9 41 10 16 -12 13 -7 15 -15 38 -5 20 -20 21 22 23 24 43 26 -26 28 30 -30 -27 32 -8 35 -35 36 -1 -13 39 -4 -19 53 -33 57 47 46 51 49 -49 50 -45 -46 -38 54 55 -9 -57 59 -59 60 -2 -61
right_child=2 -3 3 17 -6 12 31 8 -10 -11 11 37 -14 14 -16 -17 -18 40 19 -21 -22 -23 -24 -25 25 27 -28 -29 29 -31 -32 42 -34 34 -36 -37 52 -39 -40 -41 -42 -43 -44 44 45 -47 -48 48 -50 -51 -52 -53 -54 -55 -56 56 -58 58 -60 61 -62 -63
leaf_value=-1.0135470773026478 0.87720423369900891 -5.3796285188319732 -0.63000133063670916 -14.300237492152625 10.775501412153245 0.048489007949829105 -15.897585521205778 0.49981125731151271 16.025865358294862 -8.097153455681271 -3.5369423726025753 18.821958486239115 -8.2411969820658371 23.446960121393204 0.48324950900860131 7.9527968152876829 -8.485442845749132 3.8140151781913563 18.06370508466448 -1.6697216327373798 -11.460222425216285 14.375875878334046 -12.57818865144954 -7.6649599925331451 1.9343937724828721 10.066814546783766 24.845337611436847 10.738292068347597 -15.85174093807445 1.1885452270507812 -3.9673659184399774 3.2675760659841027 -4.3247082190987953 14.260418075673721 -1.5319087148916841 2.6313086427936034 -3.0457203513955418 5.7095059108734141 8.610417393843333 -6.7066430084776174 -9.1259048091040711 -9.3061552493802964 -6.2144883903802608 -4.5550389167509584 0.16134283025013774 -4.9811102928259441 2.8604262773007445 17.125076567331952 1.2578084252774717 -7.4786403877867604 2.5757735926284377 -9.0006589538910813 -14.01350693573823 4.8914590084100071 -7.8834737294156785 13.284309200618578 1.213696270458626 12.353209091906365 2.1313659024800677 14.091595449901764 -9.5938347133351325 -1.307452416419983
leaf_weight=2825 3049 196 4596 42 48 155 31 4209 33 81 34 36 30 32 64 62 66 39 35 39 39 32 34 46 32 54 32 57 34 42 34 101 191 51 99 238 73 40 36 101 36 31 51 76 76 351 311 30 40 54 369 68 37 158 71 46 66 65 508 42 51 32
leaf_count=2825 3049 196 4596 42 48 155 31 4209 33 81 34 36 30 32 64 62 66 39 35 39 39 32 34 46 32 54 32 57 34 42 34 101 191 51 99 238 73 40 36 101 36 31 51 76 76 351 311 30 40 54 369 68 37 158 71 46 66 65 508 42 51 32
internal_value=0.0346241 -0.625531 0.196514 -0.198524 -0.123004 -0.373063 -0.175432 -0.0463038 0.704026 -0.740095 -0.618702 7.14286 3.01628 4.09527 8.06522 13.2274 -0.796608 -6.67005 0.90831 7.66366 0.818368 0.905135 0.826574 0.910154 0.983107 4.87267 13.3899 2.40615 -0.489773 -6.43474 4.64452 -3.49133 -5.94074 -0.722911 3.83748 -0.938499 -1.22798 11.9207 -0.68939 -0.760668 -2.39715 0.593652 0.0860939 0.766682 -0.504774 -1.80963 0.636945 1.34358 8.05807 0.401665 1.35793 -4.16516 -6.73488 0.661101 0.508916 0.646815 6.17127 1.23326 3.29091 0.861789 0.704939 7.43255
internal_weight=19637 3862 15775 10143 10026 3666 9978 9604 4614 4990 4909 110 343 313 158 94 4799 117 5632 74 5558 5519 5487 5453 5407 285 64 221 164 76 88 374 222 3323 150 3173 2935 76 4733 4697 75 4581 152 5122 1375 806 455 569 70 499 445 144 110 4550 4392 4321 112 3747 573 3174 3100 74
internal_count=19637 3862 15775 10143 10026 3666 9978 9604 4614 4990 4909 110 343 313 158 94 4799 117 5632 74 5558 5519 5487 5453 5407 285 64 221 164 76 88 374 222 3323 150 3173 2935 76 4733 4697 75 4581 152 5122 1375 806 455 569 70 499 445 144 110 4550 4392 4321 112 3747 573 3174 3100 74
cat_boundaries=0 1
cat_threshold=8
is_linear=0
shrinkage=0.05


Tree=129
num_leaves=63
num_cat=3
split_feature=18 19 24 15 12 17 13 0 18 16 16 17 16 16 16 12 15 18 25 18 14 15 15 15 18 17 12 12 16 13 19 13 9 10 22 15 18 10 12 10 5 24 1 15 17 9 17 18 12 1 23 4 12 7 15 8 5 8 0 13 5 10
split_gain=1.18008e+06 1.78705e+06 2.26684e+06 2.49161e+06 1.73342e+06 2.17004e+06 1.95201e+06 1.72509e+06 1.70077e+06 2.43197e+06 2.34067e+06 1.65838e+06 3.27092e+06 4.19947e+06 4.12195e+06 4.83809e+06 2.65077e+06 2.35349e+06 3.25834e+06 4.30419e+06 3.06418e+06 2.67463e+06 1.97965e+06 2.41646e+06 1.78296e+06 1.45593e+06 1.4535e+06 7.0991e+06 1.79234e+06 1.45742e+06 1.42224e+06 2.22055e+06 1.43626e+06 2.42704e+06 2.49737e+06 1.33957e+06 1.29716e+06 1.19768e+06 1.19415e+06 1.18396e+06 1.17355e+06 1.28922e+06 1.16775e+06 1.10212e+06 2.39216e+06 2.96593e+06 2.34033e+06 8.19653e+06 6.47684e+06 2.24698e+06 1.95616e+06 1.8137e+06 1.75178e+06 1.74147e+06 2.24222e+06 1.46632e+06 1.91077e+06 2.69376e+06 1.83037e+06 1.29333e+06 2.81249e+06 1.40571e+06
threshold=37.500000000000007 5.5000000000000009 0 0.097724230254348343 7.0450000000000008 6.8050000000000006 7.0450000000000008 11009.000000000002 4.5000000000000009 3.6150000000000007 6.7700000000000005 2.4350000000000005 7.0200000000000005 6.4750000000000005 5.1800000000000006 5.245000000000001 0.60464610306278399 47.500000000000007 1 48.500000000000007 3.7150000000000003 -0.06663322281577834 0.057916988621533515 0.14932054509710069 48.500000000000007 3.0450000000000004 6.1950000000000012 6.660000000000001 4.4400000000000004 2.8150000000000004 9.5000000000000018 4.0050000000000008 694.32472310472406 550.72515663421461 7.8600000000000003 0.095504548274358197 2.5000000000000004 470.52792941109743 6.4450000000000012 397.10460968104144 5574.5000000000009 2 4740.5000000000009 -0.018510050724815826 3.1450000000000005 191.02912077856078 4.3850000000000007 2.5000000000000004 6.4750000000000005 11331.500000000002 1.0000000180025095e-35 10029.500000000002 3.3250000000000006 8004.1250000000009 -0.21037258625615515 12509.04166666667 11475.500000000002 10250.04166666667 7032.5000000000009 10.380000000000001 9863.0000000000018 954.68496444119216
decision_type=2 2 1 2 2 2 2 2 2 2 2 2 2 2 2 2 2 2 1 2 2 2 2 2 2 2 2 2 2 2 2 2 2 2 2 2 2 2 2 2 2 1 2 2 2 2 2 2 2 2 2 2 2 2 2 2 2 2 2 2 2 2
left_child=1 2 3 8 5 11 -6 25 10 -10 -1 24 13 14 15 17 -16 30 21 -20 -21 -19 -23 35 -2 -3 28 -28 29 42 31 -13 33 -32 -35 -24 38 39 -5 40 41 -26 -27 44 49 -46 -45 48 -48 51 52 53 -47 -4 -55 56 57 58 -54 60 61 -49
right_child=4 7 43 36 6 -7 -8 -9 9 -11 -12 12 -14 -15 16 -17 -18 18 19 20 -22 22 23 -25 37 26 27 -29 -30 -31 32 -33 -34 34 -36 -37 -38 -39 -40 -41 -42 -43 -44 46 45 50 47 59 -50 -51 -52 -53 55 54 -56 -57 -58 -59 -60 -61 -62 -63
leaf_value=-1.0787622575025377 0.64660042512213955 -1.3122132808581606 1.6697482255156477 2.1118235274059018 -7.8395604815949573 12.58503745580331 4.9836762946844111 -9.6993451499938974 -0.077896037163117007 -4.0643397821350957 13.772005322117074 1.9882068718511032 13.375879954483549 -14.212416907719202 23.158358012305367 -18.250326851875553 3.5395550222107861 18.057461278779169 -11.783125329428707 6.3845371005777833 -10.732184996720285 1.4485396085445545 10.198147761194329 1.4954903299158271 -4.7289505919860924 -1.5271719241964408 -21.883815463813576 8.8849214829896628 11.860521494017707 0.9708390747655069 -0.52256742044738347 14.800810509114653 -7.0749394958966407 -2.6587012660118843 15.404230422019959 24.203829360777334 0.9209755150384682 -7.5006054385545413 14.501312265524994 6.56298499440038 -10.911263313293459 0.40524634501727469 -13.67815303226312 -0.89649070252264151 -12.183764752149584 -9.792785371986092 6.7336108801762267 2.3627717277913725 34.588081208616494 13.529078532428276 9.0921029126869062 -9.9125331838925685 0.68708028718532321 18.871195619246539 2.3585161305390874 9.4821320533752438 -10.373069985707602 10.082470391790073 -4.881565524217045 6.5765360501305814 -10.800735695178693 -9.0363655028804661
leaf_weight=83 2240 3929 2979 41 115 39 40 55 641 949 39 393 59 42 36 31 33 56 58 167 31 121 38 44 181 58 37 38 36 1354 957 37 73 31 50 31 387 94 37 43 35 342 30 1922 55 51 60 212 32 41 53 33 502 34 52 37 48 60 209 58 65 31
leaf_count=83 2240 3929 2979 41 115 39 40 55 641 949 39 393 59 42 36 31 33 56 58 167 31 121 38 44 181 58 37 38 36 1354 957 37 73 31 50 31 387 94 37 43 35 342 30 1922 55 51 60 212 32 41 53 33 502 34 52 37 48 60 209 58 65 31
internal_value=0.0528594 -0.185967 0.260475 -1.13391 0.681029 0.834538 -4.53034 -0.888324 -2.02069 -2.45723 3.66861 0.746797 1.75588 1.44831 1.74907 1.35727 13.7755 1.64852 4.4693 0.188341 3.70465 7.96714 5.89283 10.6518 -0.0398435 -0.799924 0.496137 -6.29432 0.840713 0.5656 0.649072 3.09069 -0.295928 0.180823 8.49126 16.4906 2.10656 -2.25227 7.98889 -1.4314 -2.04745 -1.45427 -5.66955 0.725682 1.21832 -0.891735 -0.131113 3.0808 16.4221 1.90061 -0.244796 1.74672 -0.790392 1.87225 8.88678 -0.254034 -0.693885 -0.0912901 -0.949835 -0.272755 -1.56256 0.908561
internal_weight=19665 14248 8711 2177 5417 5262 155 5537 1712 1590 122 5223 2288 2229 2187 2118 69 2087 546 256 198 290 234 113 2935 5482 1553 75 1478 1442 1541 430 1111 1038 81 69 465 695 78 601 558 523 88 6534 4154 1015 2380 458 92 3139 960 3098 907 3065 86 856 819 771 711 366 308 243
internal_count=19665 14248 8711 2177 5417 5262 155 5537 1712 1590 122 5223 2288 2229 2187 2118 69 2087 546 256 198 290 234 113 2935 5482 1553 75 1478 1442 1541 430 1111 1038 81 69 465 695 78 601 558 523 88 6534 4154 1015 2380 458 92 3139 960 3098 907 3065 86 856 819 771 711 366 308 243
cat_boundaries=0 1 2 3
cat_threshold=28 28 768
is_linear=0
shrinkage=0.05


Tree=130
num_leaves=63
num_cat=1
split_feature=18 19 24 18 11 6 17 17 13 10 17 2 18 4 16 16 17 16 16 10 14 17 17 16 10 4 0 16 11 10 14 0 1 17 16 16 5 16 18 11 13 14 11 11 17 0 9 19 16 16 5 8 13 18 17 17 1 4 16 4 13 14
split_gain=1.0716e+06 1.93931e+06 2.04582e+06 2.04114e+06 1.93063e+06 3.50858e+06 1.58544e+06 2.23212e+06 2.01102e+06 3.62514e+06 3.12666e+06 2.52107e+06 1.64837e+06 1.49544e+06 1.96049e+06 1.43968e+06 1.96097e+06 1.53072e+06 1.59636e+06 1.3914e+06 1.62129e+06 1.37978e+06 5.76889e+06 1.35171e+06 1.36246e+06 1.56135e+06 1.65581e+06 1.31749e+06 1.29039e+06 3.14737e+06 3.10506e+06 1.21892e+06 1.44987e+06 1.38481e+06 1.20357e+06 1.13033e+06 1.21082e+06 1.12426e+06 2.54133e+06 1.6936e+06 1.60747e+06 1.31842e+06 1.0461e+06 977564 2.54859e+06 3.97732e+06 1.99468e+06 1.95791e+06 1.74582e+06 2.03021e+06 1.61954e+06 1.71729e+06 1.67974e+06 1.51692e+06 6.40865e+06 1.4966e+06 1.45325e+06 1.42923e+06 1.19813e+06 1.15557e+06 1.0615e+06 3.23749e+06
threshold=35.500000000000007 5.5000000000000009 0 4.5000000000000009 1194.9173281523842 10315.250000000002 2.4350000000000005 2.4550000000000005 4.1050000000000013 735.22960432326715 7.0450000000000008 5296.5000000000009 48.500000000000007 10029.500000000002 3.3650000000000007 3.6150000000000007 8.1900000000000013 7.1350000000000007 5.9300000000000006 311.90770988203332 4.8550000000000013 6.660000000000001 6.1950000000000012 6.8200000000000012 1056.9990431813287 10029.500000000002 9039.5000000000018 3.0550000000000002 573.82110702544855 691.14590972516828 2.9250000000000003 8411.0000000000018 8061.0000000000009 3.0450000000000004 3.2550000000000003 3.5450000000000004 4226.5000000000009 4.1250000000000009 48.500000000000007 239.97837610601073 3.0950000000000002 2.9550000000000005 658.24595585178315 582.81787696184733 5.6550000000000002 5382.5000000000009 440.06966563566067 1.5000000000000002 2.2600000000000002 2.6950000000000007 6230.0000000000009 5800.7083333333348 4.0650000000000004 2.5000000000000004 5.7900000000000009 3.6350000000000002 8563.0000000000018 7126.0000000000009 4.5000000000000009 5438.5000000000009 6.0850000000000009 6.6950000000000012
decision_type=2 2 1 2 2 2 2 2 2 2 2 2 2 2 2 2 2 2 2 2 2 2 2 2 2 2 2 2 2 2 2 2 2 2 2 2 2 2 2 2 2 2 2 2 2 2 2 2 2 2 2 2 2 2 2 2 2 2 2 2 2 2
left_child=1 2 3 19 5 13 12 -8 10 11 23 -10 -2 21 -15 35 -17 18 -18 -1 -21 22 31 24 25 26 28 -27 37 30 -30 32 33 -3 -7 36 -5 38 -9 41 -40 -39 -32 44 47 -46 50 58 -48 57 51 -45 -53 54 -51 56 -49 -50 -4 -57 61 -55
right_child=6 4 43 15 -6 34 7 8 9 -11 -12 -13 -14 14 -16 16 17 -19 -20 20 -22 -23 -24 -25 -26 27 -28 -29 29 -31 42 -33 -34 -35 -36 -37 -38 39 40 -41 -42 -43 -44 46 45 -47 48 55 49 53 -52 52 -54 60 -56 59 -58 -59 -60 -61 -62 -63
leaf_value=10.274385483562947 0.47599611678992393 -1.4882818657659365 -7.3194476261332229 0.13759870346186606 7.9875852970753689 -6.5475812104013231 15.067748378515246 0.28295852925044312 5.6900618349102521 21.789623041152954 -12.638007257098245 -7.6204425129779558 -2.1503388607896254 -1.9501079166636748 15.1576474832766 -3.6891777219884525 0.45035589262843134 -2.2461218794731246 16.243772104382515 -7.1216736612319949 2.6975851871299024 8.4406752109527599 -20.789624724516997 8.9449070647910798 -8.8478268378121516 13.889535023445308 -7.0912547773157719 1.5122991961102155 -0.16633214435061894 -1.4765688276539246 24.84877099355062 -8.730279112100602 8.2570030145866919 0.52462091064274619 -19.350997494113059 8.0478730573886779 -7.5425474073205683 0.13776317675908409 0.52239095677611658 1.47905196792201 8.8174567974771669 -12.935330769419672 11.751521695525417 -2.1877630897396703 1.8312941970376226 21.429506010886954 -10.222759834017074 1.5134835648004215 1.6095358467102052 -4.701810388362154 -5.691668567180634 -0.24443078949337915 14.961310309171678 0.57495879220548718 23.795741586124198 1.1090486351324589 12.219266660511494 15.365856719598538 -0.66120635813037409 -9.4495091100172566 -1.700684858970827 15.174581673145296
leaf_weight=48 2654 3308 74 614 59 45 30 1486 206 30 42 43 771 34 33 967 32 73 32 50 264 38 37 54 35 43 64 43 37 96 30 50 43 1152 31 41 56 30 93 95 157 54 31 295 77 39 35 3368 35 47 250 42 32 749 34 49 32 41 777 55 463 40
leaf_count=48 2654 3308 74 614 59 45 30 1486 206 30 42 43 771 34 33 967 32 73 32 50 264 38 37 54 35 43 64 43 37 96 30 50 43 1152 31 41 56 30 93 95 157 54 31 295 77 39 35 3368 35 47 250 42 32 749 34 49 32 41 777 55 463 40
internal_value=0.0501065 -0.198111 0.247451 -1.07722 -1.00169 -1.11285 0.598948 1.50522 1.35277 5.36976 0.883842 3.39146 -0.115217 -0.940342 6.4761 -1.76591 -2.89601 2.70252 8.34706 2.34599 1.13401 -1.04771 -1.12626 1.12572 0.941654 1.09333 0.831822 7.70092 1.07226 4.95802 11.2613 -0.96647 -0.880262 -0.968357 -11.77 -0.0111593 -0.504324 0.678608 1.06763 -3.09422 5.73169 -8.26637 18.1928 0.689398 1.10589 8.42035 -0.209885 0.911057 0.808046 1.08205 -2.58451 -0.479388 6.33102 0.628868 7.26013 1.43352 1.61424 9.03071 -1.24018 -4.4748 0.199848 1.31512
internal_weight=19665 13541 8711 2177 4830 4771 6124 2699 2669 279 2390 249 3425 4695 67 1815 1104 137 64 362 314 4628 4590 2348 2294 2259 2173 86 2109 194 98 4553 4503 4460 76 711 670 1915 1736 179 250 84 61 6534 4471 116 2063 4355 1444 1409 619 369 74 1333 81 3504 3400 76 851 104 1252 789
internal_count=19665 13541 8711 2177 4830 4771 6124 2699 2669 279 2390 249 3425 4695 67 1815 1104 137 64 362 314 4628 4590 2348 2294 2259 2173 86 2109 194 98 4553 4503 4460 76 711 670 1915 1736 179 250 84 61 6534 4471 116 2063 4355 1444 1409 619 369 74 1333 81 3504 3400 76 851 104 1252 789
cat_boundaries=0 1
cat_threshold=28
is_linear=0
shrinkage=0.05


Tree=131
num_leaves=63
num_cat=3
split_feature=25 18 16 17 17 11 5 17 16 17 13 15 24 19 17 11 18 10 16 10 13 17 12 11 18 9 24 19 9 11 16 0 2 5 13 4 9 16 18 9 17 6 11 18 15 10 7 5 7 15 16 10 12 10 13 13 12 11 7 16 16 16
split_gain=993202 1.59005e+06 2.53725e+06 3.73152e+06 2.01849e+06 1.95318e+06 1.4802e+06 1.35456e+06 3.57461e+06 1.45293e+06 2.12181e+06 1.55887e+06 1.02413e+06 1.5868e+06 973464 2.13611e+06 854076 1.24113e+06 1.16393e+06 2.02041e+06 883863 978509 830030 949197 921768 2.22058e+06 1.51882e+06 2.35692e+06 2.04445e+06 2.39615e+06 2.70478e+06 1.64904e+06 3.74141e+06 2.79634e+06 2.02025e+06 3.35568e+06 1.75895e+06 1.62555e+06 1.51906e+06 1.45779e+06 1.40053e+06 2.30224e+06 1.68987e+06 1.82775e+06 2.86428e+06 2.85331e+06 1.4931e+06 1.53835e+06 1.61822e+06 1.60403e+06 1.76022e+06 1.70958e+06 1.29284e+06 2.13412e+06 1.28036e+06 1.77662e+06 1.49127e+06 2.26379e+06 1.34632e+06 1.20794e+06 1.11249e+06 1.10997e+06
threshold=0 34.500000000000007 5.6500000000000012 2.3250000000000006 4.4850000000000012 176.53145585251391 9196.5000000000018 7.5750000000000011 8.9000000000000021 7.0450000000000008 4.6250000000000009 -0.17967541984322263 1 6.5000000000000009 6.8050000000000006 492.00917314444922 4.5000000000000009 481.2649620776038 4.9800000000000013 745.86447004928766 5.1800000000000006 4.3850000000000007 10.050000000000002 287.27781143978228 18.500000000000004 1231.8664067305215 2 1.5000000000000002 1146.5486801455722 1117.3797887098003 3.4850000000000008 8411.0000000000018 9409.0000000000018 6621.0000000000009 3.4750000000000005 10029.500000000002 212.07761812795323 4.6450000000000005 7.5000000000000009 183.3346203060388 3.0450000000000004 10315.250000000002 535.36216493847644 39.500000000000007 -0.027090694935218661 725.24333792194295 9829.3750000000018 6621.0000000000009 6724.6875000000009 0.032038067307830535 3.3050000000000002 755.69946095868761 3.2050000000000005 428.54250226444498 4.1650000000000009 3.9050000000000007 3.3450000000000002 972.04358842203749 5518.5625000000009 4.535000000000001 3.2550000000000003 2.8250000000000006
decision_type=1 2 2 2 2 2 2 2 2 2 2 2 1 2 2 2 2 2 2 2 2 2 2 2 2 2 1 2 2 2 2 2 2 2 2 2 2 2 2 2 2 2 2 2 2 2 2 2 2 2 2 2 2 2 2 2 2 2 2 2 2 2
left_child=7 6 4 -4 -3 -5 12 9 -9 14 -11 -12 13 -2 22 -16 17 -14 19 -18 21 -20 24 -24 26 40 27 -1 29 31 -31 33 -33 38 -34 -36 -35 -29 59 -39 41 46 52 54 -45 -46 47 -26 -49 51 -51 -50 53 -42 55 56 -44 58 -58 -28 -43 -60
right_child=1 2 3 5 -6 -7 -8 8 -10 10 11 -13 16 -15 15 -17 18 -19 20 -21 -22 -23 23 -25 25 -27 28 37 -30 30 -32 32 34 36 35 -37 -38 39 -40 -41 42 60 43 44 45 -47 -48 48 49 50 -52 -53 -54 -55 -56 -57 57 -59 61 -61 -62 -63
leaf_value=4.5823457179520579 0.59672636241736832 0.44282013321406322 -0.96208574053359364 5.5051811218261726 -10.245501658121746 22.051356909388588 -8.6264658181393727 7.5061649177755632 -2.9222201923087794 -15.132538071194212 -8.9894208547231322 4.1901106296924118 -1.2267229403861226 -2.3482574854610543 -2.6343165913314532 15.356049959587331 -1.599172415334136 5.2552429847761033 -4.8409740865230564 7.9572666214223489 -3.0229507417924153 -15.845027129880846 1.0105267059803009 -9.5209297366764236 -0.11109692114239605 -7.309866788549332 -6.3042832306961518 -0.19684296416859312 8.2062030286661223 5.5491903909047444 -12.838222046693168 19.526632133925833 -5.9175934334596008 7.8019373278464048 -2.4482276129722598 19.091218428178266 -4.8278386210820763 -14.377494298710543 2.9396157844916928 -3.3847576133265029 1.9523086991226464 -3.331583229452372 -4.3742012532745917 20.86269308771406 11.142430621385575 -5.3977393085306344 7.9398157401518397 -10.176849665512911 -8.1022079082738081 12.465118409605587 -1.7323565451825254 3.9397694599628452 -0.17045421905265865 16.410654209454854 -6.3183621675815695 11.545355140686036 7.0960465937852861 15.38816890155568 6.2625217326482137 0.73462658272407677 -16.621808921137166 -4.9593693227653048
leaf_weight=185 1989 2401 73 31 45 42 61 210 135 37 37 57 229 594 33 33 1863 109 58 57 311 31 40 46 4608 103 67 664 112 30 60 41 48 31 40 33 249 34 1287 267 171 32 82 35 64 44 55 74 112 34 61 40 1440 30 43 50 64 34 30 675 31 83
leaf_count=185 1989 2401 73 31 45 42 61 210 135 37 37 57 229 594 33 33 1863 109 58 57 311 31 40 46 4608 103 67 664 112 30 60 41 48 31 40 33 249 34 1287 267 171 32 82 35 64 44 55 74 112 34 61 40 1440 30 43 50 64 34 30 675 31 83
internal_value=0.0476011 -0.386051 0.628375 7.03141 0.246183 15.0249 -0.882703 0.338462 3.42549 0.245547 -4.98989 -0.997577 -0.792574 -0.0802068 0.306268 6.36087 -1.47897 0.863615 -1.82664 -1.31547 -4.28028 -8.67385 0.270682 -4.62258 0.308447 -0.0201974 0.937711 -0.582358 1.58793 1.30469 -6.70908 1.59657 6.47302 1.25444 2.04989 7.28878 -3.42954 -1.57852 1.90082 -4.62646 0.0838397 -0.372882 1.14609 3.60358 8.43223 4.40384 -0.252819 -0.344236 -3.69098 -1.74784 3.34885 -4.93327 0.353876 4.11027 1.81473 2.83433 1.34781 3.57153 1.30167 0.0990377 -9.87122 -1.98011
internal_weight=19665 7894 2592 146 2446 73 5302 11771 345 11426 131 94 5241 2583 11295 66 2658 338 2320 1920 400 89 11229 86 11143 7320 3823 1150 2673 2561 90 2471 162 2309 121 73 280 965 2029 301 7217 5047 2170 529 143 108 4984 4929 321 247 95 152 1641 201 386 343 293 211 177 742 63 113
internal_count=19665 7894 2592 146 2446 73 5302 11771 345 11426 131 94 5241 2583 11295 66 2658 338 2320 1920 400 89 11229 86 11143 7320 3823 1150 2673 2561 90 2471 162 2309 121 73 280 965 2029 301 7217 5047 2170 529 143 108 4984 4929 321 247 95 152 1641 201 386 343 293 211 177 742 63 113
cat_boundaries=0 1 2 3
cat_threshold=21 1985 2076
is_linear=0
shrinkage=0.05


Tree=132
num_leaves=63
num_cat=2
split_feature=14 8 5 4 13 13 15 14 17 12 17 0 14 15 18 14 16 16 13 11 16 9 21 17 9 18 17 14 16 16 11 16 18 18 7 16 18 12 4 14 9 12 19 24 4 11 5 18 5 6 16 17 25 5 14 13 16 0 15 13 14 9
split_gain=934461 927484 1.39029e+06 1.11797e+06 1.01547e+06 1.23638e+06 960430 2.09466e+06 2.64754e+06 3.94351e+06 2.72332e+06 2.3508e+06 2.27474e+06 1.52907e+06 1.12851e+06 1.12204e+06 1.02707e+06 856316 838050 1.01494e+06 1.71297e+06 1.63916e+06 836179 1.53994e+06 1.54374e+06 1.17228e+06 2.03316e+06 2.6093e+06 2.10267e+06 2.87859e+06 2.38183e+06 2.13108e+06 1.58846e+06 2.07029e+06 1.46076e+06 1.30748e+06 1.17528e+06 1.49259e+06 1.21166e+06 1.18664e+06 1.63856e+06 1.14575e+06 1.10431e+06 2.44983e+06 1.81405e+06 2.8605e+06 1.69862e+06 1.595e+06 1.50586e+06 1.9911e+06 2.29622e+06 2.48354e+06 1.49422e+06 2.17948e+06 1.73455e+06 2.5239e+06 1.37708e+06 1.12455e+06 1.11638e+06 1.10667e+06 1.61718e+06 1.08106e+06
threshold=2.1550000000000007 2266.7916666666674 2034.5000000000002 1580.5000000000002 4.1050000000000013 5.245000000000001 0.4251783111890492 2.5050000000000003 6.7650000000000015 7.0450000000000008 5.5500000000000007 9039.5000000000018 3.3950000000000005 0.39264356099218495 4.5000000000000009 6.0150000000000015 4.6150000000000011 6.9450000000000012 11.06 1454.1591851786363 5.1800000000000006 671.48461138688128 1.0000000180025095e-35 5.7900000000000009 890.77363216644062 37.500000000000007 2.1950000000000007 3.8950000000000005 3.5450000000000004 3.2050000000000005 613.37740792988131 3.6750000000000003 47.500000000000007 50.500000000000007 6915.5625000000009 3.9850000000000008 46.500000000000007 1.9700000000000002 6180.5000000000009 3.5350000000000006 520.81458413191876 3.7850000000000006 5.5000000000000009 0 11640.500000000002 869.41992545365997 10712.500000000002 3.5000000000000004 8197.5000000000018 8083.6250000000009 3.9850000000000008 3.5450000000000004 1 10418.500000000002 6.7950000000000008 5.4750000000000005 3.6150000000000007 2994.5000000000005 0.097724230254348343 3.9350000000000005 5.8700000000000001 671.48461138688128
decision_type=2 2 2 2 2 2 2 2 2 2 2 2 2 2 2 2 2 2 2 2 2 2 2 2 2 2 2 2 2 2 2 2 2 2 2 2 2 2 2 2 2 2 2 1 2 2 2 2 2 2 2 2 1 2 2 2 2 2 2 2 2 2
left_child=-1 2 -2 -4 -5 -6 13 -8 10 -10 15 14 -12 18 -11 16 -9 -16 19 22 21 -21 25 24 -24 42 34 28 29 61 41 -30 -33 35 36 -34 37 -27 39 40 -38 -31 43 47 48 -46 -44 -3 49 57 51 -51 53 59 55 -54 -49 -45 -58 -50 -61 -28
right_child=1 6 3 4 5 -7 7 8 9 11 12 -13 -14 -15 17 -17 -18 -19 -20 20 -22 -23 23 -25 -26 26 27 -29 31 30 -32 32 33 -35 -36 -37 38 -39 -40 -41 -42 -43 46 44 45 -47 -48 56 52 50 -52 -53 54 -55 -56 -57 58 -59 -60 60 -62 -63
leaf_value=-1.6622997897504659 -0.19580950705900324 5.22207345720732 -7.3274760166081521 -3.6120449050154009 5.8777848782508002 -1.6970676367991679 8.6490661740303043 -10.109088372415112 14.639342681884765 4.3299902143828373 -21.043087615966797 -13.951391042073567 -4.5683131364258855 8.4444864825198529 1.8218910896416867 -8.1368765563964853 -0.58647116675107125 -9.4846033068264237 6.1865291801549631 -9.5501995847031882 -13.380777760346731 3.2283630774571344 -0.97413629184200146 7.303608521267221 -10.310001047797826 -7.6698939174413683 2.1739906310773551 -3.1131915673032986 -6.9644687048146423 6.1417206677315122 22.517943337384395 -0.38547379278842314 19.678135764598849 -2.8554294193492216 -10.686755183435256 6.3952577230605216 1.9858851566462734 2.2809201203781639 -10.343129839215962 -4.1031547372512405 -8.0637529653051629 16.607981751859189 -0.39192487727135833 4.1057256887035987 -4.174088338216146 14.843596405818545 -11.453332898276194 0.54009159249058392 -6.8912653198242184 -4.4783655319895059 19.645942055025412 14.357552439371744 -3.8238787505050631 12.676910754796623 3.4909334862673727 -18.575765948163138 -2.595230876570481 0.96119052630009039 1.6628488121733154 11.658065586090089 -3.5414413208053226 9.481479040646958
leaf_weight=864 2507 106 110 350 76 185 48 31 50 109 40 30 44 57 33 75 327 34 59 37 36 78 1184 54 46 40 356 154 71 143 34 162 32 34 31 44 343 651 35 181 46 32 4143 310 30 58 35 835 50 42 31 30 149 37 54 36 1181 3432 177 30 42 59
leaf_count=864 2507 106 110 350 76 185 48 31 50 109 40 30 44 57 33 75 327 34 59 37 36 78 1184 54 46 40 356 154 71 143 34 162 32 34 31 44 343 651 35 181 46 32 4143 310 30 58 35 835 50 42 31 30 149 37 54 36 1181 3432 177 30 42 59
internal_value=-0.0543778 0.0192987 -0.752286 -2.68722 -1.85182 0.508637 0.178671 -1.48594 -2.11528 2.04313 -4.17438 -1.01421 -12.4134 0.270969 1.19099 -2.57604 -1.41106 -3.91573 0.239383 0.215499 -3.8626 -0.883001 0.25785 -0.960469 -1.32328 0.375859 1.36384 2.93161 3.89427 5.62288 10.4083 0.749513 2.76309 7.40006 0.0394418 11.988 0.29601 1.7049 -1.31315 -0.758676 0.797496 8.05555 0.152083 0.553292 1.25189 8.36029 -0.484589 -0.764888 1.10741 1.41047 8.26854 3.36993 -1.82033 1.92594 -4.21677 -6.69452 -1.05776 1.22169 -2.04024 -1.17674 2.79169 3.21289
internal_weight=19720 18856 3228 721 611 261 15628 821 773 256 517 206 84 14807 176 433 358 67 14750 14691 151 115 14540 1284 1230 13256 2448 1121 967 624 209 343 272 110 1327 76 1296 691 605 570 389 175 10808 6630 4331 88 4178 2299 4243 3845 103 72 398 159 239 185 2193 3742 1358 122 72 415
internal_count=19720 18856 3228 721 611 261 15628 821 773 256 517 206 84 14807 176 433 358 67 14750 14691 151 115 14540 1284 1230 13256 2448 1121 967 624 209 343 272 110 1327 76 1296 691 605 570 389 175 10808 6630 4331 88 4178 2299 4243 3845 103 72 398 159 239 185 2193 3742 1358 122 72 415
cat_boundaries=0 1 2
cat_threshold=2076 6
is_linear=0
shrinkage=0.05


Tree=133
num_leaves=63
num_cat=5
split_feature=14 4 15 24 12 12 13 6 15 12 16 12 14 18 11 10 9 24 25 8 9 9 14 14 13 16 1 12 2 1 13 9 13 2 9 14 11 11 16 16 24 24 13 1 9 14 14 23 13 23 16 18 12 15 11 10 19 16 1 6 16 1
split_gain=843351 853608 1.03106e+06 1.60833e+06 1.46364e+06 2.65191e+06 2.48364e+06 2.33008e+06 1.38169e+06 1.29403e+06 2.8593e+06 1.19884e+06 1.11147e+06 1.44414e+06 1.05359e+06 1.01387e+06 864023 734842 748037 709366 697879 895888 1.50924e+06 2.09162e+06 1.38513e+06 1.10461e+06 1.2784e+06 1.1928e+06 2.04096e+06 2.09782e+06 3.01612e+06 2.2464e+06 3.0238e+06 2.12247e+06 2.86454e+06 1.30925e+06 1.28041e+06 1.27783e+06 1.23547e+06 1.29404e+06 1.06375e+06 1.04686e+06 1.00977e+06 949792 944308 2.53044e+06 2.21494e+06 1.69014e+06 1.34659e+06 1.45066e+06 1.8391e+06 1.83528e+06 2.0354e+06 1.76047e+06 1.69616e+06 1.93858e+06 1.55315e+06 1.8232e+06 3.88286e+06 2.54414e+06 1.51573e+06 1.44796e+06
threshold=2.1550000000000007 1871.5000000000002 0.4251783111890492 0 6.660000000000001 7.0450000000000008 5.6550000000000002 8083.6250000000009 0.39264356099218495 5.5500000000000007 6.4750000000000005 5.5500000000000007 6.0150000000000015 4.5000000000000009 386.13264127726472 538.61109408793698 204.09709667612154 1 2 931.70833333333337 84.178133431709171 303.8598211399721 9.3850000000000016 8.0350000000000019 11.06 10.040000000000001 3975.5000000000005 3.9350000000000005 5744.5000000000009 6221.5000000000009 2.5650000000000004 255.58291203980204 3.4150000000000005 6124.5000000000009 242.45472084210851 3.0750000000000006 869.41992545365997 438.57506350544514 4.0150000000000006 3.0450000000000004 3 4 3.0950000000000002 4080.5000000000005 845.76848128397535 2.6850000000000005 2.5650000000000004 1.0000000180025095e-35 7.330000000000001 1.0000000180025095e-35 3.9450000000000007 32.500000000000007 2.4050000000000007 -0.17256637168141822 734.13398498707591 634.10302215081924 6.5000000000000009 3.4150000000000005 10676.500000000002 11536.750000000002 3.3150000000000004 10126.500000000002
decision_type=2 2 2 1 2 2 2 2 2 2 2 2 2 2 2 2 2 1 1 2 2 2 2 2 2 2 2 2 2 2 2 2 2 2 2 2 2 2 2 2 1 1 2 2 2 2 2 2 2 2 2 2 2 2 2 2 2 2 2 2 2 2
left_child=17 16 8 4 6 14 9 12 20 10 -4 -5 13 -7 -6 -14 19 -1 -19 -2 -3 22 23 25 41 27 -27 28 -22 33 -31 38 -33 34 37 -29 40 -30 39 -32 -37 -23 -41 -24 48 46 -46 -47 49 51 -51 56 -53 -54 55 60 57 58 -43 61 -55 -59
right_child=1 2 3 11 5 7 -8 -9 -10 -11 -12 -13 15 -15 -16 -17 -18 18 -20 -21 21 24 43 -25 -26 26 -28 35 29 30 31 32 -34 -35 -36 36 -38 -39 -40 42 -42 44 -44 -45 45 47 -48 -49 -50 50 -52 52 53 54 -56 -57 -58 59 -60 -61 -62 -63
leaf_value=-3.5916388277539468 -5.3062628124801208 -1.1665519141407519 15.051241977425185 2.0448635694142934 5.4539931424458823 11.50519673869295 -14.594746200458424 -11.601952998297556 7.8691366357318433 -5.7768019719787365 -4.9075714563068598 -4.9477547501232113 -8.1603431852240309 0.63027787076102371 18.705358600616456 3.8192447604555073 -2.9039268153789934 2.192354570963106 -1.6648758278876903 -0.20158604221899476 0.63070997312171262 -1.0601133672751697 0.4178055468435381 6.9116018848065979 9.8000485742517895 1.0700371349147626 14.026524358807189 9.5590869734364183 4.213477825395989 -11.609589662423005 4.6541355305704579 1.4928216064462858 19.66086221295734 17.663588905334475 -6.8978557705879213 0.92450063921759895 -8.6108080676957677 18.350504584466258 9.7643632562955229 2.1488369968959264 -1.6940942705763431 1.3234802595587394 -8.357140079772833 -8.4751994854783366 0.23714126814966618 -2.8317269203337756 17.366630464792252 6.8700985173384357 3.7160635026773288 -6.4877770503362022 3.6066073584178135 -4.4899189383375875 14.107735078475054 0.51411133182411728 -4.0443668354763078 11.953172704728985 -3.179819090502332 -0.77828428252728032 15.528144878607529 -12.746454292119935 4.8374497722313201 6.8306991641720138
leaf_weight=288 71 878 34 74 30 53 37 35 59 53 38 357 38 72 30 33 437 171 405 1642 5342 2246 51 135 35 45 33 31 33 37 58 49 43 48 34 679 51 31 30 35 882 643 66 73 46 693 32 48 312 159 63 102 34 427 89 59 377 1187 52 43 386 66
leaf_count=288 71 878 34 74 30 53 37 35 59 53 38 357 38 72 30 33 437 171 405 1642 5342 2246 51 135 35 45 33 31 33 37 58 49 43 48 34 679 51 31 30 35 882 643 66 73 46 693 32 48 312 159 63 102 34 427 89 59 377 1187 52 43 386 66
internal_value=-0.0516589 0.0183338 0.13902 -1.52278 0.580752 2.71412 -3.21557 0.281511 0.231867 0.152672 4.51742 -3.6622 2.40356 5.24124 12.0797 -2.59237 -0.919426 -1.57918 -0.50189 -0.413163 0.203282 0.284082 0.654476 0.743034 -0.122156 0.632399 6.55163 0.570417 0.906994 4.08783 1.80981 3.57678 9.98441 9.04956 4.83044 -0.618972 -0.814704 11.0611 0.457719 -1.29825 -0.559994 -0.171318 -4.71645 -4.81759 0.244703 -1.30156 7.26462 -2.20327 0.561992 0.29509 -3.62315 0.546129 2.23679 2.92636 2.53077 3.20186 -0.237088 0.320124 2.38628 -0.787882 2.56677 -0.377492
internal_weight=19720 18856 16706 884 453 291 162 231 15822 125 72 431 196 125 60 71 2150 864 576 1713 15763 14885 7786 7662 7099 7527 78 7449 5806 464 318 281 92 146 98 1643 1612 64 189 159 1561 7064 101 124 4818 819 78 741 3999 3687 222 3465 1097 995 961 872 2368 1991 695 1296 813 1253
internal_count=19720 18856 16706 884 453 291 162 231 15822 125 72 431 196 125 60 71 2150 864 576 1713 15763 14885 7786 7662 7099 7527 78 7449 5806 464 318 281 92 146 98 1643 1612 64 189 159 1561 7064 101 124 4818 819 78 741 3999 3687 222 3465 1097 995 961 872 2368 1991 695 1296 813 1253
cat_boundaries=0 1 2 3 4 5
cat_threshold=3225 3137 20 3363 920
is_linear=0
shrinkage=0.05


Tree=134
num_leaves=63
num_cat=2
split_feature=8 5 5 3 13 14 24 15 18 15 15 2 1 3 3 2 1 13 3 1 8 14 5 2 10 11 2 16 7 13 1 8 1 24 15 2 0 15 3 0 8 16 15 14 16 0 16 2 16 0 3 15 8 11 0 5 15 13 16 16 16 0
split_gain=763755 1.24956e+06 964615 1.56045e+06 1.31258e+06 1.84184e+06 1.54237e+06 1.29483e+06 1.87017e+06 2.81186e+06 1.91185e+06 1.32722e+06 1.56517e+06 1.7166e+06 1.43805e+06 1.37544e+06 1.41294e+06 1.23531e+06 1.20464e+06 1.0766e+06 1.25819e+06 1.04607e+06 1.26965e+06 1.0086e+06 1.17523e+06 1.06054e+06 1.12582e+06 995802 2.74022e+06 1.12201e+06 1.05836e+06 959338 955682 941888 1.21883e+06 912616 894426 879024 874949 879530 865025 860130 858282 829368 794955 1.07704e+06 1.52621e+06 1.76405e+06 1.00229e+06 2.53858e+06 1.59635e+06 2.31062e+06 1.59361e+06 1.72906e+06 1.52244e+06 1.09836e+06 1.76242e+06 1.94954e+06 1.23434e+06 2.90229e+06 3.09283e+06 1.1769e+06
threshold=2266.7916666666674 2034.5000000000002 3116.5000000000005 3424.5000000000005 4.0250000000000012 3.2850000000000006 0 0.4251783111890492 48.500000000000007 0.057916988621533515 0.1282251271331856 9623.0000000000018 8228.5000000000018 5685.5000000000009 6103.5000000000009 5225.5000000000009 5122.5000000000009 6.4450000000000012 2517.5000000000005 4297.5000000000009 2634.1250000000005 2.0850000000000004 5733.5000000000009 4040.5000000000005 441.98508175742785 272.7552655166391 3211.5000000000005 9.7200000000000006 4026.5625000000005 4.8550000000000013 5368.5000000000009 3222.2083333333335 5794.5000000000009 1 -0.046250439596958189 4354.5000000000009 3057.5000000000005 -0.096874296153557332 3595.5000000000005 4823.5000000000009 1837.0416666666667 3.4450000000000007 0.28112173816422431 3.5350000000000006 2.7750000000000004 9667.5000000000018 2.4550000000000005 10946.000000000002 3.4250000000000003 11734.000000000002 12230.000000000002 -0.11924743645241313 11126.583333333334 1194.9173281523842 11009.000000000002 8987.5000000000018 0.10402206121208545 3.1350000000000002 6.0750000000000011 4.9350000000000014 4.0750000000000011 9439.5000000000018
decision_type=2 2 2 2 2 2 1 2 2 2 2 2 2 2 2 2 2 2 2 2 2 2 2 2 2 2 2 2 2 2 2 2 2 1 2 2 2 2 2 2 2 2 2 2 2 2 2 2 2 2 2 2 2 2 2 2 2 2 2 2 2 2
left_child=1 -1 17 4 -4 -6 19 8 21 33 -11 12 13 15 -15 16 38 31 -19 20 -7 22 -5 24 25 26 -22 44 -29 -30 -31 36 42 -10 37 -36 -2 -35 -9 -40 -3 -24 -12 -17 45 -23 -47 -48 49 54 52 -52 55 -54 -46 61 57 -57 59 60 -59 -50
right_child=2 40 3 7 5 6 -8 11 9 10 32 -13 -14 14 -16 43 -18 18 -20 -21 23 27 41 -25 -26 -27 -28 28 29 30 -32 -33 -34 34 35 -37 -38 -39 39 -41 -42 -43 -44 -45 48 46 47 -49 50 -51 51 -53 53 -55 -56 56 -58 58 -60 -61 -62 -63
leaf_value=-0.22151833981189761 0.50255487915052444 -6.5791457290095954 -3.1839518366315476 -1.071197442878965 11.129503126705394 -5.3760673602422084 -2.4763894480719109 -8.6021212800856564 -3.3203526678248352 14.398920483846922 1.9697773680090904 7.7025014259852469 -13.503806403279306 12.836569355380149 -0.352735363283465 -3.5108707052288639 6.4817821474302377 8.7066298670145255 1.2240926713232072 -3.8969633415341378 1.0228878700371946 -0.48541535970565586 -14.345964480808803 -3.4252747188914903 10.901147236949519 -1.8429684719796908 14.292454561302741 16.136552066935433 -7.1655181814642521 -2.6948702495831713 6.3023510580713102 2.2326155545465229 -2.5611518160716908 1.1467045572068957 -8.627828944524131 2.4889784662673873 -2.2811880132160991 11.628977076212566 -0.29307949593997895 -7.3877463926348774 -1.8171014862961929 -2.9090413739604335 13.209315792719522 -13.996771854704077 1.1344231152854645 0.9466445030989471 -18.854264968633654 -2.7198203245798749 0.026204300254868397 14.345727438396878 -15.877630206158287 2.516791592874835 12.697823499698266 -1.2877214969732824 -8.5830430949606562 8.3526714070276782 -10.936717281843487 -7.9720235289384922 2.2234173334006111 -18.21576003299819 11.690217459996543 7.6627299046983914
leaf_weight=2692 2205 112 705 221 34 36 498 62 107 74 35 32 32 31 62 33 42 95 124 64 33 1938 35 33 76 59 31 36 34 52 88 697 37 36 30 48 332 45 187 57 642 31 33 44 2383 54 32 36 4705 36 38 31 51 39 41 44 57 60 66 36 30 51
leaf_count=2692 2205 112 705 221 34 36 498 62 107 74 35 32 32 31 62 33 42 95 124 64 33 1938 35 33 76 59 31 36 34 52 88 697 37 36 30 48 332 45 187 57 642 31 33 44 2383 54 32 36 4705 36 38 31 51 39 41 44 57 60 66 36 30 51
internal_value=-0.0492001 -0.725412 0.0939871 -0.105786 -1.58298 -0.276629 -0.743868 0.100196 0.225465 3.39853 8.24362 -2.19639 -2.77232 -2.10938 4.0437 -3.45581 -2.11783 0.835746 4.46994 1.87309 3.3209 0.0873702 -2.88858 4.67043 6.01293 2.99257 7.45033 0.173313 3.57982 0.981874 2.96053 0.589645 3.90559 0.138121 2.5161 -1.78672 0.138265 6.97019 -3.29817 -1.95044 -2.52446 -8.97408 7.42426 -9.50281 0.0997762 -0.772265 -5.32894 -10.3125 0.334049 1.1658 -0.0588293 -7.61347 0.0426048 6.63742 0.97006 -0.0749498 -3.04612 -1.14034 -3.31582 -6.21732 -1.41794 0.108093
internal_weight=19720 3446 16274 12821 1569 864 830 11252 10670 445 179 582 550 518 93 425 348 3453 219 332 268 10225 287 232 199 123 64 9938 210 174 140 3234 105 266 159 78 2537 81 306 244 754 66 68 77 9728 2060 122 68 7668 2460 5208 69 5139 90 2424 5049 293 236 192 126 90 4756
internal_count=19720 3446 16274 12821 1569 864 830 11252 10670 445 179 582 550 518 93 425 348 3453 219 332 268 10225 287 232 199 123 64 9938 210 174 140 3234 105 266 159 78 2537 81 306 244 754 66 68 77 9728 2060 122 68 7668 2460 5208 69 5139 90 2424 5049 293 236 192 126 90 4756
cat_boundaries=0 1 2
cat_threshold=2320 704
is_linear=0
shrinkage=0.05


Tree=135
num_leaves=63
num_cat=5
split_feature=17 16 18 16 24 14 18 24 18 18 25 17 12 6 17 13 16 11 10 11 5 19 10 10 17 17 1 16 5 12 5 16 11 0 18 4 5 13 0 6 11 4 1 10 5 16 16 6 7 9 24 10 10 16 0 13 5 6 11 10 24 14
split_gain=909281 866141 1.67973e+06 1.2364e+06 1.52799e+06 1.01245e+06 960275 896605 862615 1.7401e+06 1.73731e+06 2.39199e+06 2.01103e+06 1.44528e+06 2.88082e+06 1.85515e+06 2.18735e+06 4.38867e+06 1.91749e+06 1.48733e+06 4.79615e+06 1.47463e+06 1.95741e+06 5.94568e+06 1.45031e+06 1.69205e+06 1.43235e+06 1.38446e+06 1.30561e+06 1.3037e+06 1.27768e+06 1.23428e+06 1.19923e+06 2.60693e+06 2.05222e+06 1.26682e+06 1.97718e+06 1.18805e+06 1.1146e+06 1.61299e+06 1.09478e+06 1.1786e+06 2.34146e+06 2.12381e+06 2.5139e+06 1.71199e+06 1.48433e+06 1.15979e+06 1.14677e+06 1.76587e+06 1.07891e+06 1.47512e+06 1.49173e+06 1.3132e+06 1.39613e+06 1.3885e+06 1.28752e+06 1.02767e+06 1.01662e+06 1.5536e+06 1.22499e+06 1.72699e+06
threshold=9.5750000000000011 2.4450000000000007 43.500000000000007 1.9950000000000003 0 3.8250000000000006 47.500000000000007 1 18.500000000000004 33.500000000000007 2 3.6950000000000007 7.3000000000000007 8083.6250000000009 2.5950000000000002 3.4750000000000005 4.955000000000001 904.85721432381922 1154.9568842881674 368.04264713162223 6078.5000000000009 2.5000000000000004 954.68496444119216 799.86790254836058 6.660000000000001 6.3750000000000009 11726.000000000002 6.4750000000000005 6123.5000000000009 7.120000000000001 6230.0000000000009 7.1700000000000008 1155.1668380063909 9667.5000000000018 25.500000000000004 9801.0000000000018 6677.5000000000009 6.2800000000000002 6540.5000000000009 6689.2500000000009 1117.3797887098003 7051.0000000000009 8383.0000000000018 581.99689820407787 9407.5000000000018 2.7750000000000004 3.1850000000000005 7046.5000000000009 7850.0625000000009 311.95873106202072 3 365.97314009105338 385.7003690946338 3.3750000000000004 3758.5000000000005 9.1650000000000009 5694.5000000000009 4321.8750000000009 549.30736000208015 581.99689820407787 4 3.4450000000000007
decision_type=2 2 2 2 1 2 2 1 2 2 1 2 2 2 2 2 2 2 2 2 2 2 2 2 2 2 2 2 2 2 2 2 2 2 2 2 2 2 2 2 2 2 2 2 2 2 2 2 2 2 1 2 2 2 2 2 2 2 2 2 1 2
left_child=1 2 7 -4 -5 6 -6 -1 10 32 11 28 27 19 -15 -16 17 -17 -19 20 24 22 23 -18 25 -12 -20 37 -3 -29 50 -14 33 35 -34 36 58 -13 39 -32 41 47 45 46 -45 -43 -44 -11 49 -47 -21 -52 -53 56 -55 -56 -54 -39 59 -10 61 -60
right_child=-2 8 3 4 5 -7 -8 -9 9 40 13 12 31 14 15 16 21 18 26 30 -22 -23 -24 -25 -26 -27 -28 29 -30 -31 38 -33 34 -35 -36 -37 -38 57 -40 -41 -42 42 43 44 -46 48 -48 -49 -50 -51 51 52 53 54 55 -57 -58 -59 60 -61 -62 -63
leaf_value=-1.0994233528479482 3.2082731047911306 -0.12146460520124985 -1.7601458282537863 0.73961711809748698 7.3682382871578271 1.1808597261255438 16.018477887240323 1.3172448525945044 -1.0077389648331929 0.10606240482972368 1.1618217087112639 -5.8114591514723646 8.2750291799721509 12.894696647279403 -6.5048774110859844 22.026860677278961 -4.4404019355773929 -4.1554530213095928 0.89285591244697571 -0.68033481613420088 17.366030091427742 -10.689510636329651 -4.4573158135285249 23.129527999415544 9.6763778180492181 -10.622509316475162 15.631320813122919 -7.0310576092141375 10.487621437708537 -18.551274027968898 -3.1429718333769614 -3.5803482804979598 -4.6821602052257907 -8.2959124828141846 12.113829639757222 6.2739954374604316 -5.4678958893308831 7.161871819496155 -0.62899311777964162 -14.568828161987099 -6.4819143627999258 -5.0900598982969925 2.2261823992575369 -3.801117340993073 10.98905247620174 12.987532038255171 -11.13819323342944 -9.1574675046345764 14.559778866869337 1.9810035935154671 -2.7653618563719786 12.246883523804803 3.5416916394535498 9.7665807485580451 -0.13661622233193474 8.4735502586364753 14.140665974702154 -4.8596126716583967 11.032755251898282 -9.1192019279797876 -0.27589239064482057 -0.23721576519866489
leaf_weight=650 224 870 71 116 77 33 55 909 3656 5423 1752 175 46 68 58 39 48 55 32 1315 47 30 74 33 49 31 34 96 30 33 187 42 31 126 44 59 245 40 402 37 61 30 31 59 56 55 63 34 47 108 183 35 158 42 737 50 35 32 69 60 387 67
leaf_count=650 224 870 71 116 77 33 55 909 3656 5423 1752 175 46 68 58 39 48 55 32 1315 47 30 74 33 49 31 34 96 30 33 187 42 31 126 44 59 245 40 402 37 61 30 31 59 56 55 63 34 47 108 183 35 158 42 737 50 35 32 69 60 387 67
internal_value=0.0407699 0.00441595 1.01543 4.13511 5.62466 8.49908 10.9725 0.311051 -0.105322 -0.386124 0.330888 -1.26199 -4.18736 0.724681 3.37516 1.76888 3.15983 7.44084 2.73956 0.479399 1.59476 -0.542657 1.42125 6.79179 1.19015 0.956934 8.4854 -5.77982 0.232172 -9.97809 -0.179441 2.61678 -1.10086 -1.20162 5.17149 -1.00486 -1.10063 -3.5872 -2.20389 -5.03028 0.182122 0.250951 2.71336 -1.15585 3.40105 6.08279 -6.73079 0.0483457 7.67892 5.69486 0.316569 1.36822 2.09682 1.74922 0.884424 0.410408 5.46379 1.81899 -0.848221 -1.13871 1.21575 5.10525
internal_weight=19741 19517 1911 352 281 165 132 1559 17606 10711 6895 1364 464 5531 471 403 345 160 121 5060 1879 185 155 81 1832 1783 66 376 900 129 3181 88 4744 4669 75 4543 4484 247 626 224 5967 5906 449 209 115 240 94 5457 210 163 2555 1240 1057 1022 829 787 193 72 4239 3716 523 136
internal_count=19741 19517 1911 352 281 165 132 1559 17606 10711 6895 1364 464 5531 471 403 345 160 121 5060 1879 185 155 81 1832 1783 66 376 900 129 3181 88 4744 4669 75 4543 4484 247 626 224 5967 5906 449 209 115 240 94 5457 210 163 2555 1240 1057 1022 829 787 193 72 4239 3716 523 136
cat_boundaries=0 1 2 3 4 5
cat_threshold=3872 2724 8 540 2561
is_linear=0
shrinkage=0.05


Tree=136
num_leaves=63
num_cat=4
split_feature=13 14 4 13 4 12 14 4 11 13 14 14 14 24 12 2 24 21 3 18 12 9 2 6 2 4 18 11 11 4 18 0 13 12 11 0 12 10 18 24 14 9 5 2 14 18 7 6 2 3 13 9 0 5 11 24 9 9 1 12 12 0
split_gain=834701 3.08465e+06 1.90669e+06 4.66072e+06 3.36281e+06 1.5648e+06 1.33242e+06 1.21786e+06 1.12543e+06 839241 2.41864e+06 1.46074e+06 1.62565e+06 1.03495e+06 796162 4.49936e+06 2.57872e+06 1.23238e+06 1.11504e+06 967323 1.45647e+06 1.09206e+06 842523 1.13948e+06 1.00216e+06 1.8705e+06 1.75753e+06 2.39639e+06 1.32885e+06 997928 972495 2.73371e+06 1.3217e+06 1.36008e+06 1.67536e+06 1.39317e+06 1.17842e+06 1.09579e+06 1.0174e+06 1.53699e+06 1.44637e+06 1.38691e+06 1.13824e+06 1.47633e+06 1.23791e+06 1.46095e+06 1.18238e+06 1.33717e+06 1.23589e+06 1.04074e+06 1.81133e+06 1.65208e+06 1.87396e+06 1.21495e+06 1.06625e+06 964677 1.03689e+06 2.1965e+06 954037 1.88426e+06 2.52114e+06 1.77064e+06
threshold=5.0550000000000006 2.6850000000000005 8680.5000000000018 5.9300000000000006 9801.0000000000018 6.8050000000000006 6.4450000000000012 3257.5000000000005 323.53480901224361 5.7000000000000011 4.1950000000000012 3.3550000000000004 3.4950000000000006 0 4.6450000000000005 8547.0000000000018 1 1.0000000180025095e-35 3824.5000000000005 7.5000000000000009 4.6250000000000009 587.42687312767885 13037.500000000002 12000.375000000002 10661.500000000002 11640.500000000002 18.500000000000004 1081.975543674517 1048.2668171720497 11266.000000000002 33.500000000000007 9876.0000000000018 4.4400000000000004 4.0250000000000012 618.67687493428014 10153.000000000002 3.9850000000000008 1154.9568842881674 19.500000000000004 2 3.8750000000000004 581.03513949449632 6677.5000000000009 8050.5000000000009 2.9850000000000008 26.500000000000004 6915.5625000000009 6621.6250000000009 6930.5000000000009 5919.5000000000009 2.5050000000000003 202.25149360799932 5275.5000000000009 4773.5000000000009 573.82110702544855 3 912.70811461809353 773.87259055901461 6030.5000000000009 3.2650000000000001 3.4050000000000007 5818.5000000000009
decision_type=2 2 2 2 2 2 2 2 2 2 2 2 2 1 2 2 1 2 2 2 2 2 2 2 2 2 2 2 2 2 2 2 2 2 2 2 2 2 2 1 2 2 2 2 2 2 2 2 2 2 2 2 2 2 2 1 2 2 2 2 2 2
left_child=6 7 9 -4 -5 -6 14 -2 -8 10 -3 -11 -13 -12 19 16 18 -18 -16 21 22 -1 23 24 25 29 27 -26 -28 30 31 37 33 35 -35 36 55 38 39 40 -21 -42 46 -44 -45 -46 47 49 -48 53 -51 -52 -53 54 -40 58 57 -57 61 -60 -61 -32
right_child=1 2 3 4 5 -7 8 -9 -10 11 13 12 -14 -15 15 -17 17 -19 -20 20 -22 -23 -24 -25 26 -27 28 -29 -30 -31 32 -33 -34 34 -36 -37 -38 -39 42 -41 41 -43 43 44 45 -47 48 -49 -50 50 51 52 -54 -55 -56 56 -58 -59 59 60 -62 -63
leaf_value=1.5430007618593882 5.1717664124284477 -15.200612130472738 23.677195784250898 10.487423743520466 -14.107012704014778 1.7879519430796305 2.2533087909221652 18.900534489949546 -8.9030603345338406 10.075731214284898 -2.9666193606979139 -11.123448832829794 0.57367534363928607 1.8867980674916998 -3.0525257683852143 -17.355969940125942 0.042199306754333608 8.6353590255313453 -12.404212933182718 0.15170519084598011 9.263046874318805 12.415472239255905 6.6228451586784205 -8.0264874606662335 16.81706388367547 -9.5754971373539703 -3.4537887980230155 -1.0812805891036987 6.2934048171476888 8.885862560714445 1.7279780551989874 -11.454842810119901 -8.7920970990107605 -1.2859084687907318 -12.053403220176698 10.587651740482876 7.5512324857711794 6.198651492690284 -0.82091632111038304 0.87652112147373062 -4.9431069411917363 5.386179296175639 -6.8076091687787672 8.796034448593856 -8.2245352642208935 4.631019550714738 13.034494685405685 -8.6252820098841649 0.83972995129842598 13.536547387030817 11.70231926210465 8.6013950638149108 -2.5555871206493195 -3.6711340683242661 3.5812974543418168 0.1138127454142782 -5.7445987044153988 12.036586527946668 -0.13467615535887686 21.608177264275092 4.2357926249504088 -4.891247565601323
leaf_weight=83 35 31 30 56 32 30 32 30 77 40 226 30 3006 197 68 43 573 45 60 520 42 32 47 45 45 52 96 32 55 31 1125 56 39 373 40 35 60 63 3608 2507 334 36 176 32 51 39 31 54 63 31 31 46 207 366 143 4063 74 39 92 31 64 111
leaf_count=83 35 31 30 56 32 30 32 30 77 40 226 30 3006 197 68 43 573 45 60 520 42 32 47 45 45 52 96 32 55 31 1125 56 39 373 40 35 60 63 3608 2507 334 36 176 32 51 39 31 54 63 31 31 46 207 366 143 4063 74 39 92 31 64 111
internal_value=0.0387315 0.710893 0.520078 6.0799 1.60602 -6.4159 -0.118532 11.5081 -5.6278 0.286974 -1.71977 0.583158 0.458091 -0.731808 -0.080738 -1.6291 -0.722591 0.657279 -6.89728 0.000166498 -0.0348916 4.56838 -0.0610251 -0.0821141 -0.0580419 -0.109329 3.23132 9.37879 0.0965135 -0.0755469 -0.0946531 -0.444553 0.383228 0.441823 -2.32877 0.64278 0.581273 -0.370605 -0.420619 0.243743 -1.53134 -3.9381 -0.883275 -3.87754 0.349439 -2.65379 -0.688451 -0.804743 4.86141 -0.709457 2.06052 0.80785 -0.527045 -0.921393 -0.65309 0.506581 0.121058 0.227169 1.62568 4.96553 9.90468 1.13353
internal_weight=19741 3743 3678 148 118 62 15998 65 109 3530 454 3076 3036 423 15889 789 746 618 128 15100 14985 115 14943 14896 14851 14623 228 77 151 14571 14540 8394 6146 6107 413 5694 5659 8338 8275 3397 890 370 4878 298 122 90 4580 4486 94 4432 315 284 253 4117 3751 5599 4176 4102 1423 187 95 1236
internal_count=19741 3743 3678 148 118 62 15998 65 109 3530 454 3076 3036 423 15889 789 746 618 128 15100 14985 115 14943 14896 14851 14623 228 77 151 14571 14540 8394 6146 6107 413 5694 5659 8338 8275 3397 890 370 4878 298 122 90 4580 4486 94 4432 315 284 253 4117 3751 5599 4176 4102 1423 187 95 1236
cat_boundaries=0 1 2 3 4
cat_threshold=2776 6 2072 208
is_linear=0
shrinkage=0.05


Tree=137
num_leaves=63
num_cat=1
split_feature=17 16 24 15 9 15 11 10 16 12 9 1 12 15 16 16 7 12 13 14 17 11 17 6 12 16 13 3 17 9 16 17 15 0 12 14 4 14 10 4 6 19 8 6 13 11 3 15 13 6 6 10 9 19 1 0 1 3 4 10 7 11
split_gain=795843 816243 1.16707e+06 1.64384e+06 2.09305e+06 2.45917e+06 1.40272e+06 1.13982e+06 1.10294e+06 1.00062e+06 953636 818290 816952 812816 775163 1.17551e+06 1.56973e+06 748615 1.02909e+06 2.76913e+06 3.98494e+06 1.93299e+06 1.86738e+06 3.36685e+06 2.01251e+06 1.77168e+06 1.73654e+06 1.51996e+06 1.43272e+06 1.07824e+06 1.05521e+06 987212 3.29508e+06 1.3664e+06 1.20227e+06 2.23849e+06 1.26949e+06 1.06373e+06 4.57756e+06 1.00287e+06 1.76567e+06 1.57207e+06 1.52293e+06 2.02312e+06 1.37736e+06 1.33271e+06 1.04439e+06 2.41553e+06 1.86114e+06 2.651e+06 1.4396e+06 1.85901e+06 1.66848e+06 1.25193e+06 2.91462e+06 1.71462e+06 1.21549e+06 1.41422e+06 1.67073e+06 3.12673e+06 1.49185e+06 1.49527e+06
threshold=9.5750000000000011 2.4450000000000007 0 -0.029379268321131111 653.93994752403705 -0.048190932481589975 750.30508228010581 609.25213734183512 2.2150000000000003 3.5250000000000004 573.33316560497599 4762.5000000000009 3.9650000000000003 -0.14541449739687629 10.215000000000002 6.5100000000000007 5087.8750000000009 10.050000000000002 5.0550000000000006 2.6850000000000005 3.9650000000000003 1615.8184432060948 4.6450000000000005 9132.1250000000018 4.7250000000000005 7.3150000000000004 4.6250000000000009 3671.5000000000005 4.5250000000000012 306.04996862840875 7.5650000000000004 4.0250000000000012 -0.25329120589784121 12274.500000000002 4.3450000000000006 4.0750000000000011 5898.0000000000009 5.3900000000000015 614.32475964806974 12173.500000000002 11204.875000000002 5.5000000000000009 11126.583333333334 10043.875000000002 3.3550000000000004 1048.2668171720497 8017.5000000000009 -0.063355372946253499 2.7050000000000005 9371.5000000000018 7390.8750000000009 441.98508175742785 451.77750787591373 8.5000000000000018 8383.0000000000018 9439.5000000000018 7781.5000000000009 7249.5000000000009 7848.0000000000009 546.26029734233532 7345.3125000000009 613.37740792988131
decision_type=2 2 1 2 2 2 2 2 2 2 2 2 2 2 2 2 2 2 2 2 2 2 2 2 2 2 2 2 2 2 2 2 2 2 2 2 2 2 2 2 2 2 2 2 2 2 2 2 2 2 2 2 2 2 2 2 2 2 2 2 2 2
left_child=1 2 3 4 5 8 7 10 11 13 12 -1 -5 -10 15 -2 -17 18 22 20 -20 -21 28 24 -24 26 29 -27 30 -26 31 33 -33 37 36 -36 -34 39 -39 40 42 -41 43 46 -45 -42 50 48 -48 -50 56 -52 -53 -49 -55 -56 57 58 -3 -60 61 -59
right_child=14 17 -4 6 -6 -7 -8 -9 9 -11 -12 -13 -14 -15 -16 16 -18 -19 19 21 -22 -23 23 -25 25 27 -28 -29 -30 -31 -32 32 34 -35 35 -37 -38 38 -40 41 45 -43 -44 44 -46 -47 47 53 49 -51 51 52 -54 54 55 -57 -58 60 59 -61 -62 -63
leaf_value=1.7635778251384933 -3.8398634563792835 -0.23503656173975465 -0.26239556965272132 2.413110020126461 16.044470669772174 16.991170569389098 -7.5727088772520732 8.8821378819147743 14.984995387622289 0.96253556374347571 -7.6430061990564528 -5.7429631064919873 -2.5437196810771754 4.7226818511652393 -2.2831365639308716 3.0164436686863292 14.459215602007781 -3.6940839750899208 -2.0325917766940207 0.38908535916248399 22.754023656774972 12.551441689693569 -13.873103971192331 -17.38091911315918 -4.9962578704482636 -1.1843191714226444 9.4841262830155237 -12.324263172149658 6.5946242648821611 3.604742484773908 3.8226802508283111 -12.020628532250724 -0.41539732148654784 7.9338609970532934 10.494039910526601 -3.4624591932765081 -6.5043160454839724 0.39314414265908693 21.409677501916889 13.266865212576731 -16.247835906346641 -1.0811807587033226 10.653251977264881 -12.656056967648594 -0.93157412280207097 -1.7891902446746828 5.6280067448105129 2.162858498437064 -1.5238548348092626 -17.569995625813803 3.6733776760789065 -16.85643476213728 -4.4010718740265942 20.714891599284279 -1.8447879944207533 12.415324237006052 8.815044624741013 -2.0526728025891567 -2.8451001022801257 19.268918554244504 5.2059853178082101 -11.696062229775094
leaf_weight=126 33 11289 953 331 37 31 49 45 35 66 33 51 111 43 53 94 44 144 31 3256 34 33 33 40 76 79 56 50 78 70 161 75 319 52 59 56 117 190 30 35 30 42 32 55 46 34 56 175 117 33 52 35 116 36 53 35 37 88 33 31 33 74
leaf_count=126 33 11289 953 331 37 31 49 45 35 66 33 51 111 43 53 94 44 144 31 3256 34 33 33 40 76 79 56 50 78 70 161 75 319 52 59 56 117 190 30 35 30 42 32 55 46 34 56 175 117 33 52 35 116 36 53 35 37 88 33 31 33 74
internal_value=0.0367897 0.00277896 0.98424 2.2041 4.73205 3.54296 0.514588 1.27666 2.24423 5.49359 0.556142 -0.399324 1.1683 9.32757 3.00013 4.63764 6.66486 -0.103751 -0.0741437 0.713085 10.9327 0.511116 -0.261297 -3.61162 -2.09851 -0.924613 1.99865 -5.50213 -0.162528 -0.872491 -0.201209 -0.249322 -2.1882 -0.154787 -0.849848 3.69783 -2.04935 -0.18768 3.25904 -0.248019 -0.283089 5.44066 -0.240425 -0.268551 -7.31619 -8.56668 -0.210647 2.01597 -2.15016 -5.05401 -0.306036 -4.48022 -7.28808 4.88628 8.72983 3.82685 -0.232893 -0.261883 -0.189367 7.86638 -4.48383 -6.45768
internal_weight=19741 19517 1911 958 389 352 569 520 321 144 475 177 442 78 224 171 138 17606 17462 3354 65 3289 14108 404 364 331 202 129 13704 146 13626 13465 626 12839 551 115 436 12787 220 12567 12490 77 12426 12394 101 64 12293 505 206 150 11788 203 151 299 124 88 11585 11548 11353 64 195 162
internal_count=19741 19517 1911 958 389 352 569 520 321 144 475 177 442 78 224 171 138 17606 17462 3354 65 3289 14108 404 364 331 202 129 13704 146 13626 13465 626 12839 551 115 436 12787 220 12567 12490 77 12426 12394 101 64 12293 505 206 150 11788 203 151 299 124 88 11585 11548 11353 64 195 162
cat_boundaries=0 1
cat_threshold=1115
is_linear=0
shrinkage=0.05


Tree=138
num_leaves=63
num_cat=3
split_feature=9 24 16 14 16 0 5 11 11 11 16 13 13 13 9 11 16 16 13 2 9 2 0 12 0 24 16 16 2 18 9 0 0 5 15 1 12 16 0 11 16 0 25 2 7 9 13 13 16 9 6 2 16 0 15 11 13 22 13 5 11 11
split_gain=942150 1.41802e+06 1.3158e+06 3.64156e+06 1.94929e+06 1.63938e+06 2.94847e+06 1.30954e+06 2.76401e+06 1.4238e+06 2.04839e+06 1.83387e+06 2.06081e+06 1.17466e+06 1.36562e+06 1.6892e+06 1.17281e+06 1.30206e+06 1.42096e+06 1.16264e+06 1.15107e+06 1.50279e+06 1.37216e+06 1.23597e+06 1.06331e+06 1.04181e+06 1.00711e+06 1.2739e+06 1.34029e+06 949935 1.44592e+06 873283 872330 1.27361e+06 844117 1.34668e+06 1.09611e+06 821358 718499 793680 1.07599e+06 1.34594e+06 680215 1.08194e+06 2.3129e+06 1.48877e+06 940644 1.46182e+06 860730 966799 1.15423e+06 1.30146e+06 1.13287e+06 825961 859277 2.47113e+06 2.20905e+06 2.15791e+06 1.99579e+06 1.02333e+06 2.42164e+06 3.63338e+06
threshold=706.97558773770209 0 3.7050000000000005 2.6850000000000005 3.5850000000000004 10427.000000000002 10120.500000000002 927.54013843235236 815.01354167780471 1615.8184432060948 5.8150000000000004 6.1950000000000012 7.330000000000001 4.0450000000000008 788.39282713281102 531.22112040396325 2.4450000000000007 7.1000000000000005 2.8450000000000002 5941.5000000000009 823.29409419974218 7895.5000000000009 4532.5000000000009 4.5250000000000012 9876.0000000000018 1 5.6500000000000012 3.7850000000000006 5090.0000000000009 24.500000000000004 866.57129805204329 3837.5000000000005 5684.5000000000009 6354.0000000000009 -0.067364357533487226 9427.5000000000018 3.1350000000000002 5.6950000000000012 6804.0000000000009 704.40824063106993 3.6250000000000004 5136.5000000000009 2 8207.5000000000018 8182.6250000000009 682.92687436130893 10.995000000000003 9.7550000000000008 3.1850000000000005 404.9357446632452 7492.7500000000009 7005.5000000000009 8.7450000000000028 3017.5000000000005 0.58225785601172098 472.33788247287015 4.9350000000000014 7.8600000000000003 5.8150000000000004 10712.500000000002 779.65322029836614 994.26637911456032
decision_type=2 1 2 2 2 2 2 2 2 2 2 2 2 2 2 2 2 2 2 2 2 2 2 2 2 1 2 2 2 2 2 2 2 2 2 2 2 2 2 2 2 2 1 2 2 2 2 2 2 2 2 2 2 2 2 2 2 2 2 2 2 2
left_child=25 2 4 -4 5 13 -7 8 29 10 24 -12 -13 14 15 -2 -3 18 -18 -19 22 26 31 -24 -9 38 27 32 -29 30 37 -20 -22 -34 -16 36 -36 -5 39 -1 41 -41 46 44 45 48 47 53 -44 50 51 -50 -51 -27 59 56 -56 -57 -58 -55 -61 -62
right_child=1 16 3 7 -6 6 -8 9 -10 -11 11 12 -14 -15 34 -17 17 19 20 -21 21 -23 23 -25 -26 42 -28 28 -30 -31 -32 -33 33 -35 35 -37 -38 -39 -40 40 -42 -43 43 -45 -46 -47 -48 -49 49 52 -52 -53 -54 54 55 57 58 -59 -60 60 61 -63
leaf_value=-0.68830424120214684 -3.4761895627686474 -9.6825162034285697 17.829311743649569 10.421961797838627 -12.615190109839807 -17.6482869006492 0.1343920427655417 -2.232411255155291 13.125514913031035 7.7783821569170275 11.896047640840214 -12.969444293745102 2.2701917000305958 8.2999079038267549 -8.6538487206334658 11.417247174580893 -6.2699004398451912 -4.0023092338726638 -3.3392963421344763 -15.202044973522426 0.087822701010787707 -7.3856220626831064 -2.6900156839897758 -13.377703672931307 -12.570221391271373 2.2403625876721933 8.7767534393375204 4.2322740728790702 -8.1213053509041124 -6.9669767068113604 -5.2168965381124748 8.6273107805559714 14.581968036450839 0.92543946264251586 3.7146306097507478 7.7745073935564832 -7.6488829889220176 1.5089205369100733 -7.6388375865088562 0.11802012794896176 -0.40078141708073656 13.033160787266354 0.63719372544936914 -4.5145031188031757 12.085475782247691 10.143396188531604 -6.7209548979997642 6.709677050285733 -0.29814411310002153 -3.1577379672178822 -9.3064551380702429 9.0201054359737203 4.1825056766641557 0.35558131278981553 -4.1059278691935743 18.811198947429656 16.60503512044107 1.3912223100662233 0.19109761196634045 6.1190922477028593 -20.256343830259226 -1.0997746104925452
leaf_weight=4478 33 57 33 46 39 37 63 42 56 35 30 31 78 46 46 45 117 84 30 32 57 40 76 42 61 647 59 37 54 35 46 31 38 31 32 34 63 59 36 38 127 43 1940 139 39 35 44 97 2695 561 35 38 58 6473 117 40 31 32 46 44 38 71
leaf_count=4478 33 57 33 46 39 37 63 42 56 35 30 31 78 46 46 45 117 84 30 32 57 40 76 42 61 647 59 37 54 35 46 31 38 31 32 34 63 59 36 38 127 43 1940 139 39 35 44 97 2695 561 35 38 58 6473 117 40 31 32 46 44 38 71
internal_value=-0.0728032 -1.17167 0.0992035 1.72394 -1.94614 -0.903302 -6.4452 0.699896 3.38696 -1.64765 -3.01091 0.948947 -2.06402 0.950175 -0.38614 5.11618 -2.74078 -2.23492 -1.31431 -7.09189 -0.142991 1.6717 -3.34658 -6.49411 -8.3548 0.0359078 2.98435 1.40946 -3.09842 0.45492 2.17523 2.74209 4.66515 8.44643 -2.8386 -0.764947 -3.82117 5.41368 -0.600848 -0.548061 2.47121 6.97421 0.263603 -0.158626 -0.0468168 -0.13506 0.56799 0.610734 -0.202592 -0.683604 -0.284126 -0.168582 -2.46996 0.532263 0.371911 3.15835 0.222438 11.069 6.79931 0.26005 -3.7816 -7.77821
internal_weight=19717 1775 990 552 438 399 100 519 242 277 242 139 109 299 253 78 785 728 612 116 495 316 179 118 103 17942 276 217 91 186 151 61 126 69 175 129 95 105 4722 4686 208 81 13220 5540 5401 5362 7680 7636 5327 3387 2768 2733 619 7539 6892 266 194 72 77 6626 153 109
internal_count=19717 1775 990 552 438 399 100 519 242 277 242 139 109 299 253 78 785 728 612 116 495 316 179 118 103 17942 276 217 91 186 151 61 126 69 175 129 95 105 4722 4686 208 81 13220 5540 5401 5362 7680 7636 5327 3387 2768 2733 619 7539 6892 266 194 72 77 6626 153 109
cat_boundaries=0 1 2 3
cat_threshold=1299 42 21
is_linear=0
shrinkage=0.05


Tree=139
num_leaves=63
num_cat=2
split_feature=9 24 16 16 17 9 6 16 19 14 16 14 15 15 7 15 5 1 3 16 8 5 4 17 15 1 1 18 4 17 24 17 18 17 14 17 16 14 2 6 5 17 8 16 18 16 18 6 1 3 16 15 15 7 1 11 17 18 6 14 16 6
split_gain=850291 1.22903e+06 1.12214e+06 1.19323e+06 1.35315e+06 1.19908e+06 1.26018e+06 1.15341e+06 1.14196e+06 1.69007e+06 1.11419e+06 3.03721e+06 1.53084e+06 1.47183e+06 3.18013e+06 2.04845e+06 3.62514e+06 1.93391e+06 1.86512e+06 1.40376e+06 1.18541e+06 1.15408e+06 2.75964e+06 1.5195e+06 1.70689e+06 1.22642e+06 1.17237e+06 1.16317e+06 1.10868e+06 1.47991e+06 940229 1.11843e+06 3.94678e+06 2.66921e+06 1.98878e+06 1.41239e+06 969421 2.00493e+06 933258 954856 925020 2.25894e+06 2.2133e+06 1.11697e+06 930087 1.18434e+06 1.33794e+06 911103 901830 865587 850730 850690 879339 829450 849740 811227 763826 1.66893e+06 1.32303e+06 989348 1.35176e+06 1.43851e+06
threshold=706.97558773770209 0 2.4450000000000007 7.1000000000000005 7.3000000000000007 890.77363216644062 6689.2500000000009 5.6500000000000012 3.5000000000000004 3.6550000000000007 3.7050000000000005 2.6850000000000005 0.54809905824903982 -0.19214478244127842 11500.062500000002 -0.30033018471460865 11475.500000000002 10411.500000000002 8176.5000000000009 3.5850000000000004 6388.7500000000009 7487.5000000000009 8893.0000000000018 3.5950000000000002 0.014593467685890415 11331.500000000002 4695.5000000000009 28.500000000000004 4613.5000000000009 7.1750000000000007 1 6.7650000000000015 1.5000000000000002 6.5100000000000007 4.9350000000000014 6.2800000000000002 6.3850000000000007 4.245000000000001 5025.5000000000009 5225.3750000000009 10712.500000000002 3.1450000000000005 10020.625000000002 3.2650000000000001 35.500000000000007 3.5850000000000004 22.500000000000004 9132.1250000000018 9220.0000000000018 5919.5000000000009 7.455000000000001 0.015157432828277053 -0.068180302190409006 9303.6875000000018 9427.5000000000018 869.41992545365997 4.8550000000000013 4.5000000000000009 4038.5000000000005 3.0750000000000006 5.3900000000000015 5605.3750000000009
decision_type=2 1 2 2 2 2 2 2 2 2 2 2 2 2 2 2 2 2 2 2 2 2 2 2 2 2 2 2 2 2 1 2 2 2 2 2 2 2 2 2 2 2 2 2 2 2 2 2 2 2 2 2 2 2 2 2 2 2 2 2 2 2
left_child=30 10 -3 4 5 6 38 8 -7 55 19 -12 13 15 17 -13 48 18 20 21 -15 26 -23 24 27 -25 -2 -24 29 -5 -1 33 -33 35 -35 40 -34 -38 -4 -40 42 -42 47 -43 45 46 -44 56 -17 50 -39 52 -28 -49 -55 -10 -32 58 -58 -59 61 -61
right_child=1 2 3 28 -6 7 -8 -9 9 -11 11 12 -14 14 -16 16 -18 -19 -20 -21 -22 22 23 25 -26 -27 51 -29 -30 -31 31 32 36 34 -36 -37 37 49 39 -41 41 43 44 -45 -46 -47 -48 53 -50 -51 -52 -53 -54 54 -56 -57 57 59 -60 60 -62 -63
leaf_value=-0.57080567173788921 -4.7458104650179544 -9.6476335207621275 -5.2590622772773115 3.8939567865644187 8.9166017193948068 -5.8375569918503372 -10.571849447589811 9.093867160252163 -4.1252378505865739 11.43713658469064 16.170056146563905 7.2049676892369297 -8.6204166332880661 3.3931302414490627 18.009524081692554 -3.8629535917584832 -20.349062765798262 -7.1108336091041568 12.233342509367029 -10.453669463756473 -5.8993246295235373 -16.707448585828146 -14.407355596905663 -0.70110338528951011 4.1340249208303597 12.350197118123374 2.944942669272423 -2.6398942856561569 -14.455118914912729 -10.356331083649083 0.1268491748462634 18.633154498206245 5.8545622137155426 -19.097503336014288 -1.5869530502487632 7.5152493144526638 -8.331051818193016 -5.3504741218354965 7.7587982568475944 -2.4490665844508581 5.6191043149593263 -15.800386613607408 8.359824041886764 -4.329227561799307 13.808774763537992 10.34872175138824 -4.6115469532012936 -11.328608652750653 6.2560201121914778 9.0130631962338015 2.5255896245439846 0.064498303428528803 13.881851218728457 -8.1858174266184083 1.6223817431737506 5.0058129481143432 3.5912167326167777 8.1707500636577617 16.182218153336471 -0.32733811853844447 -4.6665220625765693 12.489598113695781
leaf_weight=4722 48 54 123 35 31 72 59 35 75 35 33 43 42 156 33 76 31 52 49 43 44 33 42 45 39 30 40 42 34 38 11905 36 89 31 34 66 59 45 36 63 43 32 33 63 31 49 50 30 31 37 144 63 34 34 63 36 54 36 34 81 111 30
leaf_count=4722 48 54 123 35 31 72 59 35 75 35 33 43 42 156 33 76 31 52 49 43 44 33 42 45 39 30 40 42 34 38 11905 36 89 31 34 66 59 45 36 63 43 32 33 63 31 49 50 30 31 37 144 63 34 34 63 36 54 36 34 81 111 30
internal_value=-0.069163 -1.11309 -2.67631 -2.15594 -1.23906 -1.82862 -4.07679 0.668369 -0.684348 1.85696 -0.0056353 1.4316 0.558402 1.30697 3.27468 -2.32406 -5.29325 1.65923 3.49073 -1.85318 1.34879 -0.964187 -3.32098 -1.08991 -4.51022 4.51942 1.97862 -8.52362 -6.99744 -3.524 0.0341124 0.250423 2.82125 0.168336 -9.93814 0.219879 1.29925 -0.123281 -2.35063 1.26288 0.181904 -3.88936 0.226703 -8.1932 6.01507 4.18473 0.545745 0.150479 -0.931288 2.01946 0.650336 4.33463 7.97001 -4.06272 -1.81554 -1.16382 0.194155 2.50999 8.45592 0.481925 -0.764912 3.1367
internal_weight=19717 1775 726 672 565 534 281 253 218 146 1049 590 557 515 334 181 138 301 249 459 200 416 231 198 123 75 185 84 107 73 17942 13220 410 12810 65 12745 374 285 222 99 12679 138 12541 95 163 132 83 12378 107 226 189 137 74 127 97 111 12251 346 88 258 222 111
internal_count=19717 1775 726 672 565 534 281 253 218 146 1049 590 557 515 334 181 138 301 249 459 200 416 231 198 123 75 185 84 107 73 17942 13220 410 12810 65 12745 374 285 222 99 12679 138 12541 95 163 132 83 12378 107 226 189 137 74 127 97 111 12251 346 88 258 222 111
cat_boundaries=0 1 2
cat_threshold=1555 42
is_linear=0
shrinkage=0.05


Tree=140
num_leaves=63
num_cat=2
split_feature=9 24 11 11 0 11 18 12 9 0 12 1 4 5 15 16 16 17 9 0 8 19 12 24 17 18 17 14 17 16 14 5 12 8 14 15 15 16 15 4 17 6 3 16 7 1 10 10 15 3 9 15 16 9 9 3 10 1 15 3 18 5
split_gain=767365 1.17674e+06 1.14244e+06 1.45047e+06 1.18495e+06 2.17363e+06 1.18609e+06 2.55583e+06 3.86506e+06 2.21881e+06 1.82975e+06 1.14031e+06 1.12399e+06 2.42938e+06 1.02185e+06 963186 1.06247e+06 1.22077e+06 933546 1.20155e+06 1.20158e+06 919176 864329 848688 1.00938e+06 3.56197e+06 2.40896e+06 1.79487e+06 1.27468e+06 874902 1.80945e+06 834831 2.34301e+06 1.99751e+06 1.00324e+06 1.22609e+06 916520 1.80558e+06 1.88373e+06 822999 1.23689e+06 822271 781193 767784 748579 766891 746107 1.78257e+06 811382 991917 823609 979202 743834 723669 1.0582e+06 904795 2.06808e+06 2.76675e+06 958154 862506 1.57278e+06 1.07964e+06
threshold=706.97558773770209 0 927.54013843235236 869.41992545365997 8081.5000000000009 1019.579804422808 18.500000000000004 5.8150000000000004 1005.4342130189797 11358.000000000002 7.3750000000000009 6658.5000000000009 11266.000000000002 9863.0000000000018 0.027572764996482504 2.4450000000000007 7.1000000000000005 7.3000000000000007 823.29409419974218 5044.5000000000009 4474.8333333333348 10.500000000000002 6.6250000000000009 1 6.7650000000000015 1.5000000000000002 6.5100000000000007 4.9350000000000014 6.2800000000000002 6.3850000000000007 4.245000000000001 10712.500000000002 3.1450000000000005 10020.625000000002 3.5950000000000002 -0.10743674602327492 0.040766690960489356 3.7050000000000005 -0.054357204486626454 4526.5000000000009 7.1750000000000007 9132.1250000000018 5919.5000000000009 7.455000000000001 9303.6875000000018 9427.5000000000018 745.86447004928766 766.3146265286108 -0.21470588235294191 9363.5000000000018 602.64299145916277 -0.12085768816658725 5.6500000000000012 635.18209163751851 619.35443452931236 4108.5000000000009 485.2966967768329 6345.5000000000009 -0.0350751610594131 8931.0000000000018 28.500000000000004 6290.0000000000009
decision_type=2 1 2 2 2 2 2 2 2 2 2 2 2 2 2 2 2 2 2 2 2 2 2 1 2 2 2 2 2 2 2 2 2 2 2 2 2 2 2 2 2 2 2 2 2 2 2 2 2 2 2 2 2 2 2 2 2 2 2 2 2 2
left_child=23 2 3 12 11 -6 7 8 -7 14 -9 -4 13 21 -8 -3 17 18 19 20 -17 22 -2 -1 26 -26 28 -28 31 -27 -31 33 -33 41 -34 -36 37 38 -35 40 -18 46 43 -32 -43 -46 53 -48 -49 50 51 -50 -20 54 59 -55 -57 -58 -59 61 -61 -25
right_child=1 15 4 -5 5 6 9 10 -10 -11 -12 -13 -14 -15 -16 16 39 -19 52 -21 -22 -23 -24 24 25 29 27 -29 -30 30 42 32 34 36 35 -37 -38 -39 -40 -41 -42 44 -44 -45 45 -47 47 48 49 -51 -52 -53 -54 55 -56 56 57 58 -60 60 -62 -63
leaf_value=-0.54232569459671454 0.48946246062319709 -8.7777133573565571 -1.1165872234409138 11.362771794862219 -12.301729131627965 -5.6586428692466342 -5.7016075307672676 -12.16533979203966 14.856664969181194 -16.201150950263528 1.3748838933450838 10.08010294501846 -8.4120481031263861 12.896893360448439 6.1502837911728889 -4.5392106071351064 2.8367304755327032 8.4707716964906279 -1.0641027049265634 -7.7478428955770973 6.718363809585572 -5.4235757708549501 8.1921413863577506 0.19823305763596444 17.701496950785319 5.5618340083052606 -18.142627968326693 -1.5076054271529704 7.1394866087219944 -7.9144992731637878 -5.0829505231645378 6.1549209895588106 -15.405559213699835 13.196802392959595 -11.236575695962618 2.4992823064327241 11.350709743499756 -6.8352372260764245 -2.4907924006062174 -12.33357955247928 -9.8385146580244367 -10.762178090413412 8.5624100710894613 2.3993101690378453 -7.7765264840687029 1.5412627659146749 10.605822526557105 -3.5751687843493478 12.9050117077366 -6.0205878903788914 -4.1327431233723955 3.1598609744333754 5.5034598894119267 -1.6432584809732962 -5.4739095211029056 14.107444999384326 7.3379401548621592 -12.048201566934587 -0.44042569518089297 -1.3537550591133738 13.783675420284272 -1.6440982534337878
leaf_weight=4722 326 57 59 36 54 38 44 45 58 34 56 37 30 43 31 63 39 31 313 117 38 58 41 10556 36 89 31 34 66 59 45 42 31 50 33 32 50 32 31 39 38 30 37 144 34 63 56 76 31 31 30 153 50 91 86 43 97 32 40 37 32 860
leaf_count=4722 326 57 59 36 54 38 44 45 58 34 56 37 30 43 31 63 39 31 313 117 38 58 41 10556 36 89 31 34 66 59 45 42 31 50 33 32 50 32 31 39 38 30 37 144 34 63 56 76 31 31 30 153 50 91 86 43 97 32 40 37 32 860
internal_value=-0.0657194 -1.05743 0.100092 1.67067 -1.73695 -3.05315 -1.42104 0.894474 6.73602 -5.60597 -4.65789 3.1988 0.97004 1.57146 -0.802826 -2.48684 -2.02845 -1.19684 -1.71267 -4.29895 -0.303688 0.425589 1.34998 0.0323909 0.237902 2.68019 0.159919 -9.44123 0.208885 1.23429 -0.117117 0.172808 -3.6949 0.215368 -8.00419 -4.47431 5.71432 3.22034 7.19291 -6.41587 -3.41859 0.142955 1.91848 0.61782 -3.85959 -1.72477 0.184448 2.37429 0.938258 2.33834 3.54921 4.80171 -0.15948 0.11492 0.0517549 2.52708 4.31717 1.82616 -5.59944 0.0931312 5.6665 0.059445
internal_weight=19717 1775 990 534 456 360 306 197 96 109 101 96 498 468 75 785 728 612 581 218 101 425 367 17942 13220 410 12810 65 12745 374 285 12679 138 12541 96 65 163 113 81 116 77 12378 226 189 127 97 12251 377 321 245 214 184 363 11874 11571 303 212 169 72 11485 69 11416
internal_count=19717 1775 990 534 456 360 306 197 96 109 101 96 498 468 75 785 728 612 581 218 101 425 367 17942 13220 410 12810 65 12745 374 285 12679 138 12541 96 65 163 113 81 116 77 12378 226 189 127 97 12251 377 321 245 214 184 363 11874 11571 303 212 169 72 11485 69 11416
cat_boundaries=0 1 2
cat_threshold=1299 42
is_linear=0
shrinkage=0.05


Tree=141
num_leaves=63
num_cat=2
split_feature=25 17 14 10 3 5 1 16 12 3 10 12 13 16 16 4 0 1 18 5 17 14 15 16 14 13 18 12 13 8 2 10 10 14 10 5 10 16 14 9 17 18 16 4 10 18 24 15 5 14 16 17 18 0 5 1 8 14 14 10 16 5
split_gain=897078 1.42145e+06 1.81788e+06 1.20229e+06 1.44685e+06 2.38276e+06 1.52916e+06 2.03841e+06 2.94731e+06 1.48334e+06 1.4616e+06 1.90573e+06 2.43696e+06 1.59075e+06 3.58553e+06 2.89474e+06 1.17981e+06 1.36239e+06 1.16845e+06 1.62907e+06 1.61924e+06 2.74267e+06 4.12626e+06 1.6505e+06 2.35141e+06 1.9897e+06 2.10127e+06 1.70654e+06 1.52295e+06 1.33286e+06 1.19153e+06 1.66586e+06 1.14473e+06 1.13155e+06 1.99338e+06 1.12745e+06 1.1041e+06 1.07867e+06 1.58178e+06 1.04928e+06 1.03099e+06 1.01808e+06 1.00327e+06 984614 2.0292e+06 981129 973900 1.57929e+06 1.24926e+06 1.15608e+06 1.17255e+06 1.16646e+06 1.61761e+06 1.92947e+06 1.85867e+06 1.97177e+06 2.06057e+06 1.08686e+06 994305 1.04065e+06 958287 951068
threshold=0 8.1900000000000013 6.3750000000000009 1631.2668936365978 9363.5000000000018 8987.5000000000018 7781.5000000000009 3.5550000000000002 6.1950000000000012 7741.5000000000009 1307.2560509709017 5.7000000000000011 4.245000000000001 3.4250000000000003 3.2650000000000001 10576.000000000002 11358.000000000002 10995.000000000002 36.500000000000007 9196.5000000000018 2.6650000000000005 2.4550000000000005 0.55943719593100394 3.5450000000000004 4.1450000000000005 4.1450000000000005 47.500000000000007 3.6050000000000004 6.0850000000000009 10539.91666666667 4866.5000000000009 674.97776818662794 700.91566715217107 3.3150000000000004 683.04768653218775 11083.000000000002 717.58704648826722 7.7650000000000015 9.9400000000000031 180.16427685915812 2.7550000000000003 43.500000000000007 3.6350000000000002 5994.5000000000009 477.85181500287723 16.500000000000004 1 0.95810200828103242 7487.5000000000009 3.9050000000000007 4.5000000000000009 5.8150000000000004 3.5000000000000004 7930.0000000000009 5417.5000000000009 5985.5000000000009 6697.0000000000009 5.3900000000000015 3.4950000000000006 518.06297870899482 5.9300000000000006 3603.5000000000005
decision_type=1 2 2 2 2 2 2 2 2 2 2 2 2 2 2 2 2 2 2 2 2 2 2 2 2 2 2 2 2 2 2 2 2 2 2 2 2 2 2 2 2 2 2 2 2 2 1 2 2 2 2 2 2 2 2 2 2 2 2 2 2 2
left_child=1 3 -3 4 6 -6 9 40 45 -1 11 12 13 14 15 -7 17 18 19 46 32 22 -22 24 25 26 30 39 42 60 61 -32 43 34 -15 -17 -11 38 -4 -28 -8 -26 -25 -20 -45 -9 49 48 -48 50 58 52 57 54 -54 -56 -57 -51 -2 -60 -21 -23
right_child=16 2 37 -5 5 10 7 8 -10 36 -12 -13 -14 33 -16 35 -18 -19 20 29 21 23 -24 28 41 -27 27 -29 -30 -31 31 -33 -34 -35 -36 -37 -38 -39 -40 -41 -42 -43 -44 44 -46 -47 47 -49 -50 51 -52 -53 53 -55 55 56 -58 -59 59 -61 -62 -63
leaf_value=0.28634876990573005 0.35139337713444829 -1.8634641853968301 21.201389232758554 -7.2142104900800268 13.866569301356442 12.55833012999558 -12.544888720442268 0.63750528781140448 -11.76559210596858 0.95700496922839773 9.8004675608414882 11.533532077387761 -10.72728316585223 -8.6227096528717961 18.811493607128366 -5.742726401885351 -7.8937665328979492 7.9574451059687377 -0.45874787658232991 -13.837115355170504 3.101062132538976 1.1651558057673401 24.589762115478518 -9.0880574814108908 0.58804006997276759 12.913749131616555 10.172179967949265 16.300729100600531 7.6309044817660725 2.6515058678739214 10.491739393162057 -3.2488086879253388 -9.5912056778416481 -10.316118307602713 8.2800030734087979 4.6253554241077319 11.922318810201251 2.6245221281051636 5.4725973577210398 -1.3609017534953791 -2.3471975228725337 -11.180075060129166 -1.0779123833013136 11.918087124337957 -2.1974249313462457 10.56779934338161 -1.0665894805709613 10.158627268671991 7.0401745676994327 3.6676616530029147 -6.6030146291851999 8.7102881088256847 1.5187602621743894 -4.8805376754357264 15.651492680549621 -3.2215247001647955 13.35382049759229 -4.7366011138464321 -1.3007330154013363 -7.6822736214273251 -4.2219865881312977 -5.8473305974155672
leaf_weight=6798 1177 60 31 52 46 41 68 61 37 44 52 38 48 33 34 90 50 51 1905 49 74 354 32 43 34 53 38 46 47 34 71 32 33 39 37 37 48 40 33 41 39 40 430 49 53 42 4775 32 48 49 80 50 1033 104 50 50 30 179 353 78 55 56
leaf_count=6798 1177 60 31 52 46 41 68 61 37 44 52 38 48 33 34 90 50 51 1905 49 74 354 32 43 34 53 38 46 47 34 71 32 33 39 37 37 48 40 33 41 39 40 430 49 53 42 4775 32 48 49 80 50 1033 104 50 50 30 179 353 78 55 56
internal_value=0.0468849 0.460521 5.06715 0.362801 0.414426 3.0285 0.233122 -3.63233 0.338632 0.371695 1.91814 0.885697 -0.241372 1.37703 4.00384 1.00705 -0.229398 -0.196862 -0.232538 -0.555831 0.542576 1.858 9.58822 1.22033 2.69773 3.60488 2.83158 8.64464 -0.953147 -5.94258 1.41514 6.22283 -0.354364 -3.49099 0.311581 -2.7221 6.67804 9.06557 13.0912 4.18666 -8.82797 -5.7731 -1.80611 -0.202487 4.58356 4.68675 -0.463921 -0.910578 -0.985908 0.208994 -0.694921 1.19793 0.946676 1.64437 2.22785 7.86241 2.99423 -2.93042 -0.400986 -2.45563 -8.75219 0.207353
internal_weight=19606 7848 164 7684 7632 495 7137 247 140 6890 449 397 359 311 202 168 11758 11708 11657 8226 3431 1391 106 1285 765 691 638 125 520 138 513 103 2040 109 70 127 92 104 64 79 107 74 473 2007 102 103 8088 4855 4823 3233 1688 1545 1495 1267 1163 130 80 228 1608 431 104 410
internal_count=19606 7848 164 7684 7632 495 7137 247 140 6890 449 397 359 311 202 168 11758 11708 11657 8226 3431 1391 106 1285 765 691 638 125 520 138 513 103 2040 109 70 127 92 104 64 79 107 74 473 2007 102 103 8088 4855 4823 3233 1688 1545 1495 1267 1163 130 80 228 1608 431 104 410
cat_boundaries=0 1 2
cat_threshold=17 1921
is_linear=0
shrinkage=0.05


Tree=142
num_leaves=63
num_cat=0
split_feature=5 11 14 1 7 12 1 0 15 12 12 1 9 4 7 6 15 5 2 13 7 9 1 0 17 5 5 15 8 4 9 6 11 11 11 17 22 5 1 14 13 8 13 5 21 11 15 15 4 0 4 11 7 4 11 5 14 14 1 11 11 13
split_gain=828960 4.76447e+06 1.59285e+06 911311 858050 1.63626e+06 1.32716e+06 1.14984e+06 1.99989e+06 978868 1.5407e+06 1.09701e+06 910314 1.39467e+06 3.06098e+06 1.50463e+06 1.6088e+06 1.48131e+06 1.59174e+06 1.48767e+06 1.47425e+06 3.1004e+06 2.2554e+06 2.07455e+06 2.02931e+06 2.01463e+06 1.40388e+06 1.47178e+06 1.6008e+06 1.65837e+06 1.39377e+06 1.39151e+06 1.31957e+06 1.36228e+06 1.2497e+06 1.19565e+06 917032 1.09413e+06 1.56096e+06 1.03099e+06 1.34302e+06 3.60308e+06 1.70133e+06 1.29643e+06 2.99082e+06 1.7588e+06 1.40307e+06 1.73906e+06 1.29307e+06 1.25466e+06 1.21871e+06 1.66357e+06 1.14798e+06 1.82546e+06 1.14642e+06 1.59504e+06 1.10737e+06 1.26554e+06 2.24149e+06 1.61996e+06 1.09278e+06 1.33796e+06
threshold=11937.000000000002 1081.975543674517 6.5100000000000007 13053.500000000002 10847.875000000002 3.8350000000000004 11726.000000000002 11009.000000000002 0.01897605294456987 3.5850000000000004 3.0750000000000006 11331.500000000002 303.8598211399721 9801.0000000000018 7345.3125000000009 6819.0000000000009 -0.10968980662941441 7883.5000000000009 8547.0000000000018 3.5150000000000001 6066.6250000000009 251.90143571955718 6283.5000000000009 5818.5000000000009 3.1350000000000002 5344.5000000000009 5234.5000000000009 0.47868823477415384 5068.416666666667 5438.5000000000009 240.48146134818526 6321.2500000000009 549.30736000208015 400.12454455755102 316.8333073490997 4.3250000000000011 11.100000000000001 2961.5000000000005 3831.5000000000005 2.5650000000000004 2.7050000000000005 8797.7500000000018 2.7550000000000003 8197.5000000000018 1.0000000180025095e-35 1155.1668380063909 0.358902583902584 -0.063355372946253499 9320.0000000000018 7577.5000000000009 5898.0000000000009 553.18896436060481 9829.3750000000018 8893.0000000000018 854.31735545390086 9647.5000000000018 4.9350000000000014 3.4950000000000006 9650.5000000000018 677.11457188318002 523.97751781380578 8.9250000000000025
decision_type=2 2 2 2 2 2 2 2 2 2 2 2 2 2 2 2 2 2 2 2 2 2 2 2 2 2 2 2 2 2 2 2 2 2 2 2 2 2 2 2 2 2 2 2 2 2 2 2 2 2 2 2 2 2 2 2 2 2 2 2 2 2
left_child=3 -2 -3 4 7 9 -7 12 -9 10 11 -6 13 14 15 20 -17 19 -19 -16 23 24 -23 26 31 -25 -1 28 -28 -30 -27 -22 33 -31 35 -14 39 38 -38 52 41 49 -42 48 45 46 47 54 60 50 -41 -52 53 -36 55 -45 57 58 -49 -59 61 -44
right_child=1 2 -4 -5 5 6 -8 8 -10 -11 -12 -13 34 -15 17 16 -18 18 -20 -21 21 22 -24 25 -26 30 27 -29 29 32 -32 -33 -34 -35 36 -37 37 -39 -40 40 42 -43 43 44 -46 -47 -48 56 -50 -51 51 -53 -54 -55 -56 -57 -58 59 -60 -61 -62 -63
leaf_value=0.15639663835149981 14.74062459266792 -9.3416524569193538 4.6298470104441929 -8.1621227733352608 -7.8679047118785777 2.8991126075387004 16.23122806276594 2.7633984534971177 -14.561797565884062 -7.9302345267931615 8.3873880034998844 3.3619730559262369 -2.568451150964425 -8.4922471891509161 4.2611548637088985 2.0917422941236787 -12.13213304424286 -5.7493551812853134 8.8513117313385017 17.503368376692137 7.5768248602747921 22.594020803831519 5.1483533490787856 4.2621079117059706 -10.331994498116631 -4.835521288216114 -2.3862237990403377 13.045843620811191 10.782048964814138 3.7116495572603672 -17.749305188978042 -1.9360807586360622 8.660933779610529 -8.3173498064972637 -1.7415354471644269 3.7316524889411 0.17675768515763757 -1.7625469331795767 10.792817179152841 0.054569547924195765 -9.6969332123911656 18.178604103262359 1.3369586851030861 -6.1121788556062731 -13.981281542778015 7.1970101025144935 -12.109489890933038 -3.0644583805187331 9.8242248033222399 -6.7089872983785783 13.903668115536371 1.7461732412085813 6.9656412225781068 -13.655547654969352 -12.107724571228028 7.4301960865656547 10.321875359468601 4.6507548885960732 15.162375960811492 -10.203181171019873 -0.26081476037267642 11.099639619721309
leaf_weight=10578 59 51 34 34 43 40 35 31 36 30 57 44 923 45 38 33 50 35 40 48 80 32 44 32 35 48 119 35 76 52 37 74 45 43 395 82 390 1429 38 161 43 37 1396 79 48 59 32 37 38 39 48 68 33 35 42 30 34 31 31 45 1834 36
leaf_count=10578 59 51 34 34 43 40 35 31 36 30 57 44 923 45 38 33 50 35 40 48 80 32 44 32 35 48 119 35 76 52 37 74 45 43 395 82 390 1429 38 161 43 37 1396 79 48 59 32 37 38 39 48 68 33 35 42 30 34 31 31 45 1834 36
internal_value=0.0445406 3.82422 -3.75305 0.0165746 0.0308878 2.94714 9.12077 -0.0069738 -6.54566 0.286098 1.99783 -2.18843 0.0159486 0.293061 0.327219 0.230642 -6.47686 7.17336 2.03767 11.6522 0.279779 3.96525 12.4939 0.191514 0.535747 -6.43113 0.262289 3.28968 2.27038 4.83582 -10.4568 3.00569 1.60787 -1.73306 -0.413755 -2.05441 -0.159615 -1.09834 1.11931 0.216807 0.465456 3.41603 0.19244 0.305177 -2.15778 -0.806519 -2.11458 -1.14243 0.654046 1.6875 2.86968 6.77686 -2.02156 -2.71128 -5.08928 -2.38492 2.20575 0.289437 5.24483 -4.14434 0.547351 1.58239
internal_weight=19606 144 85 19462 19428 249 75 19179 67 174 144 87 19112 11619 11574 11413 83 161 75 86 11330 265 76 11065 189 117 10948 370 335 216 85 154 140 95 7493 1005 6488 1857 428 4631 4168 353 3815 3772 468 420 361 329 3304 316 277 116 463 430 151 109 178 144 68 76 3266 1432
internal_count=19606 144 85 19462 19428 249 75 19179 67 174 144 87 19112 11619 11574 11413 83 161 75 86 11330 265 76 11065 189 117 10948 370 335 216 85 154 140 95 7493 1005 6488 1857 428 4631 4168 353 3815 3772 468 420 361 329 3304 316 277 116 463 430 151 109 178 144 68 76 3266 1432
is_linear=0
shrinkage=0.05


Tree=143
num_leaves=63
num_cat=1
split_feature=25 17 14 0 1 16 14 15 19 5 17 14 13 16 14 13 13 1 4 8 3 19 5 6 15 4 21 12 17 2 13 17 0 0 14 8 3 2 16 15 11 16 4 4 11 7 0 11 15 16 1 12 8 1 19 4 19 2 5 6 2 8
split_gain=803349 1.29683e+06 1.62534e+06 1.03675e+06 1.18187e+06 981664 1.43381e+06 885111 837298 1.59448e+06 1.35932e+06 1.62392e+06 4.91558e+06 1.48131e+06 1.99096e+06 1.85836e+06 1.78971e+06 1.32382e+06 1.34949e+06 1.26461e+06 984362 904674 927568 1.09721e+06 1.1346e+06 1.04924e+06 824529 3.11872e+06 1.01377e+06 2.50548e+06 1.69423e+06 1.01247e+06 837446 1.59788e+06 2.07467e+06 1.9398e+06 830900 2.43357e+06 1.79603e+06 2.062e+06 1.37643e+06 1.37629e+06 3.85228e+06 1.49514e+06 1.27855e+06 1.49941e+06 2.5169e+06 2.05935e+06 2.71482e+06 1.22135e+06 2.23514e+06 1.68436e+06 1.19627e+06 1.70067e+06 1.16462e+06 1.15767e+06 1.05527e+06 1.72313e+06 1.2004e+06 1.02989e+06 1.18638e+06 1.49131e+06
threshold=0 8.1900000000000013 6.3750000000000009 11358.000000000002 10995.000000000002 7.7650000000000015 9.9400000000000031 1.0805156550320125 8.5000000000000018 9196.5000000000018 2.4350000000000005 2.5450000000000004 3.3050000000000002 3.5450000000000004 4.1450000000000005 4.1450000000000005 7.410000000000001 6791.5000000000009 5994.5000000000009 10539.91666666667 8017.5000000000009 10.500000000000002 3116.5000000000005 2664.2500000000005 0.072097536423876923 4545.5000000000009 1.0000000180025095e-35 6.6250000000000009 6.4750000000000005 6390.5000000000009 6.4450000000000012 6.3350000000000009 3496.5000000000005 5644.5000000000009 2.7750000000000004 6758.041666666667 9591.0000000000018 9409.0000000000018 4.7150000000000007 -0.22238850701674875 1454.1591851786363 3.2650000000000001 11266.000000000002 10836.000000000002 603.29784342036021 6342.5000000000009 5913.5000000000009 418.09784785107433 -0.033149171270719202 3.5450000000000004 7659.0000000000009 4.2150000000000007 6834.791666666667 7013.0000000000009 5.5000000000000009 10029.500000000002 11.500000000000002 6124.5000000000009 5694.5000000000009 6000.8750000000009 5845.5000000000009 5330.7083333333348
decision_type=1 2 2 2 2 2 2 2 2 2 2 2 2 2 2 2 2 2 2 2 2 2 2 2 2 2 2 2 2 2 2 2 2 2 2 2 2 2 2 2 2 2 2 2 2 2 2 2 2 2 2 2 2 2 2 2 2 2 2 2 2 2
left_child=1 7 -3 4 8 6 -4 26 9 -2 17 12 -12 14 15 20 -15 18 -10 -11 21 -13 23 24 -23 -24 28 32 31 30 -30 36 -28 -34 -35 -36 44 -38 39 -39 41 43 -43 -41 45 46 59 48 -47 50 52 54 -49 -54 -51 -46 57 58 -48 60 61 -1
right_child=3 2 5 -5 -6 -7 -8 -9 10 19 11 13 -14 16 -16 -17 -18 -19 -20 -21 -22 22 25 -25 -26 -27 27 -29 29 -31 -32 -33 33 34 35 -37 37 38 -40 40 -42 42 -44 -45 55 47 56 49 -50 51 -52 -53 53 -55 -56 -57 -58 -59 -60 -61 -62 -63
leaf_value=0.65819408922787581 -0.41903883594425412 -1.719502762158712 20.176438879197647 -7.4038165607452404 7.40624152024587 2.4699481964111332 5.2014245712395875 -6.8130582898162135 -0.55073998427491155 -8.663684575697955 2.2299937300521173 0.37708199812908366 23.664133187197152 -1.5937737037261872 -5.2700576402246959 11.623493123773871 10.9283766746521 -9.8318374221389373 6.0354178737711024 2.4709912762922404 11.182624077200892 1.2649282735586167 -3.4563175699604098 14.504269608329324 11.217450031780061 5.8168756604194645 0.3503938996815123 13.360939952305385 -7.7076727765671755 -11.919511451039996 3.5179043345784735 8.4939139296368857 -5.2477177717468955 12.849694492816926 5.0282906197584598 -8.2710127879833362 13.732284672525195 -9.1174704856872548 11.225503104073661 10.197412627538046 -5.9101621826489774 -2.2645665187835693 16.995765113830569 -2.3034471546455637 -0.77309119914259228 21.8214403889396 -5.3299196818295655 -3.2341530638081686 3.9132662309428392 17.936521868407727 -11.353458881378174 -0.36308678167481578 15.063122621178628 -0.58137783157198053 4.3384965327478229 -10.724217071533204 3.4803926606332105 1.7699043941497803 -15.421689920012767 9.7430511856451645 -4.6434506651647389 5.0275125144167649
leaf_weight=4123 7787 60 31 50 51 40 33 43 1954 102 163 396 32 584 80 58 30 37 81 34 30 90 67 34 42 56 256 35 47 56 118 41 308 30 52 58 45 50 42 30 48 50 54 118 1134 33 68 56 59 32 40 62 32 38 31 30 31 45 52 32 100 205
leaf_count=4123 7787 60 31 50 51 40 33 43 1954 102 163 396 32 584 80 58 30 37 81 34 30 90 67 34 42 56 256 35 47 56 118 41 308 30 52 58 45 50 42 30 48 50 54 118 1134 33 68 56 59 32 40 62 32 38 31 30 31 45 52 32 100 205
internal_value=0.0423136 0.433747 4.83381 -0.219135 -0.188639 8.61456 12.4549 0.340401 -0.221867 -0.512778 0.395401 1.46058 5.74739 0.890758 2.23875 3.01586 -0.981942 -0.459003 -0.288588 -5.88002 2.31762 1.92937 4.05638 6.49471 4.43164 0.765624 0.380657 -1.20666 0.550611 -2.78118 0.320316 0.660823 -1.9309 -3.2345 1.19459 -1.98407 0.612456 2.71973 1.45553 0.283135 1.8499 3.32801 7.73599 0.230511 0.463999 0.80901 0.561637 3.81623 10.3369 1.75473 -1.05616 5.48761 2.21282 6.57039 11.2454 -1.02956 -4.9838 -6.57404 -9.70302 0.805338 0.740747 0.865151
internal_weight=19606 7848 164 11758 11708 104 64 7684 11657 7923 3734 1662 195 1467 853 773 614 2072 2035 136 715 685 289 166 132 123 7641 739 6902 221 165 6681 704 448 140 110 6640 437 392 350 300 252 104 148 6203 5039 4656 383 92 291 166 125 126 70 63 1164 196 165 120 4460 4428 4328
internal_count=19606 7848 164 11758 11708 104 64 7684 11657 7923 3734 1662 195 1467 853 773 614 2072 2035 136 715 685 289 166 132 123 7641 739 6902 221 165 6681 704 448 140 110 6640 437 392 350 300 252 104 148 6203 5039 4656 383 92 291 166 125 126 70 63 1164 196 165 120 4460 4428 4328
cat_boundaries=0 1
cat_threshold=17
is_linear=0
shrinkage=0.05


Tree=144
num_leaves=63
num_cat=2
split_feature=5 15 15 5 8 4 18 15 15 2 2 10 4 16 2 12 14 16 15 15 15 16 10 24 3 3 2 2 7 16 15 12 15 13 0 18 13 18 15 7 5 9 9 15 10 10 15 7 6 2 24 4 4 3 17 9 7 3 6 16 5 18
split_gain=2.49019e+06 3.8413e+06 2.28915e+06 905646 1.97963e+06 2.11141e+06 1.71566e+06 1.61609e+06 1.73709e+06 1.35057e+06 1.68808e+06 1.22153e+06 1.16134e+06 1.11096e+06 1.71639e+06 1.0693e+06 1.45361e+06 2.29656e+06 1.22486e+06 2.02416e+06 1.74585e+06 1.13837e+06 925158 887496 873191 1.04862e+06 1.69276e+06 1.20278e+06 1.53239e+06 2.12675e+06 1.12394e+06 1.96915e+06 1.10255e+06 785925 724552 708611 678529 1.20849e+06 690330 1.29149e+06 2.23545e+06 1.29204e+06 1.04373e+06 1.01717e+06 1.38817e+06 1.01313e+06 1.01106e+06 1.66481e+06 1.61426e+06 1.04365e+06 973361 1.13792e+06 1.52639e+06 1.03086e+06 1.69877e+06 949781 959267 919967 870148 1.18156e+06 838771 1.05287e+06
threshold=11937.000000000002 0.10144875414336497 -0.11365130911305052 8987.5000000000018 10020.625000000002 9320.0000000000018 38.500000000000007 0.47868823477415384 0.20007022368813673 10378.500000000002 9623.0000000000018 776.88118820193029 10836.000000000002 3.5150000000000001 8760.0000000000018 4.5750000000000011 3.9150000000000005 3.2750000000000004 -0.068180302190409006 0.040766690960489356 0.096992722290778044 3.3050000000000002 954.68496444119216 0 7340.5000000000009 6009.5000000000009 6713.5000000000009 5540.5000000000009 5263.1875000000009 3.2250000000000005 0.014593467685890415 4.1950000000000012 -0.24081821479681773 1.9950000000000003 6484.5000000000009 46.500000000000007 2.0850000000000004 41.500000000000007 -0.23601012270414892 8004.1250000000009 7755.5000000000009 205.55929800076225 195.65562853911629 -0.21470588235294191 290.57527607370571 501.90621417085566 -0.19214478244127842 4734.4375000000009 5026.6250000000009 9623.0000000000018 1 5326.0000000000009 4216.5000000000009 4606.5000000000009 1.8900000000000001 279.80789518928674 4426.9375000000009 8176.5000000000009 6191.5000000000009 4.1950000000000012 3258.5000000000005 7.5000000000000009
decision_type=2 2 2 2 2 2 2 2 2 2 2 2 2 2 2 2 2 2 2 2 2 2 2 1 2 2 2 2 2 2 2 2 2 2 2 2 2 2 2 2 2 2 2 2 2 2 2 2 2 2 1 2 2 2 2 2 2 2 2 2 2 2
left_child=3 2 -2 12 7 -6 15 8 9 10 11 13 23 -5 -15 16 18 -18 21 22 -21 -7 -20 24 25 26 27 28 -1 -30 31 -31 -29 35 -27 -25 37 -35 39 40 41 42 45 44 -40 -38 47 -45 -49 -48 55 52 60 -54 -55 56 -43 -41 -50 -60 -52 -62
right_child=1 -3 -4 4 5 6 -8 -9 -10 -11 -12 -13 -14 14 -16 -17 17 -19 19 20 -22 -23 -24 33 -26 34 -28 32 29 30 -32 -33 -34 36 -36 -37 38 -39 43 57 -42 50 -44 46 -46 -47 49 48 58 -51 51 -53 53 54 -56 -57 -58 -59 59 -61 61 -63
leaf_value=-0.33393665402479172 8.393821036815643 19.758430604934695 -6.4863825604319576 -7.9432406025055133 11.032047569184076 -4.8518688572777648 7.5771805939850978 -15.51902500241995 5.5717824259469673 4.4352517159779863 -16.562151963001973 -10.779208433403159 9.8890558735529588 -5.5600028761227929 11.353462638060252 -9.7980604735704588 15.469683928643503 -3.7764493911497059 -6.662023755695138 8.4964739812387009 -6.1648674477471248 6.626617810902772 -17.428231734614219 -3.3658397171646359 7.2161444463227928 -2.5369331038322804 10.843065974291633 1.6750013895332814 12.915849041480286 -11.599605819157192 6.9167718767080206 5.7051705221976006 -6.0498402191572884 0.62313462108014583 -10.341351383262211 4.817039634386699 -1.3776602487512339 11.115439651070572 2.7191391756901377 13.85199118750436 -12.365522810618083 4.8839685981338086 -9.7123089082313303 -0.31835376261228543 -5.2533587256303207 8.3704017419492214 0.25001776970536799 17.339726964632671 -0.56113137731365137 -7.2217378530096497 5.7619775069843646 -3.9387704298737347 -0.25386171113877071 15.844139100094232 3.1991864105750776 3.3884605059297246 16.915355065663658 2.0239394649382563 1.7266505805885091 15.223556398576306 6.8162248637941154 -2.4483341235469509
leaf_weight=7554 56 40 48 39 42 36 54 32 43 30 37 53 30 30 30 39 31 31 56 37 45 54 31 224 38 171 34 64 52 35 43 31 166 83 36 30 239 41 78 35 30 37 33 166 182 30 8316 30 51 47 55 89 42 49 58 199 30 31 34 31 36 207
leaf_count=7554 56 40 48 39 42 36 54 32 43 30 37 53 30 30 30 39 31 31 56 37 45 54 31 224 38 171 34 64 52 35 43 31 166 83 36 30 239 41 78 35 30 37 33 166 182 30 8316 30 51 47 55 89 42 49 58 199 30 31 34 31 36 207
internal_value=0.0395746 6.59059 1.52603 -0.00875999 -1.71252 0.350113 -0.733561 -4.91172 -3.61617 -5.4202 -6.98455 -4.65316 0.0593288 -1.37356 2.89673 -1.98017 -1.03034 5.84662 -2.67656 -5.18579 0.450616 2.03522 -10.4983 0.0435904 -0.345268 -0.380791 -0.289641 -0.337283 -0.231061 4.59577 0.626562 -3.4716 -3.90032 0.34778 -3.89422 -2.39936 0.416135 4.09236 0.371157 1.49717 1.10145 1.4674 -1.32005 0.21993 -2.86161 -0.290516 0.312287 3.10694 7.00144 0.208027 2.51703 1.20181 2.25222 6.38425 8.98987 4.93649 10.2712 8.29639 4.32775 8.16364 0.1862 -1.07581
internal_weight=19661 144 104 19517 750 456 414 294 262 219 189 152 18767 99 60 360 321 62 259 169 82 90 87 18737 8224 8186 7979 7945 7715 161 109 66 230 10513 207 254 10259 124 10135 1200 1134 1104 302 8935 260 269 8675 312 146 8363 802 536 447 149 107 266 67 66 116 65 298 243
internal_count=19661 144 104 19517 750 456 414 294 262 219 189 152 18767 99 60 360 321 62 259 169 82 90 87 18737 8224 8186 7979 7945 7715 161 109 66 230 10513 207 254 10259 124 10135 1200 1134 1104 302 8935 260 269 8675 312 146 8363 802 536 447 149 107 266 67 66 116 65 298 243
cat_boundaries=0 1 2
cat_threshold=314 1089
is_linear=0
shrinkage=0.05


Tree=145
num_leaves=63
num_cat=1
split_feature=5 15 1 1 11 5 16 18 16 13 15 15 13 3 10 0 13 11 16 10 0 24 16 6 15 9 16 16 4 14 11 6 9 4 9 14 15 1 0 13 16 13 4 11 15 13 1 4 3 5 13 5 15 15 9 7 8 5 13 15 22 6
split_gain=2.24739e+06 3.46677e+06 2.25279e+06 998880 1.05917e+06 870815 1.83674e+06 1.94606e+06 1.48337e+06 1.94058e+06 1.3329e+06 1.90632e+06 2.1886e+06 1.94529e+06 1.29239e+06 927156 911754 904346 1.55757e+06 1.52898e+06 1.30325e+06 782740 820413 1.30218e+06 3.06154e+06 1.23626e+06 1.17671e+06 1.08821e+06 996542 1.40199e+06 919654 817550 757154 750824 702561 1.57251e+06 1.85942e+06 1.48815e+06 1.79373e+06 1.27619e+06 1.56647e+06 1.21133e+06 996738 1.09332e+06 1.51077e+06 1.68105e+06 1.34587e+06 1.13433e+06 996272 1.15981e+06 1.67215e+06 1.09532e+06 2.47356e+06 1.51173e+06 1.96203e+06 2.34791e+06 1.73101e+06 1.21279e+06 1.58525e+06 1.27929e+06 1.77068e+06 1.02145e+06
threshold=11937.000000000002 0.10144875414336497 13053.500000000002 13053.500000000002 1615.8184432060948 8987.5000000000018 4.955000000000001 11.500000000000002 5.9300000000000006 5.7900000000000009 -0.22238850701674875 -0.088399294485328989 2.8650000000000007 12230.000000000002 745.86447004928766 9876.0000000000018 2.5250000000000004 690.45793552102498 3.7550000000000003 581.99689820407787 9667.5000000000018 0 3.5250000000000004 5092.8750000000009 0.0031347962382435534 317.25403815235376 2.8050000000000002 3.2150000000000003 5287.5000000000009 2.7550000000000003 421.38006938414958 6554.6250000000009 396.32199541265214 5541.5000000000009 706.97558773770209 2.3650000000000007 0.37509228813874651 7659.0000000000009 7032.5000000000009 4.1650000000000009 3.3550000000000004 9.2600000000000016 10296.000000000002 475.55343748138193 0.58225785601172098 5.1800000000000006 8228.5000000000018 9801.0000000000018 7875.5000000000009 7094.5000000000009 3.7150000000000003 6123.5000000000009 0.24918186410524851 0.12128146453088819 288.96914389088107 6286.6875000000009 6697.0000000000009 5574.5000000000009 3.3650000000000007 -0.30033018471460865 9.3500000000000014 6094.6250000000009
decision_type=2 2 2 2 2 2 2 2 2 2 2 2 2 2 2 2 2 2 2 2 2 1 2 2 2 2 2 2 2 2 2 2 2 2 2 2 2 2 2 2 2 2 2 2 2 2 2 2 2 2 2 2 2 2 2 2 2 2 2 2 2 2
left_child=3 2 -2 4 5 15 7 -7 -8 -10 -9 12 -12 16 -14 21 -13 19 20 -18 -19 22 23 25 26 -1 -25 -28 31 -30 -31 -24 -26 -32 42 -36 37 41 -39 40 -40 -37 43 46 47 -46 48 -45 49 51 -51 57 53 54 -53 -56 -57 59 -59 60 -23 -60
right_child=1 -3 -4 -5 -6 6 8 10 9 -11 11 13 14 -15 -16 -17 17 18 -20 -21 -22 34 28 24 32 -27 27 -29 29 30 33 -33 -34 -35 35 36 -38 38 39 -41 -42 -43 -44 44 45 -47 -48 -49 -50 50 -52 52 -54 -55 55 56 -58 58 61 -61 -62 -63
leaf_value=0.34690082243886078 -3.6789324743407117 18.770508871078491 12.008749888924992 -8.6999731026815663 8.1342560005187998 11.666789180040361 -14.421130366552445 -9.1612098113350253 -13.247059854784528 0.33353406989967432 16.534982597827913 -9.8695390365225215 -4.9014605896813528 8.3986319144566846 8.3210904439290356 6.6574695866062958 -2.9181781392986492 5.474914428955171 -13.365333816879676 10.945529970626037 -5.5604595223417537 7.9408207235750083 -0.6864060615600911 2.399606464443536 2.2679377826054892 -2.2086521564951065 16.835617882140138 6.0761096244162704 5.3130166649818422 -13.166519188880921 -9.6299117989010288 6.6823254961716501 -7.7426353248895383 -2.2245942469243403 -9.0067325692427787 -1.431690554203463 -9.7362016743304682 12.71953625627186 -2.5210991648740548 -6.9298178618294859 10.753231525421143 7.3206099964323501 -7.8499212556415134 0.99893700992930767 15.901524646862136 1.5148775249057347 -9.0046048653125776 10.059418648311071 9.1370772061809422 -10.723187638356769 2.1209793355729842 -2.7672405347591496 15.983826746660121 -8.7364758768389308 -3.2278406911426121 20.063860877784524 5.2315780965345251 0.89102177674953753 -9.3682941184594082 0.12005422148530583 -2.0503099328279499 -0.20636849292488987
leaf_weight=3147 70 40 34 33 40 32 42 46 37 91 32 47 42 39 33 53 59 41 38 30 77 121 3992 58 30 557 47 47 36 32 45 38 51 143 57 673 51 46 43 35 46 42 36 2653 37 45 40 35 31 58 45 82 34 31 36 37 42 130 104 5779 70 43
leaf_count=3147 70 40 34 33 40 32 42 46 37 91 32 47 42 39 33 53 59 41 38 30 77 121 3992 58 30 557 47 47 36 32 45 38 51 143 57 673 51 46 43 35 46 42 36 2653 37 45 40 35 31 58 45 82 34 31 36 37 42 130 104 5779 70 43
internal_value=0.0375959 6.26106 1.44973 -0.008322 0.00639903 -0.0103215 -1.76005 -0.275037 -6.26751 -3.59211 -1.06458 -0.214248 5.58742 -2.08971 0.916462 0.053668 -3.49055 -2.26683 -4.56132 1.75498 -1.72613 0.0349564 -0.33002 0.19067 3.81628 -0.037398 8.00019 11.4559 -0.809083 -3.83407 -5.33087 -0.616924 -4.03502 -3.99714 0.321284 -0.943802 -0.452791 0.0821857 4.28704 1.15885 4.33979 -0.917569 0.454011 0.485635 1.32086 8.00641 0.139447 1.11691 0.194507 0.15258 -5.11166 0.235883 3.40302 1.52694 3.142 7.35554 12.1783 0.103052 -3.1312 0.253117 4.27915 -6.68828
internal_weight=19661 144 104 19517 19484 19444 686 516 170 128 484 438 107 331 75 18758 292 245 156 89 118 18705 8223 3937 233 3704 152 94 4286 256 220 4030 81 188 10482 993 936 885 170 124 89 715 9489 9453 2770 82 6683 2688 6643 6612 103 6509 262 228 197 115 79 6247 277 5970 191 147
internal_count=19661 144 104 19517 19484 19444 686 516 170 128 484 438 107 331 75 18758 292 245 156 89 118 18705 8223 3937 233 3704 152 94 4286 256 220 4030 81 188 10482 993 936 885 170 124 89 715 9489 9453 2770 82 6683 2688 6643 6612 103 6509 262 228 197 115 79 6247 277 5970 191 147
cat_boundaries=0 1
cat_threshold=314
is_linear=0
shrinkage=0.05


Tree=146
num_leaves=63
num_cat=1
split_feature=5 15 1 1 11 5 16 18 16 13 2 15 15 10 11 17 13 16 2 15 10 2 10 1 18 10 9 1 9 13 9 10 10 5 5 18 10 11 22 1 7 3 9 7 17 12 16 16 2 17 16 25 2 2 10 7 9 10 1 2 1 13
split_gain=2.02827e+06 3.12876e+06 2.03314e+06 901490 955899 785911 1.65766e+06 1.75632e+06 1.33874e+06 1.75137e+06 1.22614e+06 1.20294e+06 1.73049e+06 2.39834e+06 1.45008e+06 1.22012e+06 1.86849e+06 2.331e+06 1.40304e+06 1.05069e+06 927602 892985 771587 787250 1.26967e+06 1.56967e+06 1.70724e+06 1.48913e+06 1.28746e+06 1.6721e+06 2.74043e+06 2.03664e+06 1.73029e+06 1.69229e+06 1.55655e+06 1.40914e+06 1.24518e+06 1.28871e+06 1.01813e+06 936255 1.53107e+06 925460 875556 902972 863577 1.15618e+06 1.25263e+06 1.13387e+06 935803 855058 2.14488e+06 928137 1.2505e+06 1.43336e+06 1.17242e+06 3.59196e+06 1.14893e+06 1.70216e+06 1.15819e+06 1.14196e+06 1.80908e+06 1.19443e+06
threshold=11937.000000000002 0.10144875414336497 13053.500000000002 13053.500000000002 1615.8184432060948 8987.5000000000018 4.955000000000001 11.500000000000002 5.9300000000000006 5.7900000000000009 8760.0000000000018 -0.22238850701674875 -0.068180302190409006 766.3146265286108 677.11457188318002 3.2350000000000008 3.0850000000000004 2.5950000000000002 10661.500000000002 0.033333333333331688 658.35832580345334 10108.000000000002 1307.2560509709017 7277.0000000000009 7.5000000000000009 1020.7108971356332 912.70811461809353 8228.5000000000018 224.14457729707081 3.5850000000000004 336.05195416081227 477.85181500287723 411.93480709408033 7883.5000000000009 7883.5000000000009 38.500000000000007 481.2649620776038 505.85428254536743 7.8600000000000003 6936.5000000000009 7345.3125000000009 6638.0000000000009 1089.2495048815579 5874.2500000000009 4.3450000000000006 3.2350000000000008 3.6750000000000003 3.3550000000000004 7359.5000000000009 7.5600000000000014 5.1800000000000006 0 7538.5000000000009 7269.5000000000009 840.32627862978347 6176.0625000000009 496.5607533202936 609.25213734183512 5985.5000000000009 6653.5000000000009 6467.5000000000009 3.6450000000000005
decision_type=2 2 2 2 2 2 2 2 2 2 2 2 2 2 2 2 2 2 2 2 2 2 2 2 2 2 2 2 2 2 2 2 2 2 2 2 2 2 2 2 2 2 2 2 2 2 2 2 2 2 2 1 2 2 2 2 2 2 2 2 2 2
left_child=3 2 -2 4 5 21 7 -7 -8 -10 -11 -9 13 14 -13 20 -17 -18 19 -19 -14 22 23 39 41 26 28 -28 34 30 -30 32 -32 38 -26 36 37 -31 -33 40 42 -25 49 -44 45 46 48 -47 -41 51 -51 54 53 -53 56 -56 57 59 -59 60 -1 -61
right_child=1 -3 -4 -5 -6 6 8 11 9 10 -12 12 15 -15 -16 16 17 18 -20 -21 -22 -23 -24 24 25 -27 27 -29 29 35 31 33 -34 -35 -36 -37 -38 -39 -40 44 -42 -43 43 -45 -46 47 -48 -49 -50 50 -52 52 -54 -55 55 -57 -58 58 -60 61 -62 -63
leaf_value=0.69413705496138112 -3.4949857040813992 17.831983432769775 11.40831200655769 -8.2649747841285954 7.7275431999564184 11.083449906110765 -13.700073550996326 -8.7031494555266011 -12.584706937944567 -7.0245351380961285 4.9052279404231482 5.310798221013763 -1.3400477357344194 12.935674871848182 -8.1193566547857738 10.512549751334721 9.0660585117340098 -3.428297225313802 1.2402878257361325 -15.907306704650054 -10.102224670951045 6.7920106731507248 -5.6276213407516487 11.455609248234676 14.21233365138372 -6.7856092760639815 2.2589158227046329 15.50761298882334 -6.8291810176411616 -3.2593998539447782 5.2965562471529335 -7.5270980221695369 20.950478589150215 9.6237031190291695 -0.9435203731060029 -11.79845069494003 -3.811712922593077 10.863039714268275 2.7447553006502297 -12.430482974222729 9.137138726400293 1.7195939343908559 -1.0100178451072879 -9.8244802967707319 -10.186579156603132 6.7446545234748303 3.1101659744016588 -2.376846429260298 -1.4869687525431317 14.883917055976006 1.2472745024696101 -0.20135654003329884 -9.6375437491280707 9.5228829412083886 -2.3693119230724515 20.28321784337362 -1.6543960473941137 3.9614455104893089 14.831132959550429 0.24314173184908353 10.309631377935411 -12.905644066872137
leaf_weight=2257 70 40 34 33 40 32 42 46 37 35 56 44 55 52 37 36 35 31 44 37 67 49 60 52 36 62 48 38 61 30 41 45 31 46 32 39 167 35 52 56 46 46 82 45 35 56 31 87 30 31 413 13735 35 38 42 30 471 117 31 39 50 31
leaf_count=2257 70 40 34 33 40 32 42 46 37 35 56 44 55 52 37 36 35 31 44 37 67 49 60 52 36 62 48 38 61 30 41 45 31 46 32 39 167 35 52 56 46 46 82 45 35 56 31 87 30 31 413 13735 35 38 42 30 471 117 31 39 50 31
internal_value=0.0357161 5.94801 1.37725 -0.00790589 0.00607909 -0.00980543 -1.67205 -0.261285 -5.95414 -3.4125 0.316858 -1.01135 -0.203536 4.55574 -0.823964 -2.27889 0.303218 -2.19703 -5.71674 -10.2183 -6.15206 0.0509846 0.0333295 0.0515426 1.52814 0.840015 1.51446 8.11299 0.591743 -0.214862 2.52443 5.17824 12.0364 1.72516 7.08017 -3.00469 -1.52643 4.34499 -2.02054 -0.0199295 0.0271772 6.88564 0.00315824 -4.13325 -2.81328 -1.82072 -5.50685 1.19521 -8.61298 0.0334887 2.19938 -0.023495 -0.19837 -0.174527 0.76172 7.06924 0.61268 1.03557 6.2382 0.711635 0.902535 -5.57989
internal_weight=19661 144 104 19517 19484 19444 686 516 170 128 91 484 438 133 81 305 183 147 112 68 122 18758 18709 18649 861 763 701 86 615 547 276 215 72 143 68 271 232 65 97 17788 17493 98 17447 127 295 260 117 143 86 17320 444 16876 13808 13773 3068 72 2996 2525 148 2377 2307 70
internal_count=19661 144 104 19517 19484 19444 686 516 170 128 91 484 438 133 81 305 183 147 112 68 122 18758 18709 18649 861 763 701 86 615 547 276 215 72 143 68 271 232 65 97 17788 17493 98 17447 127 295 260 117 143 86 17320 444 16876 13808 13773 3068 72 2996 2525 148 2377 2307 70
cat_boundaries=0 1
cat_threshold=16
is_linear=0
shrinkage=0.05


Tree=147
num_leaves=63
num_cat=3
split_feature=7 14 4 10 18 19 11 17 1 10 12 12 12 2 24 9 17 17 14 14 12 4 10 9 10 25 14 13 13 12 17 12 2 14 18 24 13 17 17 14 9 11 11 14 2 6 11 13 11 14 14 14 2 11 18 14 10 2 14 21 3 9
split_gain=1.10239e+06 1.43787e+06 802340 1.39223e+06 770969 1.5004e+06 1.39548e+06 1.04891e+06 1.19435e+06 1.71174e+06 1.1722e+06 5.09242e+06 1.30495e+06 1.15125e+06 1.03892e+06 1.25602e+06 973235 1.39015e+06 1.86515e+06 1.9846e+06 3.41359e+06 1.54032e+06 1.41586e+06 2.14419e+06 1.49331e+06 1.10817e+06 1.17747e+06 1.00122e+06 895714 901302 867645 909312 850111 833214 1.13627e+06 1.49471e+06 2.03559e+06 2.33189e+06 1.85764e+06 974144 828176 1.28055e+06 2.60611e+06 1.14951e+06 935038 872194 821039 819913 1.23639e+06 1.21433e+06 1.15013e+06 814959 1.2732e+06 1.51886e+06 1.44086e+06 1.28399e+06 892207 806002 789231 759302 1.11967e+06 1.60327e+06
threshold=12634.562500000002 4.2150000000000007 12173.500000000002 766.3146265286108 33.500000000000007 5.5000000000000009 323.53480901224361 3.0450000000000004 9863.0000000000018 717.58704648826722 6.1950000000000012 6.660000000000001 4.3450000000000006 6856.0000000000009 0 104.09670817838045 7.0450000000000008 3.7750000000000004 2.5050000000000003 2.9750000000000005 4.6450000000000005 8127.5000000000009 385.7003690946338 266.67825495561499 313.84076648144304 1 3.2850000000000006 4.245000000000001 2.7450000000000006 3.1150000000000007 5.7900000000000009 9.8100000000000005 4970.5000000000009 3.6450000000000005 46.500000000000007 2 3.4150000000000005 3.2850000000000006 3.2750000000000004 3.9850000000000008 461.03158420945812 495.35822309333207 565.00260288131278 3.7350000000000008 10108.000000000002 7778.8750000000009 268.84634010457478 11.06 1358.4649075703492 8.1900000000000013 5.995000000000001 2.7250000000000005 4718.5000000000009 303.73630409304502 13.500000000000002 3.7550000000000003 351.86348221421889 4202.5000000000009 4.9250000000000007 1.0000000180025095e-35 9591.0000000000018 471.03803808401068
decision_type=2 2 2 2 2 2 2 2 2 2 2 2 2 2 1 2 2 2 2 2 2 2 2 2 2 1 2 2 2 2 2 2 2 2 2 1 2 2 2 2 2 2 2 2 2 2 2 2 2 2 2 2 2 2 2 2 2 2 2 2 2 2
left_child=2 -2 4 -4 5 6 30 8 9 -7 12 -12 28 -11 -8 -16 17 33 -19 20 -20 22 23 25 -25 -21 -27 -18 -9 -30 31 51 57 59 39 -36 38 -38 -37 -35 41 -31 -43 -44 45 -42 -33 48 -17 50 -50 -1 56 54 -54 -56 -53 -24 -32 60 -6 -62
right_child=1 -3 3 -5 16 7 14 10 -10 13 11 -13 -14 -15 15 47 27 18 19 21 -22 -23 32 24 -26 26 -28 -29 29 40 58 46 -34 34 35 36 37 -39 -40 -41 44 42 43 -45 -46 -47 -48 -49 49 -51 -52 52 53 -55 55 -57 -58 -59 -60 -61 61 -63
leaf_value=-1.0780092630502496 1.1320347622821207 -12.368791580200195 -1.7047430206747618 9.6203129287423774 0.79418355054944512 -1.6420576965640952 -1.0412376072483622 -6.8412898472377242 -9.989822955247833 10.115930049350629 -18.887469100952149 6.2342081336087958 8.7434838255246472 -0.088489148980480131 -5.6711593799812849 0.54602797595555363 -9.9671431350708009 11.720959121447343 4.9295220098187853 4.9512431460009383 -18.729629268646242 10.579151876349199 -3.7181550270802273 5.2385027770338395 18.435809601054473 7.9125548712668881 -2.7183713792611854 1.308474407196045 7.9660778760910036 0.21337887428782035 1.5003854173602482 -0.82795109719764892 -6.6930929094552996 -1.0013253247559961 -7.1762501961076186 0.84394481826801693 -1.1854120131679202 11.840228837850143 -12.543185993541371 2.5460479641169833 -1.9980064507011031 16.869069033055691 -4.2923421714616863 8.1645949686246535 5.4091983892023565 -10.376496848464013 -10.494986375172934 7.9527672957215048 -6.7049283139845901 -10.691617511729806 6.502001175284386 1.0608325476545393 15.182966665832366 -2.9040215768312154 10.201124086976051 -3.0147943917442772 9.3540002613356616 7.1182888522744179 12.610643860601611 -0.60392131127536353 -1.3703406270345053 14.092023749100534
leaf_weight=340 38 41 51 58 3603 2731 2464 42 41 52 38 43 48 59 86 3274 45 52 31 122 30 57 37 58 34 31 163 35 40 643 33 82 64 603 133 49 115 49 55 285 139 37 46 31 32 40 30 36 34 49 32 1882 49 38 40 34 33 32 31 1062 30 38
leaf_count=340 38 41 51 58 3603 2731 2464 42 41 52 38 43 48 59 86 3274 45 52 31 122 30 57 37 58 34 31 163 35 40 643 33 82 64 603 133 49 115 49 55 285 139 37 46 31 32 40 30 36 34 49 32 1882 49 38 40 34 33 32 31 1062 30 38
internal_value=0.0198018 -5.87472 0.0436199 4.32143 0.0196367 -0.211624 0.163647 -1.00309 -1.5169 -1.39467 0.253323 -5.55127 0.681531 4.69196 -0.256659 0.296076 0.448317 0.513457 2.60435 1.88498 -6.70613 2.76133 1.93764 3.39806 10.1158 1.44227 -0.969634 -5.03406 0.312984 0.611079 1.13252 0.986969 -2.54244 0.266591 -0.860398 -3.06952 -0.736234 2.7064 -6.23579 0.13719 0.307153 1.07928 5.96325 0.722788 -2.46298 -3.87029 -3.41734 0.446774 0.367041 -4.72863 -0.301569 1.19114 1.56278 5.83326 8.53258 4.12895 1.20374 1.30744 6.88192 0.573519 0.914146 7.27039
internal_weight=19630 79 19551 109 19442 12629 8567 4062 2883 2842 1179 81 1098 111 5975 3511 6813 6733 711 659 61 598 541 408 92 316 194 80 1050 1008 2592 2528 133 6022 1289 401 268 164 104 888 968 757 114 77 211 179 112 3425 3389 115 66 2416 2076 161 123 74 1915 69 64 4733 3671 68
internal_count=19630 79 19551 109 19442 12629 8567 4062 2883 2842 1179 81 1098 111 5975 3511 6813 6733 711 659 61 598 541 408 92 316 194 80 1050 1008 2592 2528 133 6022 1289 401 268 164 104 888 968 757 114 77 211 179 112 3425 3389 115 66 2416 2076 161 123 74 1915 69 64 4733 3671 68
cat_boundaries=0 1 2 3
cat_threshold=156 9 832
is_linear=0
shrinkage=0.05


Tree=148
num_leaves=63
num_cat=2
split_feature=7 14 4 18 9 2 4 11 11 0 9 9 0 14 0 8 1 14 10 11 5 15 7 12 11 18 15 24 9 17 18 4 5 11 5 18 4 7 11 4 2 0 2 14 14 18 18 11 5 2 17 24 11 10 0 5 2 12 18 14 15 1
split_gain=994879 1.29768e+06 724141 1.27342e+06 695944 1.61453e+06 2.62545e+06 2.0073e+06 2.15488e+06 1.45334e+06 1.72515e+06 1.10795e+06 934999 1.81795e+06 1.0363e+06 1.72887e+06 3.77823e+06 853239 852716 832344 1.79981e+06 1.61672e+06 1.06466e+06 1.0176e+06 1.00778e+06 2.18182e+06 1.2928e+06 1.64652e+06 1.85263e+06 1.24006e+06 936541 1.26087e+06 955632 915804 1.7046e+06 1.24923e+06 1.12774e+06 973960 932123 880135 847610 1.37689e+06 1.78883e+06 901374 861803 834446 1.22267e+06 1.13404e+06 823818 839844 832664 808529 1.35281e+06 2.58517e+06 1.89746e+06 3.98939e+06 1.62527e+06 1.01479e+06 1.78362e+06 1.29104e+06 1.40004e+06 1.3905e+06
threshold=12634.562500000002 4.2150000000000007 12173.500000000002 21.500000000000004 303.8598211399721 7445.5000000000009 9801.0000000000018 445.45021402368593 670.68752219399255 7032.5000000000009 231.16579519686158 319.94569836464319 6669.5000000000009 3.5850000000000004 6411.0000000000009 6203.416666666667 6080.5000000000009 2.0750000000000006 230.01544852445804 355.41012360162796 5524.5000000000009 0.12274072279467309 2102.3750000000005 9.8100000000000005 492.00917314444922 16.500000000000004 0.19385217896808804 0 232.79282634967873 3.0950000000000002 19.500000000000004 4850.5000000000009 5097.5000000000009 245.39102990559454 3539.5000000000005 33.500000000000007 3797.5000000000005 3523.8125000000005 189.67503759899475 1701.5000000000002 5296.5000000000009 4598.5000000000009 4397.5000000000009 2.9850000000000008 3.8850000000000002 44.500000000000007 33.500000000000007 230.9919649566165 2875.5000000000005 2858.5000000000005 3.2850000000000006 1 436.07691033587179 477.85181500287723 6736.5000000000009 6230.0000000000009 7269.5000000000009 2.8950000000000005 45.500000000000007 3.2050000000000005 0.097724230254348343 7369.5000000000009
decision_type=2 2 2 2 2 2 2 2 2 2 2 2 2 2 2 2 2 2 2 2 2 2 2 2 2 2 2 1 2 2 2 2 2 2 2 2 2 2 2 2 2 2 2 2 2 2 2 2 2 2 2 1 2 2 2 2 2 2 2 2 2 2
left_child=2 -2 4 -4 5 9 7 -7 -9 12 -11 18 14 -14 15 19 -17 -13 -6 20 22 -22 -1 30 39 29 27 28 -27 -26 31 32 -24 34 36 -35 48 -36 -38 -21 41 42 43 -29 -45 46 -39 -47 49 50 -32 52 53 54 55 -19 -56 58 59 60 61 -54
right_child=1 -3 3 -5 11 6 -8 8 -10 10 -12 17 13 -15 -16 16 -18 51 -20 24 21 -23 23 -25 25 26 -28 40 -30 -31 33 -33 -34 35 37 -37 38 45 -40 -41 -42 -43 -44 44 -46 47 -48 -49 -50 -51 -52 -53 57 -55 56 -57 -58 -59 -60 -61 -62 -63
leaf_value=-0.49221995934684126 1.075433307572415 -11.750352021833747 9.5595077496987795 -1.2496177556297996 4.4860322316226213 -2.2370098883765084 -4.3476717143223205 17.709201161611468 3.7580720308125017 -14.430414965346055 0.94379091130362625 -3.7959219336879921 14.53429269212665 -1.507088589668274 -5.6648769950866704 17.624399923748438 -1.0519753066932453 1.3202519171226483 -3.3249637505007388 -9.2938485147271841 2.619917742411296 16.959916717211406 1.8295200462561629 -5.0685290966033936 1.6614491416164388 1.4873221146754732 10.948363476707822 -2.0154110790847186 -10.918374837782919 -3.651559306904018 -0.58854921510652569 9.5626267125973339 -7.1964485247929888 -0.22822658030370296 -6.8153287212146783 2.4590652382909486 12.738748399813971 -0.37143397917721999 2.734564810819351 -1.2707731788418171 10.243845431804658 -3.2326047914999503 13.552815528248633 6.1370647482893954 -0.91523216659739859 -0.64116639304668344 -6.5131845769765491 9.9211328106541785 -1.2081143573698068 3.9317257699428825 2.6273099126949395 -0.60973796986471429 -4.4077969798139867 13.048701903911738 -14.934046566870904 17.608894414901734 1.0095188574357468 -0.56572563643915841 11.745887849497242 8.0695834423814503 9.071319384188266 2.3325534194913402
leaf_weight=2656 38 41 54 55 38 35 58 62 50 37 36 161 33 38 75 45 68 624 434 35 57 30 1304 75 162 78 42 77 49 341 658 52 30 758 107 1007 30 187 104 1464 40 81 43 163 59 141 143 31 647 204 290 3820 162 52 31 40 33 2084 43 56 37 145
leaf_count=2656 38 41 54 55 38 35 58 62 50 37 36 161 33 38 75 45 68 624 434 35 57 30 1304 75 162 78 42 77 49 341 658 52 30 758 107 1007 30 187 104 1464 40 81 43 163 59 141 143 31 647 204 290 3820 162 52 31 40 33 2084 43 56 37 145
internal_value=0.0187285 -5.58099 0.0413554 4.10536 0.0185708 0.262385 4.66055 8.21482 11.481 0.183826 -6.84861 -0.34847 0.228842 5.94876 0.193008 0.232032 6.38552 -0.196427 -2.69611 0.169642 0.410022 7.56474 0.336131 0.717563 -0.607077 0.516877 2.4726 1.86924 -3.05832 -1.94041 0.793789 1.92428 1.62654 0.429994 -0.177537 1.30498 0.549216 -2.48429 4.97431 -1.4581 3.21742 2.62905 4.01733 2.64601 4.26281 -1.56114 -3.03286 1.2625 0.219609 1.02146 0.395205 -0.115114 0.456701 2.27831 1.509 2.3015 -6.71315 -0.103762 2.06945 1.02923 -0.116872 -1.22424
internal_weight=19630 79 19551 109 19442 11682 205 147 112 11477 73 7760 11404 71 11333 11258 113 7288 472 11145 8511 87 8424 5768 2634 1135 632 590 127 503 5693 1386 1334 4307 2542 1765 1933 609 134 1499 463 423 342 299 222 502 330 172 1799 1152 948 7127 3307 780 728 664 64 2527 443 400 344 307
internal_count=19630 79 19551 109 19442 11682 205 147 112 11477 73 7760 11404 71 11333 11258 113 7288 472 11145 8511 87 8424 5768 2634 1135 632 590 127 503 5693 1386 1334 4307 2542 1765 1933 609 134 1499 463 423 342 299 222 502 330 172 1799 1152 948 7127 3307 780 728 664 64 2527 443 400 344 307
cat_boundaries=0 1 2
cat_threshold=1216 3137
is_linear=0
shrinkage=0.05


Tree=149
num_leaves=63
num_cat=3
split_feature=7 14 4 10 18 19 11 5 25 1 16 2 16 10 2 0 1 0 12 13 4 11 16 10 10 14 8 1 12 24 16 5 12 10 13 9 9 12 5 9 12 8 0 15 2 7 2 1 14 12 16 24 15 9 5 0 10 15 2 4 6 9
split_gain=897873 1.17116e+06 653543 1.24597e+06 659732 1.37145e+06 1.16948e+06 1.05887e+06 992224 905494 2.23922e+06 2.03631e+06 2.17898e+06 1.59509e+06 1.31533e+06 1.28946e+06 1.11746e+06 1.02343e+06 1.55396e+06 1.99127e+06 1.42297e+06 1.23273e+06 1.16172e+06 924900 969808 895759 1.30326e+06 1.3284e+06 1.00561e+06 1.18021e+06 1.33874e+06 1.03694e+06 1.0826e+06 854708 3.14569e+06 1.17051e+06 880608 2.58709e+06 1.40903e+06 1.35569e+06 1.05472e+06 897330 1.63309e+06 818158 1.27162e+06 881807 816632 803690 797826 1.49323e+06 1.03656e+06 890026 941698 946224 931331 1.40421e+06 1.81313e+06 1.39565e+06 1.3305e+06 1.52263e+06 1.19477e+06 1.07725e+06
threshold=12634.562500000002 4.2150000000000007 12173.500000000002 766.3146265286108 33.500000000000007 5.5000000000000009 323.53480901224361 5979.5000000000009 0 9863.0000000000018 3.1650000000000005 8760.0000000000018 3.5250000000000004 900.22391795795545 7643.0000000000009 7474.5000000000009 7908.5000000000009 5818.5000000000009 3.6850000000000005 4.0150000000000006 5950.5000000000009 553.18896436060481 3.4350000000000005 346.72563778467526 473.7570484450078 3.9650000000000003 7977.7500000000009 4117.5000000000009 4.9650000000000007 1 6.3850000000000007 3341.5000000000005 8.8400000000000016 981.64908773175773 3.6350000000000002 968.66526600973214 773.87259055901461 3.3250000000000006 10418.500000000002 845.76848128397535 3.7250000000000005 9798.1666666666697 9439.5000000000018 0.64205929335021095 5791.5000000000009 3888.2500000000005 7005.5000000000009 5889.5000000000009 11.215000000000002 9.8100000000000005 7.6500000000000012 2 -0.10559391691467152 940.76162590901913 11475.500000000002 11358.000000000002 1020.7108971356332 -0.057742782152231234 10378.500000000002 10029.500000000002 11536.750000000002 104.09670817838045
decision_type=2 2 2 2 2 2 2 2 1 2 2 2 2 2 2 2 2 2 2 2 2 2 2 2 2 2 2 2 2 1 2 2 2 2 2 2 2 2 2 2 2 2 2 2 2 2 2 2 2 2 2 1 2 2 2 2 2 2 2 2 2 2
left_child=2 -2 4 -4 5 6 7 -1 25 11 -11 13 -13 14 15 17 -16 20 21 -20 -7 46 -23 -22 -25 26 27 -8 -27 30 -30 -32 -33 35 -35 36 38 39 41 -38 -39 42 -6 48 45 -45 47 -19 49 51 -51 52 -10 -54 55 56 58 -58 59 61 -56 -53
right_child=1 -3 3 -5 33 9 8 -9 43 10 -12 12 -14 -15 16 -17 -18 18 19 -21 23 22 -24 24 -26 28 -28 -29 29 -31 31 32 -34 34 -36 -37 37 40 -40 -41 -42 -43 -44 44 -46 -47 -48 -49 -50 50 -52 54 53 -55 60 -57 57 -59 -60 -61 -62 -63
leaf_value=0.94008348289176336 1.0216615011817531 -11.162834436137501 -1.8007600852087433 8.9129138173728162 0.41003313439508748 -1.0401380300999274 1.2094040204558458 10.388503465652466 -1.8735050905358084 1.5918939420912002 -14.667005507946016 0.21457082837126978 17.772091325521469 8.9347877287864694 -2.5144284067482783 7.8645792112117867 -13.54544504943647 0.7869267010688783 6.6601819064882068 -8.5013808423822592 -2.1588802185058595 -6.3769408529880005 -18.650259616298062 11.192463929045434 2.231246726899534 -4.641594803896619 9.2663819112275778 -6.9426911197602754 1.3180464954261319 1.7929847909658443 0.47744713238307412 -13.786951894184639 -2.5500800132751467 -2.2221931919759634 18.335902547836305 -5.0993081672904417 18.433418411717696 -9.2530922182144675 -9.3770789803685375 3.9761440930827976 3.6874900609254837 6.767402280460705 -10.913604825735092 6.8440000364857347 13.189949591954552 -4.8158521427827727 2.7591998574137691 -9.2935472311644727 7.1116667869763504 -13.086705057548755 -2.7271494192547272 -5.2792214336679946 0.025889395205731622 7.8864229337871086 2.153410221809565 8.5186268280292392 -1.1240745546620921 -10.835710184063231 9.1513231131495267 -10.365209493637085 -8.9281673771994452 1.1525715125984051
leaf_weight=2562 38 41 51 58 6385 3246 228 30 950 45 40 43 30 40 58 41 38 30 63 33 50 51 31 51 74 328 38 64 83 201 35 58 34 49 30 97 34 31 37 31 32 55 32 31 30 34 40 58 39 33 90 67 893 40 43 58 109 56 49 30 56 2298
leaf_count=2562 38 41 51 58 6385 3246 228 30 950 45 40 43 30 40 58 41 38 30 63 33 50 51 31 51 74 328 38 64 83 201 35 58 34 49 30 97 34 31 37 31 32 55 32 31 30 34 40 58 39 33 90 67 893 40 43 58 109 56 49 30 56 2298
internal_value=0.0177766 -5.30194 0.039272 3.90009 0.0176266 -0.196302 0.162481 1.04944 -0.222288 -0.952996 -6.05935 -0.843859 7.42999 -0.998569 -1.1014 -0.954151 -6.88087 -1.05116 -3.82152 1.44839 -0.803363 -6.23063 -11.0169 3.58848 5.88742 -1.59483 0.556165 -0.577357 -2.57694 -0.92924 -3.45562 -6.84752 -9.63419 0.414177 5.58468 0.353519 0.433213 4.54024 0.352448 11.5384 -2.6801 0.408071 0.353565 0.079873 4.67498 0.745 -3.16445 -5.85702 -0.0106979 -0.0689067 -5.50654 0.0749585 -0.76136 0.36289 0.644717 0.823816 0.652754 -4.42014 0.995237 0.82837 -4.11496 0.97036
internal_weight=19630 79 19551 109 19442 12629 8567 2592 5975 4062 85 3977 73 3904 3864 3768 96 3727 306 96 3421 210 82 175 125 1069 330 292 739 411 210 127 92 6813 79 6734 6637 128 6509 65 63 6472 6417 4906 95 65 128 88 4811 4772 123 4649 1883 933 2766 2667 2609 165 2444 2395 99 2365
internal_count=19630 79 19551 109 19442 12629 8567 2592 5975 4062 85 3977 73 3904 3864 3768 96 3727 306 96 3421 210 82 175 125 1069 330 292 739 411 210 127 92 6813 79 6734 6637 128 6509 65 63 6472 6417 4906 95 65 128 88 4811 4772 123 4649 1883 933 2766 2667 2609 165 2444 2395 99 2365
cat_boundaries=0 1 2 3
cat_threshold=8 2073 156
is_linear=0
shrinkage=0.05


Tree=150
num_leaves=63
num_cat=3
split_feature=16 3 16 13 17 17 18 14 13 17 18 17 18 18 3 14 11 15 24 14 0 5 6 11 17 16 18 24 12 18 5 14 12 17 16 7 14 2 5 12 2 8 13 13 7 10 24 6 15 11 10 8 3 0 13 10 6 5 10 10 17 11
split_gain=924648 1.34869e+06 7.59255e+06 1.09069e+06 2.11164e+06 1.88246e+06 4.04166e+06 1.77273e+06 1.58756e+06 2.11263e+06 2.47242e+06 1.79325e+06 3.10578e+06 1.44227e+06 3.01051e+06 2.04613e+06 1.64612e+06 1.20829e+06 1.15041e+06 1.1322e+06 1.22471e+06 2.58237e+06 1.7881e+06 1.18507e+06 1.2289e+06 1.19933e+06 1.10016e+06 1.06299e+06 1.41855e+06 1.95939e+06 1.91029e+06 1.83697e+06 2.21729e+06 3.66347e+06 2.457e+06 1.57064e+06 1.56919e+06 1.43769e+06 1.3851e+06 1.15442e+06 1.48851e+06 3.23599e+06 1.19152e+06 1.50368e+06 1.14943e+06 1.11167e+06 1.03219e+06 1.14006e+06 3.13571e+06 1.06829e+06 1.72157e+06 2.38658e+06 1.15447e+06 1.02817e+06 2.34713e+06 1.29318e+06 1.21967e+06 1.02843e+06 991317 976644 1.01116e+06 1.26109e+06
threshold=3.4250000000000003 12230.000000000002 3.0750000000000006 5.3050000000000006 5.5500000000000007 4.9350000000000014 51.500000000000007 3.2550000000000003 4.7150000000000007 4.410000000000001 14.500000000000002 4.2150000000000007 8.5000000000000018 11.500000000000002 6254.5000000000009 4.7150000000000007 527.10291413294181 0.3297721853187025 0 3.5350000000000006 10427.000000000002 10712.500000000002 10043.875000000002 887.71003892986232 2.3550000000000004 3.4450000000000007 3.5000000000000004 1 5.995000000000001 10.500000000000002 11083.000000000002 6.9200000000000008 5.6550000000000002 5.8150000000000004 5.1800000000000006 6996.6875000000009 7.5750000000000011 9208.5000000000018 3082.5000000000005 7.2650000000000006 6169.5000000000009 5411.4583333333348 8.7150000000000016 9.1650000000000009 4689.7500000000009 577.17395674560078 2 7310.7500000000009 -0.11794871794871929 481.55363699477556 477.85181500287723 5667.541666666667 6313.5000000000009 4877.5000000000009 3.1350000000000002 501.90621417085566 3614.6250000000005 4131.5000000000009 534.42605035441818 313.84076648144304 2.8450000000000002 750.30508228010581
decision_type=2 2 2 2 2 2 2 2 2 2 2 2 2 2 2 2 2 2 1 2 2 2 2 2 2 2 2 1 2 2 2 2 2 2 2 2 2 2 2 2 2 2 2 2 2 2 1 2 2 2 2 2 2 2 2 2 2 2 2 2 2 2
left_child=1 -1 -3 4 5 8 -7 -6 9 13 -11 -10 -13 14 16 -16 18 -9 -2 20 22 -22 23 25 -25 -15 -20 28 29 31 37 32 34 -34 -5 -36 -33 38 -30 40 41 -40 -41 -44 -45 -31 47 49 -49 -27 51 -51 -53 56 55 -55 -21 -58 -52 -56 61 -61
right_child=3 2 -4 27 7 6 -8 17 11 10 -12 12 -14 19 15 -17 -18 -19 26 53 21 -23 -24 24 -26 46 -28 -29 30 45 -32 36 33 -35 35 -37 -38 -39 39 42 -42 -43 43 44 -46 -47 -48 48 -50 50 58 52 -54 54 59 -57 57 -59 -60 60 -62 -63
leaf_value=0.41163087374916474 -1.2256985428814706 -5.8432641379038497 26.630116625353697 16.205353041114034 -12.570953422884147 -0.47715939667188761 21.409687663662822 -11.731767054527037 -1.3879938668598331 -2.0745315716034027 14.277252206262553 0.69690683079617366 -14.821308873358527 -5.1298089864944663 1.4939520768324535 18.507819053431064 -4.7510122606666254 -0.93540156515715989 -0.93470642720499342 -2.1295294702951439 17.5226973259449 -1.3331643726514733 -12.457340660095216 12.488565314782633 0.30659563332162004 0.31442060836174113 6.9757851416010723 -0.2266437870265503 10.488437574050007 2.0166254416892406 -7.5125599472863334 -1.1922600913555064 27.934808623790744 4.6836586813131964 4.6712219593425592 -8.4355874983469654 9.8180278423286627 9.6728454766066179 -2.0633613001893867 5.1806998502249009 -7.2840986350531232 13.197485985755922 -7.6833422031042717 -2.732126014407088 5.0019568897526838 -10.428293382420259 -0.9431380327743748 8.7629185909178204 -7.1256330621894453 2.5059612274169925 -5.710325153506532 21.936683673063914 8.3843559149539839 -0.899968151251475 -10.911111573064538 11.845247101433138 2.854158375124916 -1.7920450736773319 2.1106968046253565 0.58482700652957698 -6.212207118670146 -9.6519061301205618
leaf_weight=8501 146 45 30 37 60 66 31 31 346 41 53 56 76 126 30 43 110 158 62 763 30 46 30 37 47 1332 151 2046 34 38 70 141 32 36 96 30 42 46 264 174 93 40 53 82 116 34 2100 41 128 104 49 30 33 48 57 34 306 195 234 161 228 37
leaf_count=8501 146 45 30 37 60 66 31 31 346 41 53 56 76 126 30 43 110 158 62 763 30 46 30 37 47 1332 151 2046 34 38 70 141 32 36 96 30 42 46 264 174 93 40 53 82 116 34 2100 41 128 104 49 30 33 48 57 34 306 195 234 161 228 37
internal_value=0.0801182 0.470526 7.14609 -0.219894 -0.554297 -0.402047 6.51761 -5.08327 -0.493867 -0.298965 7.14509 -3.27958 -8.23782 -0.402815 2.07053 11.5158 0.600366 -2.70623 2.24006 -0.619173 -0.18176 6.10994 -0.293196 -0.207553 5.67246 -0.325801 4.46364 0.510753 1.53655 3.7527 0.444287 5.07667 8.0411 15.6254 4.8771 1.55055 1.33469 1.06178 0.599036 0.189986 -1.74874 -0.0553551 2.00098 -0.203285 1.79895 -3.86014 -0.176379 0.650438 -3.27101 1.02599 3.13223 7.15811 14.8378 -1.66356 -3.43671 4.38463 -0.870971 1.04576 0.756527 -4.76455 -3.94213 -1.3281
internal_weight=19736 8576 75 11160 7656 7407 97 249 7310 6832 94 478 132 6738 542 73 469 189 359 6196 4367 76 4291 4261 84 4177 213 3504 1458 486 972 414 231 68 163 126 183 902 856 822 397 304 425 251 198 72 4051 1951 169 1782 450 167 63 1829 565 82 1264 501 283 483 426 198
internal_count=19736 8576 75 11160 7656 7407 97 249 7310 6832 94 478 132 6738 542 73 469 189 359 6196 4367 76 4291 4261 84 4177 213 3504 1458 486 972 414 231 68 163 126 183 902 856 822 397 304 425 251 198 72 4051 1951 169 1782 450 167 63 1829 565 82 1264 501 283 483 426 198
cat_boundaries=0 1 2 3
cat_threshold=2156 2195 711
is_linear=0
shrinkage=0.05


Tree=151
num_leaves=63
num_cat=1
split_feature=24 15 9 10 11 3 15 3 9 9 17 3 10 15 1 4 15 15 9 1 1 5 2 4 17 13 13 12 12 9 18 4 0 9 12 12 2 11 18 10 14 9 17 18 7 10 9 9 3 0 15 1 7 15 1 7 9 4 10 15 2 15
split_gain=828195 777101 3.45511e+06 1.57231e+06 1.97438e+06 1.34877e+06 1.09738e+06 2.11542e+06 992294 646404 1.62708e+06 1.31736e+06 2.43574e+06 1.94734e+06 1.16116e+06 842035 767747 1.91314e+06 1.0933e+06 820644 968659 1.88455e+06 705114 1.35463e+06 701612 684802 1.68625e+06 1.49849e+06 1.48279e+06 1.19798e+06 898215 950141 1.43905e+06 896784 644073 2.3789e+06 1.66033e+06 1.4015e+06 1.35567e+06 1.33859e+06 1.3342e+06 1.06095e+06 1.02829e+06 1.14926e+06 872222 1.35545e+06 1.27833e+06 851260 823351 2.46778e+06 2.28407e+06 1.816e+06 868482 823602 1.06195e+06 1.76166e+06 1.68329e+06 2.11007e+06 1.68229e+06 1.66712e+06 1.97156e+06 1.42228e+06
threshold=0 -0.30033018471460865 912.70811461809353 332.23200786542577 299.58923895937909 9363.5000000000018 -0.26909387825852926 8176.5000000000009 602.64299145916277 1496.6220521905591 5.1800000000000006 11682.500000000002 799.86790254836058 -0.059872611464968438 11726.000000000002 12173.500000000002 -0.23601012270414892 -0.21274518968700945 424.73825160016571 8228.5000000000018 6718.5000000000009 5417.5000000000009 4500.5000000000009 3550.5000000000005 2.0750000000000006 8.7150000000000016 7.285000000000001 6.8050000000000006 8.2700000000000014 461.03158420945812 6.5000000000000009 6133.5000000000009 5517.5000000000009 291.10994468378937 5.995000000000001 4.9350000000000014 4500.5000000000009 828.1666927229611 51.500000000000007 530.4716900828015 4.4400000000000004 352.45507939767822 4.245000000000001 32.500000000000007 5371.3125000000009 735.22960432326715 461.03158420945812 212.07761812795323 10059.500000000002 10153.000000000002 0.014593467685890415 9863.0000000000018 10048.312500000002 -0.19688424769528623 7908.5000000000009 7345.3125000000009 251.90143571955718 8460.5000000000018 981.64908773175773 -0.068180302190409006 7764.0000000000009 -0.072255773280363603
decision_type=1 2 2 2 2 2 2 2 2 2 2 2 2 2 2 2 2 2 2 2 2 2 2 2 2 2 2 2 2 2 2 2 2 2 2 2 2 2 2 2 2 2 2 2 2 2 2 2 2 2 2 2 2 2 2 2 2 2 2 2 2 2
left_child=1 2 3 4 -1 -5 7 8 -3 11 -11 14 -13 -14 15 16 19 18 -18 20 21 22 23 -8 -20 26 34 -28 -27 33 31 32 -30 -29 35 40 -36 39 44 41 42 47 48 -44 -38 46 -46 -37 49 53 52 -52 -50 -19 55 58 -56 61 -55 -57 -61 -58
right_child=-2 6 -4 5 -6 -7 9 -9 -10 10 -12 12 13 -15 -16 -17 17 25 24 -21 -22 -23 -24 -25 -26 28 27 29 30 -31 -32 -33 -34 -35 36 37 38 -39 -40 -41 -42 -43 43 -45 45 -47 -48 -49 50 -51 51 -53 -54 54 56 59 57 -59 -60 60 -62 -63
leaf_value=-1.2118800640106202 -0.15304103134149194 -2.6452529390652977 18.815281048897774 -2.5589062426818745 15.857332960764566 8.8922969690958649 -1.3180000476117406 -12.731295036342409 6.3442852640151983 -6.2694564417955725 7.1045098447799688 -2.8492351310006505 17.851898885856976 3.4292929840087893 -5.8619143042765876 7.8936728459138141 -1.6040008255546647 5.5763206967824628 -5.0511182810130872 10.147713233329156 -5.6470072493833658 13.740240134133234 -4.1630529377771461 11.840320442424668 -15.187205902607211 -12.534916865030924 -0.96823611349429728 7.8589470217304855 3.0662735421316967 2.6885624361038207 -8.2044003017487075 8.3409456838880267 -9.125010306126363 19.985497274398806 2.2985873331400479 8.4386670174137244 -12.053086006918619 15.286860429202065 4.7955529663297867 -1.962470433457953 -3.7731848344703516 11.784675284438446 11.096863900398724 0.15307716613120223 -5.3476201501385923 -10.309256750453603 6.1062699039777124 -3.1869409486651423 -13.821043548828516 13.166877663441193 11.272045299881384 -4.1858732173317357 -4.066643383719704 0.2718371033654694 -11.591472128459387 -1.6883879733085632 -15.559033513267835 2.3468279266357421 11.977623670331894 13.231371954929683 1.9013262307807193 -2.9703364147229143
leaf_weight=32 13157 132 31 180 36 30 53 45 40 94 30 58 44 50 71 39 112 79 38 37 34 36 46 31 31 30 53 31 70 40 31 35 37 30 176 31 43 33 36 61 180 61 49 47 58 55 42 32 39 39 38 38 55 3099 42 65 30 190 31 81 73 89
leaf_count=32 13157 132 31 180 36 30 53 45 40 94 30 58 44 50 71 39 112 79 38 37 34 36 46 31 31 30 53 31 70 40 31 35 37 30 176 31 43 33 36 61 180 61 49 47 58 55 42 32 39 39 38 38 55 3099 42 65 30 190 31 81 73 89
internal_value=0.0760517 0.533624 2.98228 1.21673 7.82476 -0.92302 0.4138 -3.07977 -0.554663 0.539044 -3.03382 0.613767 5.2085 10.1803 0.492874 0.571947 0.521559 0.399975 -4.65411 3.30722 2.04173 3.61653 0.813042 3.53805 -9.60501 0.574254 0.688802 5.84038 -2.27309 9.41322 -0.493581 1.18977 -1.1494 13.8228 0.526631 0.700151 -1.37024 5.79467 -4.1297 4.10147 0.439691 7.08453 0.625371 5.73897 -5.75248 -4.00457 -0.536986 2.5336 0.502275 0.653872 -2.90242 3.54309 -8.11368 0.524736 0.416878 0.691108 -2.19965 -0.923086 0.387773 5.02645 7.86064 -6.14396
internal_weight=19736 6579 309 278 68 210 6270 217 172 6053 124 5929 152 94 5777 5706 5667 5430 181 237 200 166 130 84 69 5249 5046 154 203 101 173 142 107 61 4892 4482 410 218 234 185 4264 124 4084 96 198 155 100 63 3988 3818 170 76 94 3779 3700 3349 351 309 3130 219 154 119
internal_count=19736 6579 309 278 68 210 6270 217 172 6053 124 5929 152 94 5777 5706 5667 5430 181 237 200 166 130 84 69 5249 5046 154 203 101 173 142 107 61 4892 4482 410 218 234 185 4264 124 4084 96 198 155 100 63 3988 3818 170 76 94 3779 3700 3349 351 309 3130 219 154 119
cat_boundaries=0 1
cat_threshold=209
is_linear=0
shrinkage=0.05


Tree=152
num_leaves=63
num_cat=0
split_feature=4 4 13 11 4 15 14 13 9 7 13 9 13 1 12 12 14 14 3 6 0 9 13 13 9 9 14 10 10 13 14 12 12 9 9 10 18 15 9 10 17 10 9 14 1 10 11 12 22 18 12 13 17 17 12 15 15 17 18 12 10 13
split_gain=760653 1.09026e+06 4.08311e+06 1.3973e+06 1.38814e+06 1.30981e+06 1.10695e+06 1.35185e+06 1.13097e+06 2.25552e+06 1.42375e+06 1.05641e+06 2.88283e+06 1.65642e+06 1.20141e+06 1.0315e+06 1.22521e+06 1.02735e+06 936949 1.01749e+06 1.29526e+06 903208 1.11496e+06 923513 2.94347e+06 1.20659e+06 1.72471e+06 1.62992e+06 2.73592e+06 2.70511e+06 1.61984e+06 1.38865e+06 1.69308e+06 1.75637e+06 1.58236e+06 1.42765e+06 1.31807e+06 1.18814e+06 1.35976e+06 1.29932e+06 2.28714e+06 2.01684e+06 1.15661e+06 2.85953e+06 1.78062e+06 1.05574e+06 1.8829e+06 1.00732e+06 989246 986251 1.74536e+06 1.20579e+06 980419 897877 839435 807898 1.11988e+06 788625 1.82887e+06 1.66826e+06 770164 745670
threshold=6037.5000000000009 6180.5000000000009 3.0950000000000002 466.23699447655434 6133.5000000000009 -0.33208176887776381 7.1350000000000007 7.5750000000000011 1358.5763117382219 12634.562500000002 7.7600000000000007 1042.8625773040887 3.9350000000000005 9427.5000000000018 3.1550000000000007 6.4750000000000005 4.245000000000001 2.8950000000000005 7428.5000000000009 7310.7500000000009 7577.5000000000009 150.39545057246914 3.4350000000000005 2.1950000000000007 481.09921836378055 619.35443452931236 4.3450000000000006 745.86447004928766 776.88118820193029 2.9150000000000005 4.0050000000000008 3.3650000000000007 3.4750000000000005 558.96660514536109 317.25403815235376 683.04768653218775 47.500000000000007 0.0076231798716245259 336.05195416081227 505.76331096023523 3.6350000000000002 399.98669615567007 420.76062022718276 3.3650000000000007 6718.5000000000009 538.61109408793698 516.98055052033396 4.7150000000000007 6.7100000000000009 16.500000000000004 2.9150000000000005 3.8250000000000006 3.8350000000000004 3.4850000000000008 2.8950000000000005 0.13215586136770019 0.078650137741046705 3.5850000000000004 21.500000000000004 3.2750000000000004 614.32475964806974 2.4850000000000008
decision_type=2 2 2 2 2 2 2 2 2 2 2 2 2 2 2 2 2 2 2 2 2 2 2 2 2 2 2 2 2 2 2 2 2 2 2 2 2 2 2 2 2 2 2 2 2 2 2 2 2 2 2 2 2 2 2 2 2 2 2 2 2 2
left_child=18 2 54 -4 60 -3 8 -8 9 10 11 15 13 14 -13 21 -17 -10 19 20 -1 22 -7 24 48 27 30 31 -29 -30 36 35 34 37 -33 49 45 39 -39 40 41 -34 44 -44 -40 46 -27 52 -23 50 -25 55 -28 -41 -2 56 -51 59 -59 -31 -5 -47
right_child=1 5 3 4 -6 6 7 -9 17 -11 -12 12 -14 -15 -16 16 -18 -19 -20 -21 -22 23 -24 25 -26 26 47 28 29 57 -32 32 33 -35 -36 -37 -38 38 42 53 -42 -43 43 -45 -46 61 -48 -49 -50 51 -52 -53 -54 -55 -56 -57 -58 58 -60 -61 -62 -63
leaf_value=-0.041811461232632109 9.4398951272706721 7.900233280961797 6.8678405001759533 -2.6284130394458773 3.9302909112558133 -9.3994152336120607 -7.9461324497710839 0.9719285244033451 3.0632854389589887 13.126106074049668 10.853822954963235 2.1536353726540844 15.551528785395067 8.4670338656451261 -11.65750315785408 -12.123283276293014 0.4470456634249006 -6.0173915449496924 -6.897897294878959 6.8736635927884082 -8.4436967663143001 4.7423476412892347 1.7241352679162489 12.613303683863746 14.517461576561132 -6.0007850758234662 -4.6645981534322107 18.93250304806617 13.765639600970529 -3.7662687747102037 8.1446968957489627 17.307938908085681 -2.5389986612358872 9.4351601742464926 2.8932007461123996 -11.861488215128581 7.9754235376630511 -1.2842527083524571 1.5897839291890463 -12.990033130596082 -7.2662679934501657 11.23899171763453 -8.6358339155042501 9.6996008129119886 17.981783686457455 -10.298100806644985 10.660772361510841 -0.49822548447233261 -7.3399754603703817 -0.98032967307350849 -2.65391329007271 -10.423609445435661 -17.06585417012958 -3.0325822165754976 20.694738769531252 -7.3348461195480006 7.7120422921529626 3.0515987512541982 -12.761915614388206 11.600476059949759 -13.203356229897702 -2.5430359796954258
leaf_weight=16410 37 59 48 36 41 50 86 84 43 37 34 31 43 37 32 36 42 113 50 53 46 32 41 36 48 30 30 31 44 38 51 33 49 58 45 30 35 127 30 36 60 58 37 50 37 35 39 33 36 385 39 35 34 61 30 43 41 41 33 33 33 271
leaf_count=16410 37 59 48 36 41 50 86 84 43 37 34 31 43 37 32 36 42 113 50 53 46 32 41 36 48 30 30 31 44 38 51 33 49 58 45 30 35 127 30 36 60 58 37 50 37 35 39 33 36 385 39 35 34 61 30 43 41 41 33 33 33 271
internal_value=0.0722452 0.780912 4.13592 -0.250224 -3.35629 0.525195 0.374788 -3.53956 0.619165 0.870366 0.691132 0.552698 4.7253 0.0700285 -4.86155 0.299114 -5.35464 -3.51438 -0.0637192 -0.0430209 -0.0652975 0.492957 -4.38771 0.696318 5.03754 0.452807 -1.53396 1.18699 5.16484 2.90666 -0.258851 0.508596 2.05993 1.16328 8.99174 -1.22615 -1.30417 0.282971 2.54581 -2.12558 0.547752 4.92944 5.70437 1.90177 10.6421 -2.17027 3.41662 -7.594 -1.65418 -0.675098 4.67435 -1.47115 -11.2528 -6.72813 14.4794 -0.803052 -0.14374 -0.388484 -4.00037 3.37602 -7.68599 -3.43005
internal_weight=19736 3177 225 158 110 2952 2893 170 2723 2567 2530 2496 143 100 63 2353 78 156 16559 16509 16456 2275 91 2184 116 2068 558 1510 220 189 461 1290 681 603 78 609 410 545 281 264 167 107 154 87 67 375 69 97 68 579 75 504 64 97 67 469 426 145 74 71 69 306
internal_count=19736 3177 225 158 110 2952 2893 170 2723 2567 2530 2496 143 100 63 2353 78 156 16559 16509 16456 2275 91 2184 116 2068 558 1510 220 189 461 1290 681 603 78 609 410 545 281 264 167 107 154 87 67 375 69 97 68 579 75 504 64 97 67 469 426 145 74 71 69 306
is_linear=0
shrinkage=0.05


Tree=153
num_leaves=63
num_cat=0
split_feature=2 15 1 12 12 7 13 10 0 0 0 3 5 2 18 11 14 11 1 5 0 15 12 8 8 4 16 18 15 10 14 0 15 14 14 14 12 1 1 1 2 2 0 19 2 11 16 11 18 7 0 10 3 16 7 2 10 3 18 4 5 6
split_gain=866546 2.0084e+06 1.20103e+06 796873 1.32508e+06 3.05001e+06 1.13287e+06 1.02653e+06 2.80145e+06 1.80586e+06 1.40303e+06 1.0291e+06 718725 1.49184e+06 1.28692e+06 1.98444e+06 3.69642e+06 2.78348e+06 1.63971e+06 1.51423e+06 1.45595e+06 1.25527e+06 1.40529e+06 1.32151e+06 1.31829e+06 1.10659e+06 1.08343e+06 1.06973e+06 1.98346e+06 2.90555e+06 2.7e+06 1.17533e+06 1.49466e+06 1.04403e+06 1.49228e+06 1.20667e+06 1.03985e+06 1.22137e+06 2.94552e+06 2.03105e+06 1.25005e+06 1.12928e+06 2.2978e+06 1.31639e+06 1.36438e+06 1.00129e+06 920420 899373 896379 825077 805076 944947 1.46629e+06 1.23991e+06 1.44163e+06 1.69196e+06 920257 860910 898942 798973 751260 734526
threshold=13037.500000000002 -0.11794871794871929 13053.500000000002 2.4050000000000007 2.4550000000000005 6286.6875000000009 2.0400000000000005 399.98669615567007 6138.5000000000009 10153.000000000002 8595.0000000000018 8017.5000000000009 7001.0000000000009 8207.5000000000018 12.500000000000002 582.81787696184733 4.8550000000000013 658.24595585178315 10676.500000000002 9863.0000000000018 11734.000000000002 -0.17967541984322263 6.5100000000000007 7317.4583333333348 6264.1250000000009 6617.5000000000009 6.0150000000000015 29.500000000000004 0.019996816223231403 425.71475548679643 3.4750000000000005 10691.500000000002 -0.18957088538837705 3.4050000000000007 3.6450000000000005 4.0250000000000012 2.7250000000000005 7013.0000000000009 7659.0000000000009 8228.5000000000018 10946.000000000002 10108.000000000002 10153.000000000002 11.500000000000002 8996.5000000000018 1048.2668171720497 3.2050000000000005 750.30508228010581 5.5000000000000009 8182.6250000000009 8081.5000000000009 735.22960432326715 7741.5000000000009 2.3550000000000004 6724.6875000000009 7087.5000000000009 745.86447004928766 6977.5000000000009 34.500000000000007 10576.000000000002 5840.5000000000009 6421.6250000000009
decision_type=2 2 2 2 2 2 2 2 2 2 2 2 2 2 2 2 2 2 2 2 2 2 2 2 2 2 2 2 2 2 2 2 2 2 2 2 2 2 2 2 2 2 2 2 2 2 2 2 2 2 2 2 2 2 2 2 2 2 2 2 2 2
left_child=2 -2 3 7 5 6 -5 8 -1 10 11 -9 13 50 15 16 -14 -17 19 21 -20 49 -23 24 -24 -16 -22 28 31 -30 59 32 -27 47 -35 -36 -29 -38 -39 -40 41 42 43 44 -41 -33 -46 -34 -21 -19 51 52 57 -53 56 -56 -55 -6 60 -31 -59 -58
right_child=1 -3 -4 4 12 -7 -8 9 -10 -11 -12 -13 14 -15 25 17 -18 18 20 48 26 22 23 -25 -26 27 -28 36 29 30 -32 45 33 34 35 -37 37 38 39 40 -42 -43 -44 -45 46 -47 -48 -49 -50 -51 -52 53 -54 54 55 -57 61 58 -60 -61 -62 -63
leaf_value=-0.87239686816211803 13.433354680602617 -3.8197599503301802 -9.0859848125560863 8.6217403443530198 -0.035442256386554176 17.564232526105993 -0.36373018072002883 -4.1394786835665922 10.847790765424946 8.5216502539316803 -14.239852565526963 5.553382455507915 21.260461689531805 8.9800966343981159 -7.9573975856990034 -12.483663131973961 1.0798303616543612 -8.0624540557861319 11.561958909034729 -13.583040092271919 -6.4031940396626794 12.336945623821684 3.7786267203669399 9.1313113962209993 -10.803145614747079 4.7043632940812543 6.6332738406517935 6.9461856708526613 -12.055406912635355 -4.7174936051879612 13.194949386254798 -16.970325281960623 3.2156928006340482 -16.386326033182634 0.52840050716026166 -10.458645884479795 7.6581277489662174 -12.47861968841193 10.088060505125258 -6.5618464691298346 6.6821075008029034 -8.8286940909268576 10.393918429194271 -12.871751912434897 10.198018750747046 -5.694341201782227 -1.5175938738019843 -6.664641196387155 -1.9237166285514833 0.81208126414905901 -6.9385195662335653 -6.4949381267482584 -9.3457908150695612 8.3874405425648373 13.212860159146585 0.7777137363658233 1.3987189212153837 8.2232237151174825 9.5609794183210894 4.6036990703680578 -0.23766506733372808 -4.0839884040986787
leaf_weight=1342 37 31 37 44 14582 34 173 314 53 30 32 30 32 47 73 44 78 50 56 34 30 36 31 31 31 44 34 50 34 56 53 35 51 39 51 49 40 53 45 63 42 57 37 30 30 45 38 42 32 55 41 44 42 43 59 51 601 33 44 39 128 68
leaf_count=1342 37 31 37 44 14582 34 173 314 53 30 32 30 32 47 73 44 78 50 56 34 30 36 31 31 31 44 34 50 34 56 53 35 51 39 51 49 40 53 45 63 42 57 37 30 30 45 38 42 32 55 41 44 42 43 59 51 601 33 44 39 128 68
internal_value=-0.0665561 5.56796 -0.0861625 -0.0690902 0.0328422 3.6399 1.45821 -1.0711 -0.427114 -3.28379 -4.22572 -3.29417 -0.0190326 0.0853383 -1.00543 0.912519 6.95056 -0.518914 0.734536 -1.24133 5.67421 0.645224 3.94915 0.702264 -3.51226 -2.00991 0.52243 -1.5855 -3.12065 1.12535 4.15336 -5.29135 -3.74462 -5.34701 -8.09059 -4.85525 0.117405 -0.667513 -1.51062 0.189105 -1.31074 -2.62721 -0.841929 -3.42408 -1.26049 -10.6276 3.65106 -1.24639 -7.93003 -3.41389 0.0587716 0.0770506 -0.0167047 1.68248 2.1202 7.44747 1.29716 0.00979302 3.22746 -0.890899 1.49655 0.841433
internal_weight=19610 68 19542 19505 17704 251 217 1801 1395 406 376 344 17453 15783 1670 574 110 464 420 300 120 234 129 93 62 1096 64 1023 538 182 148 356 276 232 139 100 485 435 395 342 297 255 198 161 131 80 68 93 66 105 15736 15695 14829 866 822 110 712 14787 205 95 161 669
internal_count=19610 68 19542 19505 17704 251 217 1801 1395 406 376 344 17453 15783 1670 574 110 464 420 300 120 234 129 93 62 1096 64 1023 538 182 148 356 276 232 139 100 485 435 395 342 297 255 198 161 131 80 68 93 66 105 15736 15695 14829 866 822 110 712 14787 205 95 161 669
is_linear=0
shrinkage=0.05


Tree=154
num_leaves=63
num_cat=4
split_feature=2 15 8 18 16 17 14 19 9 3 24 16 3 15 3 14 17 18 17 8 14 24 25 5 2 5 13 11 9 14 6 3 11 9 14 6 10 9 13 6 7 6 10 5 10 11 15 6 14 10 11 11 18 9 4 24 10 11 8 4 14 15
split_gain=782057 1.81258e+06 1.07567e+06 601107 1.70767e+06 2.84553e+06 3.39351e+06 1.56691e+06 1.43722e+06 1.47208e+06 1.30096e+06 1.41358e+06 1.21181e+06 1.14012e+06 1.1277e+06 1.074e+06 2.55095e+06 1.22862e+06 1.05677e+06 1.05207e+06 1.00705e+06 2.26579e+06 951108 1.28058e+06 924508 1.1759e+06 919826 893446 854831 827976 825907 1.50365e+06 822300 1.01735e+06 1.14046e+06 813059 1.28077e+06 1.1449e+06 811841 1.07993e+06 1.65543e+06 1.59775e+06 1.00639e+06 2.08412e+06 1.25579e+06 1.53155e+06 1.02246e+06 1.12362e+06 1.01675e+06 1.17502e+06 1.86397e+06 934473 934439 957896 966000 963838 838453 1.06744e+06 835305 818717 807577 1.02486e+06
threshold=13037.500000000002 -0.11794871794871929 12509.04166666667 11.500000000000002 4.9800000000000013 6.3350000000000009 7.285000000000001 2.5000000000000004 694.32472310472406 5919.5000000000009 0 3.9450000000000007 4587.5000000000009 0.3366357751733467 6313.5000000000009 3.8450000000000002 6.3750000000000009 2.5000000000000004 7.3000000000000007 3745.8750000000005 4.3450000000000006 1 2 7193.0000000000009 3861.5000000000005 3239.5000000000005 7.5750000000000011 592.60981273216362 259.84057611767042 6.1950000000000012 5766.2500000000009 4929.5000000000009 750.30508228010581 653.93994752403705 4.6250000000000009 12000.375000000002 1307.2560509709017 1231.8664067305215 9.1650000000000009 5861.8750000000009 4781.0625000000009 6883.1250000000009 346.72563778467526 5786.5000000000009 438.55902641375798 598.07478320514986 -0.3028998737010592 4116.1250000000009 8.2700000000000014 826.69858601521844 927.54013843235236 994.26637911456032 8.5000000000000018 758.30652836876914 4432.5000000000009 3 334.72501891592293 325.5546948682051 6388.7500000000009 2199.5000000000005 8.3500000000000014 -0.057742782152231234
decision_type=2 2 2 2 2 2 2 2 2 2 1 2 2 2 2 2 2 2 2 2 2 1 1 2 2 2 2 2 2 2 2 2 2 2 2 2 2 2 2 2 2 2 2 2 2 2 2 2 2 2 2 2 2 2 2 1 2 2 2 2 2 2
left_child=2 -2 3 4 5 7 -7 8 9 12 11 -9 19 35 30 16 -15 -17 -8 -1 26 -22 -19 24 25 -24 -5 29 -21 -26 31 -12 -23 34 -34 36 37 38 42 40 -40 -41 43 46 45 -44 47 -6 49 52 -51 59 53 55 -55 -46 57 -48 -54 -50 -61 -62
right_child=1 -3 -4 20 13 6 18 10 -10 -11 14 -13 -14 15 -16 17 -18 22 -20 28 21 32 23 -25 27 -27 -28 -29 -30 -31 -32 -33 33 -35 -36 -37 -38 -39 39 41 -42 -43 44 -45 48 -47 56 -49 51 50 -52 -53 58 54 -56 -57 -58 -59 -60 60 61 -63
leaf_value=-1.8508542636523442 12.76168696944778 -3.6287717832672985 -9.3883177972608998 -0.13087896189986289 1.8923870484034222 17.636762307901854 -4.8057427348512594 4.6123190482980325 -9.712310488240588 10.183070724241196 3.707224768521669 -2.5589368172808191 -8.8314068169063997 0.87864400810665555 13.763036485980539 5.1673274551052604 -18.862894484202069 0.42204930000348928 6.5918775556222444 -1.1608075253168744 1.6735319949177481 -4.5960700103792096 -1.4821859275972522 -13.278496663885958 10.011982505552231 -10.901436351935068 8.6335510359207799 -5.4442065489292153 9.9459362716209601 -0.99912032265412187 -1.7696292380897365 15.610690081504083 10.579045929447297 -5.8045090828623094 -0.96622813680897601 8.3675204311647722 -8.7713783435332484 10.068310362497966 2.4015840067497258 -9.2384158199483704 13.956530885696413 4.6612840970357263 -2.4217776049015134 13.96811717248732 3.5726033276792557 -13.201560391606513 0.63329851273911286 13.649230372111004 -8.034156125433304 14.690150119162894 -0.24387938280900323 -8.7404498747416906 -4.8188450929144739 0.8620104703036221 -9.2081991536276675 -1.0667133998412353 8.0177209734916683 -4.6538282489776615 3.9061508234809423 -5.6175258037022182 7.6461461044707395 -3.7990198289194419
leaf_weight=196 37 31 31 14102 63 61 33 114 45 31 184 173 45 36 34 64 30 208 53 30 312 472 74 34 31 60 30 40 41 38 49 31 31 56 69 31 39 30 271 44 35 39 301 31 305 37 562 30 34 37 48 56 142 55 42 172 32 115 34 35 53 31
leaf_count=196 37 31 31 14102 63 61 33 114 45 31 184 173 45 36 34 64 30 208 53 30 312 472 74 34 31 60 30 40 41 38 49 31 31 56 69 31 39 30 271 44 35 39 301 31 305 37 562 30 34 37 48 56 142 55 42 172 32 115 34 35 53 31
internal_value=-0.0632283 5.28957 -0.0818543 -0.0670678 0.444318 2.13252 8.61648 1.15293 -1.31083 -0.20859 2.78701 0.279826 -1.24109 -0.125367 5.02368 -2.06852 -8.09478 -1.34405 2.21837 0.0381713 -0.217681 -1.80238 -2.20329 -4.0439 -2.91824 -5.69976 -0.112273 0.501253 5.25295 3.9479 4.08844 5.42354 -3.50018 -0.408794 2.61281 0.316585 0.223215 0.356392 0.244504 2.35118 3.72323 -2.70723 -0.125472 1.2473 -0.952909 -3.60181 0.755596 5.68492 -0.0953131 0.685338 6.25682 -3.21418 0.0539034 1.03117 -3.49829 1.95226 0.109014 -0.26481 -3.13333 -1.19149 0.763552 3.42233
internal_weight=19610 68 19542 19511 4439 1120 147 973 388 343 585 287 312 3319 298 615 66 549 86 267 15072 940 485 277 243 134 14132 109 71 69 264 215 628 156 100 2704 2673 2634 2604 389 306 83 2215 833 1382 338 802 93 1044 835 85 209 750 574 97 477 709 677 176 153 119 84
internal_count=19610 68 19542 19511 4439 1120 147 973 388 343 585 287 312 3319 298 615 66 549 86 267 15072 940 485 277 243 134 14132 109 71 69 264 215 628 156 100 2704 2673 2634 2604 389 306 83 2215 833 1382 338 802 93 1044 835 85 209 750 574 97 477 709 677 176 153 119 84
cat_boundaries=0 1 2 3 4
cat_threshold=125 1440 3 3219
is_linear=0
shrinkage=0.05


Tree=155
num_leaves=63
num_cat=1
split_feature=12 12 7 13 10 0 0 0 3 2 14 8 16 5 5 2 10 12 10 2 13 13 10 13 12 18 10 10 13 12 12 12 13 14 12 18 16 13 3 10 16 16 5 18 4 10 5 5 5 13 0 10 24 3 2 2 5 3 0 13 10 1
split_gain=728576 1.13549e+06 2.44428e+06 1.02242e+06 943348 2.52831e+06 1.63481e+06 1.13202e+06 782212 766476 1.14548e+06 981252 685630 1.41329e+06 658547 1.35674e+06 956572 1.18827e+06 1.46393e+06 1.31337e+06 1.03122e+06 1.0696e+06 994460 2.68789e+06 1.33871e+06 1.12663e+06 1.04121e+06 1.31646e+06 976048 1.20575e+06 1.4856e+06 1.59278e+06 1.56156e+06 1.3333e+06 2.67531e+06 1.33206e+06 984088 1.52984e+06 2.19216e+06 2.33203e+06 1.87795e+06 1.37735e+06 971361 941579 923351 1.80471e+06 1.26277e+06 898882 1.16862e+06 894212 734790 844688 1.34273e+06 1.32459e+06 963679 1.21402e+06 1.00852e+06 773429 858978 1.42838e+06 738223 1.20019e+06
threshold=2.4050000000000007 2.4550000000000005 6286.6875000000009 2.0400000000000005 399.98669615567007 6138.5000000000009 10153.000000000002 8595.0000000000018 8017.5000000000009 13037.500000000002 4.6450000000000005 12509.04166666667 3.1450000000000005 5733.5000000000009 7001.0000000000009 8207.5000000000018 411.93480709408033 2.7450000000000006 379.87595469812675 8760.0000000000018 3.8050000000000002 3.2950000000000004 473.7570484450078 4.2150000000000007 3.6450000000000005 28.500000000000004 526.28070595787494 542.91704674150401 2.5250000000000004 2.7550000000000003 3.0450000000000004 3.1350000000000002 2.9450000000000007 3.6950000000000007 4.2950000000000008 40.500000000000007 4.245000000000001 6.8050000000000006 10059.500000000002 840.32627862978347 6.7950000000000008 3.8450000000000002 9196.5000000000018 29.500000000000004 6746.5000000000009 799.86790254836058 9863.0000000000018 7605.0000000000009 8769.5000000000018 5.8700000000000001 8081.5000000000009 735.22960432326715 0 7741.5000000000009 7171.0000000000009 6522.5000000000009 6230.0000000000009 6977.5000000000009 6356.5000000000009 3.6450000000000005 813.88196116091763 6221.5000000000009
decision_type=2 2 2 2 2 2 2 2 2 2 2 2 2 2 2 2 2 2 2 2 2 2 2 2 2 2 2 2 2 2 2 2 2 2 2 2 2 2 2 2 2 2 2 2 2 2 2 2 2 2 2 2 1 2 2 2 2 2 2 2 2 2
left_child=4 2 3 -2 5 -1 7 8 12 11 -11 14 -6 -14 15 50 17 -16 19 20 21 -19 23 24 25 -18 43 -28 -29 42 -31 -32 -33 34 -34 36 41 38 39 49 -41 -35 -30 47 45 -39 -46 -24 -49 -38 51 53 54 57 55 56 -53 -3 59 -59 61 -54
right_child=1 9 -4 -5 6 -7 -8 -9 -10 10 -12 -13 13 -15 16 -17 22 18 -20 -21 -22 -23 26 -25 -26 -27 27 28 29 30 31 32 33 35 -36 -37 37 44 -40 40 -42 -43 -44 -45 46 -47 -48 48 -50 -51 -52 52 60 -55 -56 -57 -58 58 -60 -61 -62 -63
leaf_value=-0.822233070101972 8.1971975033933457 -0.029487112838406535 15.630925615855626 -0.33899972338896955 -0.09102318248328041 10.311945101450075 8.1021118545532236 -12.871303587248832 4.3992683502935597 11.757696848055897 -1.4225001819198952 -8.9189018864785474 -2.9825198191262428 -11.868055708388814 4.7843792351809418 8.5671782595046029 10.533514750798545 -2.7994417905807496 -13.267204404913862 6.0955509985646898 0.12122377455234529 -15.362918817996979 -14.328581622987986 14.669090687922944 -8.690895734514509 -2.7603291792028095 7.1314327252994891 -7.6926420129075339 0.59319699832371309 -7.2584115346740283 10.113219517299108 10.443515680631002 -2.2261099039183723 -1.2007055328687033 -17.915778160095215 8.4852264626081606 -2.2228265227942634 1.4362917114706601 -5.2582427997215122 22.038393749910242 5.0227539124027381 -11.090676732166955 12.056486769878504 2.032405818833245 8.5311549966082421 -14.420252318131297 -3.182210589710035 1.1855579376220704 -11.497444832324982 7.9896389701787163 -6.625489830389256 0.50752051641293272 3.805432643671081 -8.8786596718288617 -8.1320282008912823 10.085017924308778 -7.772425784715792 15.100669408567024 0.90738223929640283 0.02612597942352295 2.1349043843685651 13.969980044364929
leaf_weight=1342 44 14582 35 173 85 53 30 33 31 34 32 31 168 61 33 47 30 32 46 31 48 36 32 39 35 34 55 49 42 85 35 30 180 150 32 43 58 34 51 34 31 46 33 36 33 38 76 42 32 34 41 357 106 42 36 30 41 33 142 30 256 40
leaf_count=1342 44 14582 35 173 85 53 30 33 31 34 32 31 168 61 33 47 30 32 46 31 48 36 32 39 35 34 55 49 42 85 35 30 180 150 32 43 58 34 51 34 31 46 33 36 33 38 76 42 32 34 41 357 106 42 36 30 41 33 142 30 256 40
internal_value=-0.0599496 0.037028 3.36949 1.39184 -1.01773 -0.399214 -3.13251 -4.02415 -3.1779 -0.0108092 5.3673 -0.0311051 -3.92596 -5.34941 -0.0153231 0.0847181 -0.95798 -3.98351 -5.48268 -3.04671 -5.4899 -9.45069 -0.486089 3.55121 -0.828557 3.47116 -0.911068 -0.419964 -0.792788 -0.47533 -0.938389 -0.344796 -0.76552 -1.16584 -4.59436 -0.00844525 -0.632766 0.822901 3.7479 6.67347 13.9232 -3.52182 5.63704 -4.95403 -2.53843 -6.93244 0.364038 -7.32679 -4.29898 1.55135 0.0593828 0.0768457 1.59472 -0.0117965 -0.269382 0.385668 -0.345439 0.0133883 3.06319 7.92232 3.66192 6.59024
internal_weight=19610 17807 252 217 1803 1395 408 378 345 17555 66 17489 314 229 17458 15783 1675 226 193 147 116 68 1449 138 99 64 1311 1169 1114 1065 990 905 870 840 212 628 585 389 208 157 65 196 75 142 181 72 109 106 74 92 15736 15695 866 14829 464 428 398 14787 205 63 402 146
internal_count=19610 17807 252 217 1803 1395 408 378 345 17555 66 17489 314 229 17458 15783 1675 226 193 147 116 68 1449 138 99 64 1311 1169 1114 1065 990 905 870 840 212 628 585 389 208 157 65 196 75 142 181 72 109 106 74 92 15736 15695 866 14829 464 428 398 14787 205 63 402 146
cat_boundaries=0 1
cat_threshold=2712
is_linear=0
shrinkage=0.05


Tree=156
num_leaves=63
num_cat=0
split_feature=4 17 14 17 18 16 4 5 13 14 11 15 9 12 4 9 9 14 16 22 9 19 13 9 10 18 0 14 12 13 11 17 3 17 18 12 2 14 12 18 17 2 12 11 15 2 9 11 12 7 15 12 3 12 4 7 9 6 5 17 15 18
split_gain=1.11976e+06 1.06608e+06 3.64827e+06 2.79882e+06 1.98409e+06 1.69306e+06 2.3619e+06 3.19279e+06 2.92275e+06 4.60398e+06 2.74786e+06 2.12081e+06 2.57438e+06 1.87263e+06 1.85809e+06 1.78902e+06 2.19357e+06 1.96686e+06 1.36773e+06 1.80496e+06 1.32852e+06 1.25793e+06 1.36267e+06 1.19784e+06 1.18134e+06 1.17778e+06 1.10369e+06 1.08402e+06 1.08085e+06 1.75441e+06 1.086e+06 922803 1.5489e+06 1.00589e+06 1.79726e+06 1.48292e+06 968796 956905 897707 930154 1.98209e+06 1.87985e+06 1.06835e+06 1.15025e+06 949613 1.65577e+06 1.45766e+06 1.30779e+06 924095 885458 862784 852342 843626 839604 835509 1.42799e+06 831022 820471 812728 800352 1.43577e+06 1.19578e+06
threshold=12976.000000000002 4.8550000000000013 2.6850000000000005 4.6450000000000005 8.5000000000000018 7.1000000000000005 8680.5000000000018 9407.5000000000018 6.7650000000000015 6.3350000000000009 1048.2668171720497 1.0805156550320125 150.39545057246914 6.1950000000000012 9320.0000000000018 1146.5486801455722 845.76848128397535 4.1850000000000014 6.2600000000000007 15.350000000000001 719.37773962376161 1.5000000000000002 5.995000000000001 238.53327860055904 351.86348221421889 3.5000000000000004 12274.500000000002 5.0550000000000006 9.9400000000000031 9.1650000000000009 531.22112040396325 4.4850000000000012 6433.0000000000009 4.0250000000000012 9.5000000000000018 4.2950000000000008 9208.5000000000018 4.1650000000000009 9.8100000000000005 11.500000000000002 3.7950000000000004 7764.0000000000009 6.1950000000000012 684.00041807237665 -0.21037258625615515 4696.5000000000009 436.14996453638099 553.18896436060481 4.3450000000000006 6121.3125000000009 -0.031035806552534958 4.7250000000000005 3886.5000000000005 9.5750000000000011 3236.5000000000005 4122.5000000000009 758.30652836876914 3540.6250000000005 6621.0000000000009 3.8750000000000004 0.060909791827291802 39.500000000000007
decision_type=2 2 2 2 2 2 2 2 2 2 2 2 2 2 2 2 2 2 2 2 2 2 2 2 2 2 2 2 2 2 2 2 2 2 2 2 2 2 2 2 2 2 2 2 2 2 2 2 2 2 2 2 2 2 2 2 2 2 2 2 2 2
left_child=1 3 -3 25 -5 6 7 8 11 52 -8 12 -4 18 15 16 17 24 20 -20 23 -15 -23 -14 -7 27 31 54 29 30 -11 33 -33 38 -35 36 -36 -37 39 40 41 42 44 -44 47 -46 -47 -27 -49 -25 -2 -6 57 56 -1 -56 -19 -10 -29 -41 -61 -62
right_child=50 2 5 4 51 14 10 -9 9 28 -12 -13 13 21 -16 -17 -18 53 19 -21 -22 22 -24 49 -26 26 -28 58 -30 -31 -32 32 -34 34 35 37 -38 -39 -40 59 -42 -43 43 -45 45 46 -48 48 -50 -51 -52 -53 -54 -55 55 -57 -58 -59 -60 60 61 -63
leaf_value=-2.2550175419320229 -11.601933295017965 14.139084512453813 -14.308826020691129 2.0670776407969629 -16.009025038505087 -0.83827309190181265 20.725818192618235 -14.486194647512129 14.600927240708296 9.0357620739936841 2.6044293293586147 11.140616028838688 -7.0909164269765217 -0.37120247712877935 -12.102307504912218 10.908961609638098 -9.918337752327087 -0.81250352967031236 14.137578693656033 0.03268485466639201 -9.7895128250122081 -2.8877793427669642 -16.954154982831746 1.0006819239303921 -10.810629713150764 2.5760617826476913 7.7258822897206194 -2.725399306166072 -6.5874976929496318 10.316985917475916 -0.48721387247748427 0.99145951633359874 13.314302340675804 -10.029306954241569 -1.9743103767688883 5.3094817675153418 -10.405900996440167 -2.0137255896564943 -4.0101247542095884 -0.14383513292873326 -6.2232621980787712 12.708464837718655 0.26696859850841559 -9.7455657760302241 2.1572335410863164 5.3922780721615524 20.052157862981161 -7.8062070290247609 1.1971782656092393 9.9726498170332487 -0.3902746304869652 -6.2387200189799801 20.225533943691037 4.1590815712244078 11.475919608226638 -0.85213564959439358 7.0299859910397915 4.1801895030339562 -10.323917904653047 -0.062602213599063733 2.2688953263419016 11.510814719597498
leaf_weight=92 37 52 36 38 49 57 35 31 51 35 52 36 39 61 36 33 63 388 43 48 33 33 36 165 62 554 46 476 34 62 207 102 34 62 430 120 37 71 137 13613 86 37 654 30 128 39 30 57 57 33 32 41 33 156 41 55 37 30 38 270 84 60
leaf_count=92 37 52 36 38 49 57 35 31 51 35 52 36 39 61 36 33 63 388 43 48 33 33 36 165 62 554 46 476 34 62 207 102 34 62 430 120 37 71 137 13613 86 37 654 30 128 39 30 57 57 33 32 41 33 156 41 55 37 30 38 270 84 60
internal_value=-0.0439754 -0.0215743 1.06713 -0.14657 -7.51313 0.721209 1.97889 1.32051 1.80327 4.79773 9.89464 -0.6008 -1.40287 -0.456608 -0.991476 -0.488977 -0.981941 -0.177665 1.39639 6.69763 -0.390332 -5.60223 -10.2268 0.918414 -6.03395 -0.0925035 -0.00835493 -2.09888 1.86709 2.81267 0.890076 -0.029669 4.07217 -0.0633638 -1.89115 -1.12433 -2.64234 2.58724 0.0197383 0.0549055 1.16965 1.57053 1.30448 -0.172178 2.47215 5.52279 11.7661 1.57249 -3.30451 2.49601 -6.40232 -11.5581 13.4868 1.02182 1.14991 4.41297 -0.129746 10.7414 -3.28716 -0.0779706 2.08776 6.1197
internal_weight=19654 19585 2017 17568 128 1965 1133 1046 1015 452 87 563 527 491 832 796 763 700 361 91 270 130 69 237 119 17440 16738 702 338 304 242 16692 136 16556 720 658 467 191 15836 15699 1672 1586 1549 684 865 197 69 668 114 198 69 90 114 581 188 96 425 81 514 14027 414 144
internal_count=19654 19585 2017 17568 128 1965 1133 1046 1015 452 87 563 527 491 832 796 763 700 361 91 270 130 69 237 119 17440 16738 702 338 304 242 16692 136 16556 720 658 467 191 15836 15699 1672 1586 1549 684 865 197 69 668 114 198 69 90 114 581 188 96 425 81 514 14027 414 144
is_linear=0
shrinkage=0.05


Tree=157
num_leaves=63
num_cat=3
split_feature=17 14 17 18 21 12 13 14 18 15 14 18 13 12 9 12 25 9 12 13 18 18 13 12 14 25 14 12 10 22 22 13 12 3 12 11 12 24 12 17 17 14 10 11 5 7 18 17 2 13 1 6 1 6 3 3 14 3 23 2 11 15
split_gain=934609 3.31189e+06 2.51203e+06 1.79064e+06 1.45739e+06 2.72064e+06 1.84398e+06 1.25325e+06 1.31517e+06 1.728e+06 1.56637e+06 1.5065e+06 4.16e+06 2.23006e+06 1.09201e+06 1.06891e+06 1.65964e+06 1.41345e+06 1.21023e+06 1.07195e+06 1.0411e+06 1.01931e+06 1.00989e+06 1.03095e+06 978326 957384 1.28291e+06 1.1595e+06 908584 874914 849183 1.07561e+06 819284 800688 789862 772337 769238 753996 727063 708748 1.20101e+06 1.6323e+06 1.60758e+06 1.52402e+06 1.39875e+06 1.0341e+06 819812 1.7888e+06 1.65046e+06 975859 1.66772e+06 2.6094e+06 1.37094e+06 1.18569e+06 782102 895153 769968 753872 686477 1.64478e+06 1.02544e+06 1.13285e+06
threshold=4.8550000000000013 2.6850000000000005 4.6450000000000005 8.5000000000000018 1.0000000180025095e-35 6.5700000000000012 6.6250000000000009 3.2050000000000005 51.500000000000007 0.51231889937473574 3.6350000000000002 3.5000000000000004 7.330000000000001 7.1400000000000015 374.1855582669736 7.2650000000000006 0 486.34170084734473 6.5700000000000012 7.330000000000001 3.5000000000000004 2.5000000000000004 5.4750000000000005 5.2950000000000008 5.0550000000000006 1 9.5750000000000011 9.9400000000000031 1099.0435471173262 6.7100000000000009 35.125000000000007 8.7150000000000016 6.4450000000000012 4493.5000000000009 9.8100000000000005 266.78642415671601 4.7250000000000005 2 6.7650000000000015 4.4850000000000012 4.0250000000000012 4.1650000000000009 556.42148688815473 502.69970778418184 5417.5000000000009 5087.8750000000009 11.500000000000002 3.7950000000000004 7764.0000000000009 7.1350000000000007 5941.5000000000009 5364.7500000000009 4718.5000000000009 6752.3750000000009 9829.5000000000018 6638.0000000000009 8.2700000000000014 5379.5000000000009 1.0000000180025095e-35 8547.0000000000018 651.02888614029507 -0.10402929508696972
decision_type=2 2 2 2 2 2 2 2 2 2 2 2 2 2 2 2 1 2 2 2 2 2 2 2 2 1 2 2 2 2 2 2 2 2 2 2 2 1 2 2 2 2 2 2 2 2 2 2 2 2 2 2 2 2 2 2 2 2 2 2 2 2
left_child=2 -2 20 -4 7 6 -6 -3 10 -10 -9 12 13 21 -11 16 18 30 19 22 24 32 -13 33 -1 26 -19 28 -27 -15 31 -17 -12 -24 39 -36 -5 -26 -20 40 46 42 43 -42 -43 -41 47 48 49 56 51 52 -51 -52 55 -46 -22 -45 -48 60 -60 -62
right_child=1 4 3 36 5 -7 -8 8 9 14 11 15 -14 29 -16 17 -18 25 38 -21 34 -23 23 -25 37 27 -28 -29 -30 -31 -32 -33 -34 -35 35 -37 -38 -39 -40 45 41 44 -44 57 54 -47 58 -49 -50 50 53 -53 -54 -55 -56 -57 -58 -59 59 -61 61 -63
leaf_value=1.0924172640163847 13.432130351433386 -6.5147269863070862 1.9637238392704413 -15.208573643528688 -4.0689423356737411 18.283228425495327 8.1272516371773893 -8.1041525274515163 14.644676544103357 -1.8833013424506555 -1.6229940285116939 8.0600146748298833 20.974267435842947 2.4128209475314981 9.5213576193778753 12.729128819029286 -4.4343570016867275 -9.9047114883769645 -10.116363566262383 10.666398079693318 1.9161122591494326 10.032633870840073 10.960554711280331 -2.2191614691760733 -0.96811965983505388 1.5000794718488002 -0.10437248286078958 -6.3728859537526183 10.5997391979484 -7.5334056181694153 1.2767802682253393 2.7025173399183489 8.3128992587327968 -0.40356325641755131 0.44325797994931543 -7.1235481658539221 -5.9267840655838571 -4.9106670869541347 -1.224663958976518 -0.069004150570892708 -0.055304982590060385 -2.2723228019432393 -6.4402427109512121 3.7019967919901795 -5.7435101866722107 8.6545861441513594 0.026214162217847926 -5.9120990938918538 11.786627090604682 0.7762055346863953 -13.061443896409941 14.245855177532542 -7.1619075805421861 -0.62609611087375228 -2.6881476174382604 -16.405132482316759 9.1758336788729622 14.304801177978517 -1.5506790539747022 -11.495393724319264 -2.5454279136657716 10.307850362658501
leaf_weight=188 52 66 38 49 63 32 61 56 36 65 59 43 31 33 31 53 292 55 35 32 940 66 31 176 248 142 85 38 34 67 101 54 32 31 60 77 41 266 67 82 252 231 74 38 35 58 13314 86 38 398 41 33 63 36 34 45 38 30 693 39 30 40
leaf_count=188 52 66 38 49 63 32 61 56 36 65 59 43 31 33 31 53 292 55 35 32 940 66 31 176 248 142 85 38 34 67 101 54 32 31 60 77 41 266 67 82 252 231 74 38 35 58 13314 86 38 398 41 33 63 36 34 45 38 30 693 39 30 40
internal_value=-0.0417767 0.977235 -0.158441 -7.13747 0.647975 5.28514 1.9308 0.248528 0.50433 5.3027 0.111655 0.40715 3.67187 1.5848 1.79945 -0.333778 -1.62758 1.29384 0.443469 1.99553 -0.107415 5.30197 1.0081 -0.26599 -1.99394 -0.628243 -3.69087 1.47872 3.25797 -4.25115 4.56507 7.66897 1.87095 5.2785 -0.028609 -3.80962 -10.9802 -3.1228 -4.27574 0.00246842 -0.027539 -1.99764 0.201282 1.73713 -4.50886 3.54505 0.0646709 1.11122 1.49181 1.23926 -0.40318 0.663649 -0.308613 -7.24752 -9.0408 -11.7407 2.19819 8.3797 -0.0593634 -1.48004 -0.968112 4.7993
internal_weight=19654 2019 17635 128 1967 156 124 1811 1745 132 1613 1557 288 257 96 1269 707 562 415 313 17507 157 281 238 702 354 140 214 176 100 208 107 91 62 16805 137 90 514 102 16668 16528 739 394 320 345 140 15789 1673 1587 1549 571 494 461 77 114 80 978 68 14116 802 763 70
internal_count=19654 2019 17635 128 1967 156 124 1811 1745 132 1613 1557 288 257 96 1269 707 562 415 313 17507 157 281 238 702 354 140 214 176 100 208 107 91 62 16805 137 90 514 102 16668 16528 739 394 320 345 140 15789 1673 1587 1549 571 494 461 77 114 80 978 68 14116 802 763 70
cat_boundaries=0 1 2 3
cat_threshold=22 20 2864
is_linear=0
shrinkage=0.05


Tree=158
num_leaves=63
num_cat=2
split_feature=17 14 17 14 16 12 13 15 13 9 16 9 13 12 12 14 12 21 14 9 9 16 14 16 12 5 12 16 15 11 2 21 9 17 5 2 26 9 11 3 9 9 11 9 9 9 3 1 10 23 9 24 0 2 15 11 5 6 9 15 5 8
split_gain=842029 2.98953e+06 2.26699e+06 1.44678e+06 1.34788e+06 1.8866e+06 2.74441e+06 4.62555e+06 1.81204e+06 1.72958e+06 1.50899e+06 1.65177e+06 1.85545e+06 1.43666e+06 1.34885e+06 1.31634e+06 1.20079e+06 1.32523e+06 1.19336e+06 1.6435e+06 2.70627e+06 1.18469e+06 1.16838e+06 1.07161e+06 943060 1.10456e+06 941768 890838 1.042e+06 1.13409e+06 974495 870927 1.17984e+06 1.26312e+06 991270 911163 851805 1.54986e+06 1.19358e+06 1.58605e+06 1.31355e+06 1.46863e+06 1.61098e+06 1.42583e+06 1.27447e+06 1.4886e+06 1.24224e+06 1.6119e+06 1.53139e+06 1.14545e+06 1.11945e+06 1.29898e+06 1.44383e+06 3.11454e+06 1.39113e+06 2.03182e+06 1.01898e+06 979859 1.20084e+06 821707 1.56503e+06 958400
threshold=4.8550000000000013 2.6850000000000005 4.6450000000000005 6.3350000000000009 7.1000000000000005 9.9400000000000031 6.7650000000000015 0.28112173816422431 9.1650000000000009 147.38257925375851 6.2600000000000007 682.92687436130893 6.3350000000000009 6.3350000000000009 5.9300000000000006 3.6350000000000002 6.3750000000000009 1.0000000180025095e-35 4.4850000000000012 845.76848128397535 1358.5763117382219 5.6500000000000012 8.1900000000000013 5.955000000000001 9.8100000000000005 5195.5000000000009 4.7250000000000005 5.8700000000000001 -0.27343069437029549 1048.2668171720497 6220.5000000000009 1.0000000180025095e-35 404.9357446632452 3.6050000000000004 5786.5000000000009 5369.5000000000009 0 1358.5763117382219 887.71003892986232 6908.5000000000009 502.19430273945625 475.73136677148472 540.00165539225952 526.30305815902068 471.03803808401068 730.52783388576552 7064.5000000000009 6393.5000000000009 658.35832580345334 1.0000000180025095e-35 447.93554223237965 1 6003.5000000000009 5744.5000000000009 -0.037443834248627648 481.55363699477556 5126.5000000000009 6883.1250000000009 296.29313838859264 0.060909791827291802 5381.5000000000009 5257.0833333333348
decision_type=2 2 2 2 2 2 2 2 2 2 2 2 2 2 2 2 2 2 2 2 2 2 2 2 2 2 2 2 2 2 2 2 2 2 2 2 1 2 2 2 2 2 2 2 2 2 2 2 2 2 2 1 2 2 2 2 2 2 2 2 2 2
left_child=2 -2 24 26 5 6 9 8 13 -3 15 12 14 22 -12 -11 27 -18 -6 -20 -21 -9 -8 -10 31 -26 -4 28 -17 30 -30 36 34 59 35 -33 37 38 40 -40 41 49 -43 -42 -41 -46 47 -45 -48 50 51 52 53 54 -1 -56 -52 -54 -59 61 -61 -34
right_child=1 4 3 -5 18 -7 7 21 23 10 11 -13 -14 -15 -16 16 17 -19 19 20 -22 -23 -24 -25 25 -27 -28 -29 29 -31 -32 32 33 -35 -36 -37 -38 -39 39 44 43 42 -44 46 45 -47 48 -49 -50 -51 56 -53 57 -55 55 -57 -58 58 -60 60 -62 -63
leaf_value=-1.9587455712045942 12.760523799749521 -9.8307761192321781 -17.76076497751124 -1.3811072701499576 -5.0533861812618044 -9.2176793694496162 11.865440029051246 21.549867519651144 3.8112923868191553 -10.558091416954994 13.898504304241492 14.901801236470542 -5.5668455865072168 -2.0247927408567898 -0.11996150463819505 5.7407366008089298 0.21314464211463929 13.349190836027265 1.058250824112817 -10.012169211132582 7.219144178205922 10.432707821695429 0.47854539036750793 16.156823231279851 -1.9526395756434771 -12.445243666966757 -5.7110048494031354 -7.7346743766297692 -2.0966550764249217 -10.241000882317039 6.838061985216644 -0.62824886181886108 -3.8053218920152272 -9.7753063433510921 4.5540602684020994 -9.0498042135527648 -0.13467068765677248 -7.6129983071927674 14.089895026748247 -4.1780554334322613 -9.4150073593738028 1.2179652564866204 16.87004715704149 -0.11933945444520233 12.330921955730604 0.037875543337947924 9.6229072694120745 -7.2144552292607047 -1.1651962460655916 -3.3942342032631525 2.2000517336527508 0.90465398101128458 -3.3744281380604479 17.031708157062532 13.08374664166878 -2.3103044622084674 -9.8651344662620915 -2.318137461344401 11.406571651907528 -1.0959599028031031 -14.778241056384463 3.5783036272666031
leaf_weight=70 52 42 34 63 144 38 41 35 39 32 37 33 46 191 32 57 48 32 571 86 31 76 50 32 153 30 31 47 155 34 38 1202 91 70 91 33 12499 54 37 48 51 35 31 294 46 53 58 110 76 139 30 1699 78 56 58 34 42 30 34 57 33 85
leaf_count=70 52 42 34 63 144 38 41 35 39 32 37 33 46 191 32 57 48 32 571 86 31 76 50 32 153 30 31 47 155 34 38 1202 91 70 91 33 12499 54 37 48 51 35 31 294 46 53 58 110 76 139 30 1699 78 56 58 34 42 30 34 57 33 85
internal_value=-0.0399502 0.927275 -0.150686 -6.7806 0.614449 1.73507 2.11447 5.03548 2.23607 -0.0266871 0.67005 5.04115 2.21157 0.438563 7.39719 -0.790273 -0.0297612 5.46756 -0.914278 -0.0479533 -5.44661 13.9381 5.6089 9.37548 -0.102212 -3.67274 -12.014 -1.35842 -0.303194 -1.82083 -0.337488 -0.0644956 -1.15279 -3.79926 -0.482186 -0.853278 0.0509903 0.782605 0.930945 4.83701 0.68523 1.21728 8.5697 -1.4249 2.50805 5.7498 -0.667476 -2.05118 3.50428 1.00351 1.29036 1.50466 4.19471 6.86684 3.35305 7.39464 -4.83797 0.387844 4.97311 -2.22662 -6.1128 -0.239366
internal_weight=19654 2019 17635 128 1967 1135 1097 464 353 633 591 148 115 282 69 443 411 80 832 688 117 111 91 71 17507 183 65 331 284 227 193 17324 1662 336 1326 1235 15662 3163 3109 184 2925 2336 66 589 147 99 538 404 134 2270 2131 2059 360 218 162 92 72 142 64 266 90 176
internal_count=19654 2019 17635 128 1967 1135 1097 464 353 633 591 148 115 282 69 443 411 80 832 688 117 111 91 71 17507 183 65 331 284 227 193 17324 1662 336 1326 1235 15662 3163 3109 184 2925 2336 66 589 147 99 538 404 134 2270 2131 2059 360 218 162 92 72 142 64 266 90 176
cat_boundaries=0 1 2
cat_threshold=8 2114
is_linear=0
shrinkage=0.05


Tree=159
num_leaves=63
num_cat=3
split_feature=10 15 1 3 17 14 14 9 5 3 18 13 14 5 10 25 9 15 12 10 17 5 6 2 17 15 17 18 15 18 18 24 11 2 2 10 9 12 5 3 22 11 5 14 18 9 15 22 24 11 9 5 14 15 13 12 15 15 12 13 17 14
split_gain=703157 2.01605e+06 978251 1.08572e+06 738289 2.35001e+06 1.82854e+06 1.30546e+06 2.10647e+06 1.59388e+06 1.40399e+06 3.1837e+06 1.80415e+06 1.79703e+06 1.33741e+06 1.19525e+06 1.11988e+06 1.09424e+06 1.51412e+06 1.14954e+06 1.00848e+06 1.37639e+06 2.14938e+06 965916 950488 1.54364e+06 1.46751e+06 1.09638e+06 1.41064e+06 1.00656e+06 1.03927e+06 1.36175e+06 2.03755e+06 2.00828e+06 1.53409e+06 1.55706e+06 1.35733e+06 3.42166e+06 1.29435e+06 1.77213e+06 1.86719e+06 1.58347e+06 1.54845e+06 1.23904e+06 1.21524e+06 1.20791e+06 1.11677e+06 996126 989134 955069 929746 1.36165e+06 976280 926575 902313 1.34556e+06 1.22449e+06 939851 900473 1.08793e+06 2.42206e+06 1.24768e+06
threshold=1631.2668936365978 -0.13753363029133442 13053.500000000002 12991.500000000002 4.8550000000000013 2.6850000000000005 2.9750000000000005 1231.8664067305215 7883.5000000000009 9591.0000000000018 3.5000000000000004 7.5750000000000011 3.8450000000000002 6028.5000000000009 735.22960432326715 0 758.30652836876914 0.23595118267385309 6.4750000000000005 463.73422177842218 4.0250000000000012 8021.0000000000009 10043.875000000002 3657.5000000000005 3.7750000000000004 0.060909791827291802 3.7650000000000001 39.500000000000007 0.10402206121208545 3.5000000000000004 21.500000000000004 1 972.04358842203749 7895.5000000000009 7445.5000000000009 481.2649620776038 682.92687436130893 2.8450000000000002 6836.0000000000009 6254.5000000000009 5.3850000000000007 512.24983175942066 6230.0000000000009 3.8250000000000006 33.500000000000007 367.34219898427858 0.022241245472199068 4.0900000000000007 2 1117.3797887098003 176.97268992294923 3829.5000000000005 3.1150000000000007 -0.097668971894978626 3.8750000000000004 3.7950000000000004 0.027572764996482504 -0.048190932481589975 3.8350000000000004 4.0450000000000008 3.2850000000000006 3.7850000000000006
decision_type=2 2 2 2 2 2 2 2 2 2 2 2 2 2 2 1 2 2 2 2 2 2 2 2 2 2 2 2 2 2 2 1 2 2 2 2 2 2 2 2 2 2 2 2 2 2 2 2 1 2 2 2 2 2 2 2 2 2 2 2 2 2
left_child=2 -2 3 4 20 -6 -7 9 -9 10 11 12 -8 15 -15 -14 -11 19 23 -12 24 50 -23 -19 26 54 29 28 -27 48 31 -31 33 34 38 -36 37 -35 39 46 42 53 -41 -34 -32 -44 -33 -43 -1 58 51 -22 -52 -40 55 -26 57 -57 59 -46 -61 -62
right_child=1 -3 -4 -5 5 6 7 8 -10 16 17 -13 13 14 -16 -17 -18 18 -20 -21 21 22 -24 -25 25 27 -28 -29 -30 30 44 32 43 36 35 -37 -38 -39 41 40 -42 47 45 -45 49 -47 -48 -49 -50 -51 52 -53 -54 -55 -56 56 -58 -59 -60 60 61 -63
leaf_value=-4.8010261833807677 4.6844501046573415 -11.229124266654253 7.064869748329631 -9.0703538349180501 11.743783114637647 -11.197731513530016 -8.0300871323316532 -2.0222481584548953 15.917133363253541 -0.43633331791047125 -5.3904606045253818 18.820211689029971 -2.0899144271568018 18.245385225357548 4.250976421958522 4.2832724905656487 -13.77064737379551 3.3655899833230416 0.89227834817094731 -0.19645987072782148 -2.1019200861454013 -13.129435408261955 1.1850242656210195 15.568855191815286 10.376696399052939 11.703775072820259 -9.2026659217747788 10.913904145864342 -0.39957695328787474 -0.6002877826564903 -0.97235791139511774 1.5782619821288424 3.1833385721555558 10.945945321641318 16.778943115280523 2.8117818474769596 -9.9386043310165419 -6.3923898481553607 -3.6332451300187545 15.578281466875758 -2.2074755489826203 -3.7750451229236748 -2.7339071907103065 14.171804774325828 0.28237516234583676 10.450791697753104 -0.681851040683913 -14.907848668098451 -0.54830750829511299 -8.3194343686103824 8.4951270253427573 -13.014407004288266 -0.56857153276602435 8.1279421974630921 -1.5070618109491498 -1.7249086685478687 -4.9079828174297626 5.8583680957819517 -1.4573676286904398 -0.12327217033339873 15.10209235681428 2.3845493745803834
leaf_weight=203 34 48 49 33 49 32 39 30 36 31 124 31 125 31 38 157 32 34 359 756 156 61 46 31 45 33 44 65 89 1625 3849 2083 58 41 31 56 64 93 33 56 48 54 32 46 5091 38 741 32 409 33 31 35 714 34 293 64 65 113 714 144 54 30
leaf_count=203 34 48 49 33 49 32 39 30 36 31 124 31 125 31 38 157 32 34 359 756 156 61 46 31 45 33 44 65 89 1625 3849 2083 58 41 31 56 64 93 33 56 48 54 32 46 5091 38 741 32 409 33 31 35 714 34 293 64 65 113 714 144 54 30
internal_value=-0.0103982 -4.63081 0.00896862 -0.00874887 0.00660111 0.933487 0.652626 0.857163 7.76287 0.602254 0.887546 3.39802 2.17215 3.30573 10.5383 1.53606 -7.20932 0.0770335 2.16366 -0.928342 -0.0956173 -1.60345 -6.97556 9.18561 -0.000321259 1.71842 -0.0840959 5.6688 2.87428 -0.0585276 0.0221448 0.597247 1.14542 0.939964 1.23888 7.78859 -3.94838 -1.08738 1.05804 1.28697 6.18431 -3.42778 9.38118 8.04362 -0.277442 4.4235 0.985222 -7.91748 -2.04634 0.163496 -0.989332 -4.10159 -0.191424 2.33512 0.444767 2.4374 0.961085 3.11639 0.209897 0.433704 3.81271 10.5601
internal_weight=19645 82 19563 19514 19481 1935 1886 1854 66 1788 1725 421 390 351 69 282 63 1304 424 880 17546 1043 107 65 16503 767 15736 187 122 15692 15080 5165 3540 3436 3238 87 198 134 3151 2998 174 153 126 104 9915 70 2824 86 612 6066 936 191 745 67 580 287 242 177 6033 5319 228 84
internal_count=19645 82 19563 19514 19481 1935 1886 1854 66 1788 1725 421 390 351 69 282 63 1304 424 880 17546 1043 107 65 16503 767 15736 187 122 15692 15080 5165 3540 3436 3238 87 198 134 3151 2998 174 153 126 104 9915 70 2824 86 612 6066 936 191 745 67 580 287 242 177 6033 5319 228 84
cat_boundaries=0 1 2 3
cat_threshold=24 2588 1088
is_linear=0
shrinkage=0.05


Tree=160
num_leaves=63
num_cat=4
split_feature=16 18 24 15 19 10 17 25 15 13 13 24 16 3 11 10 9 9 15 5 15 0 16 4 5 14 14 14 4 5 15 13 19 3 15 15 16 11 7 15 13 25 15 17 12 7 15 14 5 14 11 13 14 7 11 13 18 14 4 9 10 15
split_gain=656847 1.3768e+06 1.47859e+06 1.5061e+06 1.282e+06 1.37684e+06 866818 1.4028e+06 1.93175e+06 1.99641e+06 1.34634e+06 1.27579e+06 1.55951e+06 1.41049e+06 2.02372e+06 3.66878e+06 1.20212e+06 1.68072e+06 1.16277e+06 1.09218e+06 1.40313e+06 1.38947e+06 1.04395e+06 1.53447e+06 1.3292e+06 2.61789e+06 1.65946e+06 1.45784e+06 1.18906e+06 919775 882677 826154 948496 800596 2.05146e+06 3.18563e+06 1.62283e+06 1.53592e+06 1.43587e+06 725464 713242 887036 916176 815332 874665 1.08998e+06 781131 710445 708335 855929 953283 1.01999e+06 1.70353e+06 1.36106e+06 1.18861e+06 792845 1.24747e+06 788251 717677 702149 1.54193e+06 691146
threshold=2.4550000000000005 42.500000000000007 0 -0.095219548163533174 10.500000000000002 129.46962550486714 4.4850000000000012 1 0.47868823477415384 7.285000000000001 8.0350000000000019 2 9.5650000000000031 11297.000000000002 927.54013843235236 799.86790254836058 1358.5763117382219 1089.2495048815579 0.29275577515509837 11937.000000000002 -0.11365130911305052 12274.500000000002 7.455000000000001 3141.5000000000005 6028.5000000000009 3.9650000000000003 6.1950000000000012 3.3550000000000004 3987.5000000000005 8197.5000000000018 0.73280580661934025 6.4450000000000012 2.5000000000000004 10881.000000000002 -1.0000000180025095e-35 0.066786409220175716 3.3650000000000007 1081.975543674517 10847.875000000002 0.16544598343839209 2.7250000000000005 3 0.096992722290778044 2.7050000000000005 3.9350000000000005 4879.3750000000009 -0.070516776034720632 9.5750000000000011 3150.5000000000005 4.2150000000000007 1019.579804422808 5.7000000000000011 5.3050000000000006 4139.9375000000009 770.55090682099728 8.7150000000000016 8.5000000000000018 3.3050000000000002 2157.5000000000005 367.34219898427858 199.00634851506513 0.066786409220175716
decision_type=2 2 1 2 2 2 2 1 2 2 2 1 2 2 2 2 2 2 2 2 2 2 2 2 2 2 2 2 2 2 2 2 2 2 2 2 2 2 2 2 2 1 2 2 2 2 2 2 2 2 2 2 2 2 2 2 2 2 2 2 2 2
left_child=1 40 3 -3 -5 -6 19 8 9 18 -11 12 13 14 15 22 17 39 -8 21 -21 33 24 -24 27 -26 -27 -9 31 -14 -10 32 -29 38 36 -36 -35 -38 -2 -16 -1 42 43 46 45 -45 -42 -12 58 57 51 -51 -53 -54 61 56 -56 -50 -13 60 -4 -55
right_child=6 2 59 4 5 -7 7 11 30 10 47 48 29 -15 16 -17 -18 -19 -20 20 -22 -23 23 -25 25 26 -28 28 -30 -31 -32 -33 -34 34 35 -37 37 -39 -40 -41 41 -43 -44 44 -46 -47 -48 -49 49 50 -52 52 53 54 55 -57 -58 -59 -60 -61 -62 -63
leaf_value=-2.6540235275250614 -0.21871830021867847 15.363116046709891 -2.7545808381504484 12.738096507819925 11.310574059933424 -0.54955202948588588 -4.4473971568621122 11.877468437897534 11.064563997693964 9.0528095890836013 -5.3341369984513625 0.78199315016919924 0.47445171950519954 12.667394750118255 1.155637895351632 17.585025077069609 6.088845589756966 -12.302130596565478 -13.904888050372785 0.78941684722900396 -14.379055498492333 10.192510211467743 6.4775216259970909 -6.1155205548819858 -2.0031694412231444 24.401777935028079 7.7712007459004724 5.8194807767868042 -4.9826996552092693 -9.2965338273225608 0.63969333012898766 8.4150869612260291 -4.6824320438296301 -14.094104718262296 14.371823010023903 -5.8115681363188703 -10.256165435237271 5.2429141485329831 10.222367142186021 -7.1614398571752735 -3.1835359759249933 -0.151327248117409 -5.168257632851601 4.7457364254460046 0.83431902783257628 16.114954035346575 3.9362825890919115 2.492962726375513 1.0452783697843553 -3.951222921178696 -7.1548515961283732 13.301476217905682 -2.6827312551586835 11.393326553308739 9.2841643639973235 -6.879050446325734 -4.4892732804821387 -7.5878041232243563 6.9895064650043368 -5.436082984680354 6.8176079883605629 2.9672837109035921
leaf_weight=196 15050 39 90 37 32 104 195 38 37 41 59 187 69 40 170 52 60 33 39 30 31 32 41 59 30 30 30 43 56 37 45 55 43 53 34 46 31 33 33 31 59 1053 32 49 42 37 111 57 40 94 42 30 151 53 35 31 31 78 62 43 79 45
leaf_count=196 15050 39 90 37 32 104 195 38 37 41 59 187 69 40 170 52 60 33 39 30 31 32 41 59 30 30 30 43 56 37 45 55 43 53 34 46 31 33 33 31 59 1053 32 49 42 37 111 57 40 94 42 30 151 53 35 31 31 78 62 43 79 45
internal_value=-0.00997395 0.84807 3.37779 6.19485 4.4861 2.24107 -0.107393 0.804875 -1.60002 -3.09714 1.26465 1.43913 2.73742 3.51273 3.03778 5.04888 -0.225122 -1.84409 -6.02365 -0.24204 -6.91915 -0.21544 3.51504 -0.952373 4.88963 10.0566 16.0865 2.91079 1.18118 -2.93618 5.3436 3.62924 0.568524 -0.237237 -3.40407 2.76637 -7.62318 -2.26445 -0.195874 -0.127095 0.168778 0.568828 2.78691 3.73468 6.74872 9.63714 1.46529 -1.48806 0.0691558 -0.822385 0.0623729 0.707316 1.87195 0.880952 3.64052 -0.283219 2.81482 -4.66134 2.32764 0.256429 1.71999 7.52423
internal_weight=19645 2003 424 212 173 136 17642 2269 473 391 157 1796 917 811 771 477 294 234 234 15373 61 15312 425 100 325 90 60 235 197 106 82 141 86 15280 197 80 117 64 15083 201 1579 1383 330 298 128 86 170 116 879 630 512 470 376 346 195 97 66 118 249 212 169 98
internal_count=19645 2003 424 212 173 136 17642 2269 473 391 157 1796 917 811 771 477 294 234 234 15373 61 15312 425 100 325 90 60 235 197 106 82 141 86 15280 197 80 117 64 15083 201 1579 1383 330 298 128 86 170 116 879 630 512 470 376 346 195 97 66 118 249 212 169 98
cat_boundaries=0 1 2 3 4
cat_threshold=3099 8 2065 20
is_linear=0
shrinkage=0.05


Tree=161
num_leaves=63
num_cat=5
split_feature=16 18 24 15 13 13 17 25 15 13 13 12 8 13 14 14 18 14 16 23 3 12 3 9 9 14 14 0 2 11 13 14 14 17 7 16 16 15 2 3 1 9 15 2 18 13 21 25 13 12 4 7 24 16 16 16 0 16 1 25 14 11
split_gain=592755 1.2426e+06 1.33443e+06 1.35926e+06 1.0248e+06 1.27447e+06 782303 1.26602e+06 1.7434e+06 1.80176e+06 1.21507e+06 1.1952e+06 3.31863e+06 1.21024e+06 2.9866e+06 2.53007e+06 1.93917e+06 3.65306e+06 1.62259e+06 1.95483e+06 1.81796e+06 1.29373e+06 1.45005e+06 1.23022e+06 1.65352e+06 1.11564e+06 1.10152e+06 1.09734e+06 2.24492e+06 1.03557e+06 1.01533e+06 954945 931797 929400 1.68723e+06 1.4187e+06 1.84173e+06 932521 855168 1.41228e+06 1.03552e+06 847443 796616 792974 761591 717544 711045 718642 811174 825946 751259 1.34269e+06 766192 1.42592e+06 708557 686434 1.28974e+06 1.21813e+06 1.94692e+06 847627 1.14285e+06 1.07215e+06
threshold=2.4550000000000005 42.500000000000007 0 -0.095219548163533174 3.5450000000000004 3.9150000000000005 4.4850000000000012 1 0.47868823477415384 7.285000000000001 8.0350000000000019 4.5750000000000011 4558.9583333333348 4.9350000000000014 3.3550000000000004 3.5450000000000004 3.5000000000000004 5.1800000000000006 9.5650000000000031 1.0000000180025095e-35 10881.000000000002 7.7600000000000007 5233.5000000000009 1005.4342130189797 845.76848128397535 5.245000000000001 2.9750000000000005 9667.5000000000018 5058.0000000000009 887.71003892986232 9.3850000000000016 3.3150000000000004 4.2150000000000007 4.0250000000000012 5686.6875000000009 2.8150000000000004 3.7550000000000003 -0.25329120589784121 13037.500000000002 12991.500000000002 12250.500000000002 175.52006057991176 0.73280580661934025 2433.5000000000005 2.5000000000000004 4.0650000000000004 1.0000000180025095e-35 2 2.7250000000000005 4.245000000000001 10576.000000000002 7150.9375000000009 3 2.1050000000000004 6.7950000000000008 2.6750000000000003 3296.5000000000005 2.6850000000000005 3895.5000000000005 4 3.5450000000000004 704.40824063106993
decision_type=2 2 1 2 2 2 2 1 2 2 2 2 2 2 2 2 2 2 2 2 2 2 2 2 2 2 2 2 2 2 2 2 2 2 2 2 2 2 2 2 2 2 2 2 2 2 2 1 2 2 2 2 1 2 2 2 2 2 2 1 2 2
left_child=1 46 3 -3 -5 -6 33 8 9 25 -11 12 -9 26 -15 -16 17 -17 19 20 21 23 29 24 32 -8 -13 28 43 -23 -20 -28 -18 38 37 -36 45 -35 39 40 55 -39 -10 -19 -45 -37 47 48 -1 50 51 52 53 -50 -27 56 -2 58 -57 60 -58 -61
right_child=6 2 -4 4 5 -7 7 11 42 10 -12 13 -14 14 15 16 18 27 30 -21 -22 22 -24 -25 -26 54 31 -29 -30 -31 -32 -33 -34 34 35 36 -38 41 -40 -41 -42 -43 -44 44 -46 -47 -48 -49 49 -51 -52 -53 -54 -55 -56 57 59 -59 -60 61 -62 -63
leaf_value=-2.4886578953266145 0.76264040474997508 14.594960380211857 0.2436073534719243 0.25452063428350241 12.376904528305449 -0.052996432315558201 -12.025694564536765 -1.4065986343052077 10.511335897445679 8.6001692546576987 -1.4136588577566478 -7.780658328135809 19.193824885873234 14.552794748002833 -12.150983290812549 18.345162037346096 -9.4797327629725139 6.7893306040763868 -1.7606531798121443 10.491880277720366 12.648286708324186 4.2374029934406279 10.671834549588979 -8.0315131645117486 10.966607911356036 -1.6132662595808505 6.1860426659279684 -6.0982492224375413 13.788995821932529 -3.307494318726901 -11.71987066140046 -1.6848431893598255 -0.38071554641323635 -5.1983224236821561 -15.281931064058753 -2.5917799504597987 -8.2469150146659551 -3.1179191571190246 7.7716248133603258 -11.004665064811707 -9.4249989322821293 2.2042703526065899 0.60770875030093729 -3.999715942972236 3.941257965220855 8.3439695962270104 -3.2958480513271162 -0.65864520479009325 -0.045775951500655269 -2.9949146671081657 -4.6934215361072171 13.589876448313397 1.3376175070689484 10.151835615967595 -8.2679495196541151 -2.3344152604832371 4.7224637019483344 -0.06538933201798125 14.035005947871085 -4.8792112915736991 -3.4360373758255167 2.5087232725960869
leaf_weight=105 428 39 212 83 58 32 54 46 37 41 116 60 34 44 34 45 30 50 83 55 31 118 53 56 31 120 47 30 47 74 37 214 453 83 34 30 98 105 34 30 30 260 45 72 52 30 136 703 57 67 31 30 364 86 60 34 79 13510 39 399 94 56
leaf_count=105 428 39 212 83 58 32 54 46 37 41 116 60 34 44 34 45 30 50 83 55 31 118 53 56 31 120 47 30 47 74 37 214 453 83 34 30 98 105 34 30 30 260 45 72 52 30 136 703 57 67 31 30 364 86 60 34 79 13510 39 399 94 56
internal_value=-0.0094791 0.805629 3.2089 5.8851 4.26179 7.95738 -0.102023 0.764631 -1.52002 -2.94229 1.20142 1.36717 7.34858 1.09629 1.73325 1.31573 1.66339 5.22669 0.630354 1.35778 0.763956 0.311914 3.35047 -0.994133 -0.227415 -5.72246 -1.67181 2.87477 4.09283 1.32947 -4.83141 -0.267481 -0.945872 -0.229938 -2.09523 -6.01676 -4.02299 -0.41458 -0.14891 -0.167231 -0.145067 0.67323 5.07642 1.47375 -0.66963 2.87609 0.160291 0.486026 1.56127 2.25553 2.87486 3.31176 2.70358 5.68921 -3.83149 -0.126049 -1.354 -0.0305834 6.41089 -2.79654 0.2737 -3.88455
internal_weight=19645 2003 424 212 173 90 17642 2269 473 391 157 1796 80 1716 1395 1351 1317 296 1021 901 846 815 245 570 514 234 321 251 221 192 120 261 483 15373 640 192 158 448 14733 14699 14669 365 82 174 124 60 1579 1443 740 635 568 537 507 143 180 14639 1056 13583 73 628 173 455
internal_count=19645 2003 424 212 173 90 17642 2269 473 391 157 1796 80 1716 1395 1351 1317 296 1021 901 846 815 245 570 514 234 321 251 221 192 120 261 483 15373 640 192 158 448 14733 14699 14669 365 82 174 124 60 1579 1443 740 635 568 537 507 143 180 14639 1056 13583 73 628 173 455
cat_boundaries=0 1 2 3 4 5
cat_threshold=3099 8 21 530 1
is_linear=0
shrinkage=0.05


Tree=162
num_leaves=63
num_cat=1
split_feature=4 13 11 11 16 11 5 13 13 2 15 16 16 7 16 4 4 5 13 15 2 16 2 6 0 9 1 6 2 2 16 0 1 6 8 8 15 0 16 22 8 0 5 2 4 12 24 0 7 18 22 11 0 4 2 4 0 2 7 4 13 15
split_gain=744542 3.26364e+06 1.99432e+06 1.51384e+06 1.12516e+06 961849 1.01512e+06 2.96178e+06 944064 846190 711463 668238 1.73577e+06 721124 702093 1.87643e+06 3.25113e+06 1.61125e+06 1.71722e+06 1.70472e+06 1.30208e+06 1.03481e+06 1.90558e+06 1.00073e+06 2.02506e+06 885001 803397 1.83565e+06 1.81898e+06 1.67581e+06 1.07729e+06 1.41965e+06 1.13867e+06 1.14252e+06 1.05332e+06 1.90107e+06 1.40765e+06 1.0284e+06 843792 793371 788767 781686 778871 969952 799461 761434 758146 1.01314e+06 1.31631e+06 887980 1.48839e+06 776345 751665 918314 745702 2.22735e+06 1.17764e+06 1.128e+06 2.77586e+06 1.15551e+06 1.52562e+06 892670
threshold=11640.500000000002 3.7350000000000008 869.41992545365997 1615.8184432060948 3.2250000000000005 1454.1591851786363 11937.000000000002 5.4750000000000005 6.3350000000000009 12237.500000000002 -0.095219548163533174 11.450000000000001 11.06 4026.5625000000005 3.0750000000000006 9801.0000000000018 10576.000000000002 7605.0000000000009 4.0150000000000006 0.0076231798716245259 8547.0000000000018 3.1050000000000004 4995.5000000000009 7629.8750000000009 7474.5000000000009 436.14996453638099 4589.5000000000009 4642.8750000000009 4397.5000000000009 4918.5000000000009 2.7750000000000004 6484.5000000000009 5630.5000000000009 5861.8750000000009 5538.916666666667 6577.9166666666679 -0.091593605925479132 6003.5000000000009 2.9450000000000007 5.3850000000000007 6975.5833333333348 6955.5000000000009 4410.5000000000009 4607.5000000000009 6133.5000000000009 3.8250000000000006 0 4140.5000000000009 4055.5625000000005 47.500000000000007 15.350000000000001 365.31515932795531 3666.5000000000005 3722.5000000000005 10661.500000000002 9550.0000000000018 10691.500000000002 9623.0000000000018 9829.3750000000018 10576.000000000002 3.3950000000000005 -0.14024896265560391
decision_type=2 2 2 2 2 2 2 2 2 2 2 2 2 2 2 2 2 2 2 2 2 2 2 2 2 2 2 2 2 2 2 2 2 2 2 2 2 2 2 2 2 2 2 2 2 2 1 2 2 2 2 2 2 2 2 2 2 2 2 2 2 2
left_child=3 2 -2 5 -4 6 9 -8 -7 11 -3 12 14 -14 15 17 -17 19 20 23 -19 22 -16 24 26 40 46 28 -28 39 31 32 -31 -34 36 38 -32 -35 -36 -29 -21 -33 43 -27 45 -44 47 48 52 -48 -51 -49 53 -1 57 -56 -57 58 -23 60 -59 -62
right_child=1 10 4 -5 -6 8 7 -9 -10 -11 -12 -13 13 -15 21 16 -18 18 -20 25 -22 54 -24 -25 -26 42 27 29 -30 30 34 41 33 37 35 -37 -38 -39 -40 -41 -42 -43 44 -45 -46 -47 49 51 -50 50 -52 -53 -54 -55 55 56 -58 59 -60 -61 61 -63
leaf_value=-0.67080284211133234 -6.8164250916013351 -17.404572637153393 -0.17011664807796478 9.3164001342862157 10.547173501014711 -0.12457420190175375 16.701524220494662 -3.0462417951850007 -12.668261075019837 -8.0785542343602028 -7.0986431817798055 -5.5190904547061237 13.156780220480528 2.5211066261927289 -1.2487097934966391 15.351420765263695 -1.333382134359391 -7.3534645045245144 -15.258692103624345 -0.3358868206691718 3.9032627465773602 -0.22887560892178671 -11.512380330903191 8.6504236936569221 -11.45625214278698 -2.7885767488304629 2.9736482652567204 -7.5589268390089277 16.320181363953484 -0.29397759355910841 17.64242658155305 -10.089116001129151 13.049161541171191 -4.1908916458487511 -5.4680494644023758 10.017000095116892 3.654667935500274 7.1604348821460082 4.5871996150297276 0.62968712980096997 6.3588367801242409 0.052551899144524017 -11.654164333212174 5.5107563224549487 -2.1683457723325668 -2.5047192457559948 1.0539906339102969 -10.073298009236654 6.9889987738803034 -1.2291737197410493 11.130024553167409 -1.4160624824586463 -5.910133724697566 5.8693403530120847 14.514601734192935 6.1360915740951896 -6.732707772254944 -13.629627407590547 14.751087114887852 4.2658702945709228 3.458029512564341 -7.529202791813173
leaf_weight=509 52 33 48 43 50 30 34 43 30 33 34 56 34 30 235 56 61 54 32 1974 49 12857 56 44 32 109 59 64 45 146 35 38 41 32 54 59 37 53 34 55 45 38 59 52 136 37 1333 45 64 42 58 61 59 60 34 32 40 48 31 30 36 38
leaf_count=509 52 33 48 43 50 30 34 43 30 33 34 56 34 30 235 56 61 54 32 1974 49 12857 56 44 32 109 59 64 45 146 35 38 41 32 54 59 37 53 34 55 45 38 59 52 136 37 1333 45 64 42 58 61 59 60 34 32 40 48 31 30 36 38
internal_value=-0.0872123 -2.99984 1.09826 -0.0548514 5.29789 -0.0755289 -0.0560079 5.67355 -6.39642 -0.0788066 -12.1747 -0.065141 -0.0492848 8.17131 -0.0766897 0.385097 6.65251 0.255174 -5.14152 0.387422 -1.99832 -0.274677 -3.22385 1.16363 1.05573 -0.609226 1.18826 2.5585 8.74859 1.62006 2.75221 1.02328 2.71136 6.19373 5.49955 3.07274 10.4543 2.88699 -1.58307 -3.77427 -0.186673 -5.01828 -2.78005 -0.108047 -4.63433 -8.12782 0.70306 -0.532622 0.157977 1.38523 5.93916 -5.0913 -0.538179 0.0188432 -0.209394 3.96739 -1.01324 -0.243346 -0.192844 -4.52544 -6.68724 -2.18406
internal_weight=19748 217 150 19531 98 19488 19428 77 60 19351 67 19318 19262 64 19198 5761 117 5644 135 5509 103 13437 291 3097 3053 2412 3021 790 104 686 567 348 272 126 219 147 72 85 88 119 2019 76 393 161 232 96 2231 798 692 1433 100 106 628 569 13146 106 72 13040 12888 152 122 74
internal_count=19748 217 150 19531 98 19488 19428 77 60 19351 67 19318 19262 64 19198 5761 117 5644 135 5509 103 13437 291 3097 3053 2412 3021 790 104 686 567 348 272 126 219 147 72 85 88 119 2019 76 393 161 232 96 2231 798 692 1433 100 106 628 569 13146 106 72 13040 12888 152 122 74
cat_boundaries=0 1
cat_threshold=418
is_linear=0
shrinkage=0.05


Tree=163
num_leaves=63
num_cat=3
split_feature=4 15 2 9 12 18 0 16 0 21 15 2 17 9 4 15 2 9 0 12 0 3 4 9 15 16 0 4 6 0 14 3 2 8 0 9 0 15 12 12 16 3 10 18 9 24 4 4 3 0 15 9 10 24 10 24 18 0 16 4 6 6
split_gain=671949 1.69768e+06 1.20785e+06 963122 599238 1.84075e+06 971160 945834 1.31389e+06 1.63637e+06 1.198e+06 1.15016e+06 1.54332e+06 1.68739e+06 1.56458e+06 1.31295e+06 1.18734e+06 1.07444e+06 1.16304e+06 990746 1.73279e+06 1.66115e+06 1.62454e+06 1.44804e+06 1.37676e+06 1.08682e+06 1.08768e+06 1.133e+06 1.03943e+06 989524 968774 932213 954450 1.89998e+06 1.15428e+06 869936 1.90893e+06 2.08749e+06 1.45993e+06 1.29214e+06 1.80365e+06 1.2035e+06 1.77944e+06 1.07166e+06 1.3026e+06 1.17154e+06 1.23876e+06 1.11316e+06 1.53954e+06 1.50806e+06 932798 1.08233e+06 923226 942108 891672 848688 1.34374e+06 1.23818e+06 835002 802778 792767 970236
threshold=11640.500000000002 -0.11924743645241313 12237.500000000002 509.20931337257105 3.0450000000000004 50.500000000000007 11009.000000000002 3.4250000000000003 8809.0000000000018 1.0000000180025095e-35 -0.29515418502202712 12237.500000000002 9.3850000000000016 730.52783388576552 9550.0000000000018 0.16176106071448124 8372.0000000000018 336.05195416081227 10153.000000000002 3.1950000000000007 10427.000000000002 4388.5000000000009 9801.0000000000018 456.43719430683927 -0.0011715544936122702 3.2350000000000008 6540.5000000000009 5010.5000000000009 3911.3750000000005 10691.500000000002 3.1150000000000007 11297.000000000002 10108.000000000002 9798.1666666666697 8595.0000000000018 303.8598211399721 5684.5000000000009 0.051161820097870528 3.2750000000000004 3.6250000000000004 2.8050000000000002 8507.5000000000018 981.64908773175773 26.500000000000004 392.35883862728565 0 6894.5000000000009 6617.5000000000009 6103.5000000000009 6804.0000000000009 -0.046979865771812603 515.18241059136005 745.86447004928766 1 700.91566715217107 2 48.500000000000007 5275.5000000000009 2.6250000000000004 3722.5000000000005 8425.6250000000018 8083.6250000000009
decision_type=2 2 2 2 2 2 2 2 2 2 2 2 2 2 2 2 2 2 2 2 2 2 2 2 2 2 2 2 2 2 2 2 2 2 2 2 2 2 2 2 2 2 2 2 2 1 2 2 2 2 2 2 2 1 2 1 2 2 2 2 2 2
left_child=4 -2 3 -3 5 6 31 19 60 10 -10 12 13 15 16 17 -15 -12 -19 21 22 28 30 -24 25 26 27 -23 59 -18 -21 32 33 34 -1 36 55 39 -37 -38 -41 42 43 44 -40 50 -47 48 52 -49 51 -45 53 58 -52 56 -32 -57 -46 -6 61 -9
right_child=1 2 -4 -5 7 -7 -8 8 9 -11 11 -13 -14 14 -16 -17 29 18 -20 20 -22 24 23 -25 -26 -27 -28 -29 -30 -31 35 -33 -34 -35 -36 38 37 -39 41 40 -42 -43 -44 45 47 46 -48 49 -50 -51 54 -53 -54 -55 -56 57 -58 -59 -60 -61 -62 -63
leaf_value=-0.48921091321421362 -10.348564200103283 3.4995842038131344 7.2906618082523353 -5.925091666579247 0.58057873139935212 8.3130679817522992 -8.13884742373512 -0.36456979643595017 9.9124681846477483 13.149873721960819 9.3865921020507823 -7.1980952994307374 -8.7531789660453807 2.4030437100318172 -0.49244565391540535 -9.0620444503990392 20.739621021670683 -5.967561778835222 6.1928045690059665 2.2071089227908645 -8.8482665977478021 3.6020359786781109 -0.61131566365559897 13.63455468307842 -0.44803038069180084 16.601920005854439 -0.49062638533742808 15.816029343238245 -5.890503411023122 8.2991918805873759 1.5844634606247627 8.2828022865454365 -7.5025203996775112 10.648642976660478 -6.9498962702069962 -11.082550191879273 16.436506812517035 -3.6697494602203373 -2.2976733382791283 13.999789255857468 -2.3147401418950824 -7.6639413837728831 10.818272771835328 0.3309484437454579 12.741613260904948 -2.8958359710853219 -13.27754647347235 14.474950438156363 -6.05109333952268 0.74086640309064822 0.19734800167129812 12.705127222140632 10.89587809962611 -0.72864477369520397 -8.539532874612247 0.077336992175202068 12.099670269995025 -9.0330093333595691 2.8716147670745853 7.6313011365632226 -5.8176846390420742 5.9664496124767865
leaf_weight=5591 56 41 40 80 254 59 42 7627 39 33 33 41 32 31 50 37 31 51 32 638 50 37 30 44 56 34 38 39 53 33 383 30 49 38 70 34 43 40 216 32 36 58 35 43 30 393 31 41 60 39 207 30 31 161 34 2011 33 38 75 48 66 61
leaf_count=5591 56 41 40 80 254 59 42 7627 39 33 33 41 32 31 50 37 31 51 32 638 50 37 30 44 56 34 38 39 53 33 383 30 49 38 70 34 43 40 216 32 36 58 35 43 30 393 31 41 60 39 207 30 31 161 34 2011 33 38 75 48 66 61
internal_value=-0.0828517 -2.84985 -0.241602 -2.73161 -0.0521088 -0.474149 -0.563229 0.129636 -0.209872 2.43853 1.5764 0.700097 1.68139 2.80188 6.66671 -0.860876 10.4347 1.75501 -1.27923 0.639799 0.412112 2.634 0.507659 7.8592 6.22957 8.75623 6.41629 9.86974 0.567811 14.325 0.393657 -0.508162 -0.554044 -0.494301 -0.569099 0.113787 0.666304 6.12346 -0.838376 9.65254 5.36269 -0.603671 -0.316507 -0.596678 0.878709 -1.90214 -3.57066 2.44873 1.25414 7.77958 0.450282 5.41623 2.72994 1.77828 -1.03524 0.332012 2.36183 -0.0911752 5.19669 1.70122 -0.36118 -0.314337
internal_weight=19748 217 161 121 19531 5879 5820 13652 8197 443 410 371 330 298 145 153 95 116 83 5455 4896 559 4846 74 204 148 114 76 355 64 4772 5778 5748 5699 5661 4134 2616 151 1518 111 68 1484 1426 1391 653 738 424 437 357 80 314 73 297 266 241 2465 416 2049 105 302 7754 7688
internal_count=19748 217 161 121 19531 5879 5820 13652 8197 443 410 371 330 298 145 153 95 116 83 5455 4896 559 4846 74 204 148 114 76 355 64 4772 5778 5748 5699 5661 4134 2616 151 1518 111 68 1484 1426 1391 653 738 424 437 357 80 314 73 297 266 241 2465 416 2049 105 302 7754 7688
cat_boundaries=0 1 2 3
cat_threshold=643 1864 2064
is_linear=0
shrinkage=0.05


Tree=164
num_leaves=63
num_cat=0
split_feature=13 13 15 15 8 7 3 10 9 8 3 7 3 5 16 11 14 4 13 11 10 5 14 16 16 15 2 5 4 4 1 8 5 11 11 7 5 0 5 2 2 3 16 2 0 1 1 14 16 0 0 9 14 9 1 3 4 15 11 3 16 3
split_gain=644705 1.48366e+06 2.14261e+06 1.62684e+06 1.17196e+06 945901 1.89972e+06 695157 1.11326e+06 1.32278e+06 2.1702e+06 1.07585e+06 2.83011e+06 958583 1.00986e+06 888827 783520 692016 3.36685e+06 1.78774e+06 1.28255e+06 1.19603e+06 4.41553e+06 945909 769438 1.04737e+06 1.67712e+06 1.98203e+06 1.62954e+06 1.23983e+06 1.34918e+06 1.23781e+06 1.23864e+06 977075 968757 1.49396e+06 1.03188e+06 1.01897e+06 991419 880591 1.43154e+06 861399 846476 1.99272e+06 837198 710139 2.03251e+06 2.7081e+06 1.05602e+06 1.06311e+06 1.79421e+06 1.72984e+06 949682 1.02147e+06 838494 799659 1.28786e+06 707633 688534 679519 744338 673545
threshold=7.5600000000000014 8.2700000000000014 0.23595118267385309 -0.097668971894978626 10020.625000000002 3236.6875000000005 4720.5000000000009 900.22391795795545 273.43272994902276 4362.416666666667 4720.5000000000009 5963.6250000000009 6503.5000000000009 3940.5000000000005 7.2650000000000006 489.03383024062458 9.5750000000000011 11640.500000000002 3.7350000000000008 869.41992545365997 1221.6073574257323 11937.000000000002 5.1800000000000006 3.1050000000000004 3.0750000000000006 0.0076231798716245259 8760.0000000000018 7487.5000000000009 10576.000000000002 7970.5000000000009 7013.0000000000009 6975.5833333333348 5307.5000000000009 727.43195815120146 904.85721432381922 9829.3750000000018 7605.0000000000009 8809.0000000000018 5786.5000000000009 8050.5000000000009 7643.0000000000009 6009.5000000000009 3.0950000000000002 4995.5000000000009 6138.5000000000009 4589.5000000000009 4740.5000000000009 3.8550000000000004 2.7750000000000004 6540.5000000000009 6003.5000000000009 215.21258859257739 3.4350000000000005 451.77750787591373 7178.5000000000009 6977.5000000000009 6676.5000000000009 0.13684210526315513 565.00260288131278 4142.5000000000009 6.870000000000001 7340.5000000000009
decision_type=2 2 2 2 2 2 2 2 2 2 2 2 2 2 2 2 2 2 2 2 2 2 2 2 2 2 2 2 2 2 2 2 2 2 2 2 2 2 2 2 2 2 2 2 2 2 2 2 2 2 2 2 2 2 2 2 2 2 2 2 2 2
left_child=17 2 3 -2 7 -4 -7 8 13 15 -11 -12 -13 -3 -15 -10 -17 21 19 -19 -21 24 -23 -20 25 34 27 29 -28 30 31 32 33 -27 35 37 38 39 -36 40 45 57 43 -26 -43 -1 47 -47 49 50 51 -48 -53 -54 -51 56 -50 -34 -5 60 -9 -32
right_child=1 4 5 58 -6 6 -8 59 9 10 11 12 -14 14 -16 16 -18 18 23 20 -22 22 -24 -25 42 26 28 -29 -30 -31 61 -33 41 -35 36 -37 -38 -39 -40 -41 -42 44 -44 -45 -46 46 48 -49 55 54 -52 52 53 -55 -56 -57 -58 -59 -60 -61 -62 -63
leaf_value=0.65344955144896766 8.0683294756155401 0.41836441348527292 2.8037203978089726 0.10451568010691051 9.7957565991083797 19.911342567844052 3.88023370107015 3.8794892108028236 4.3960804135458806 14.885132692689481 -4.8513935653786913 15.584636950492859 -3.8563700700417542 -10.544656955494601 -1.5191092654119565 -5.8075189232826236 1.4359495653424945 -6.3453483453163742 -6.5360373699303835 10.181991075168957 -1.34468476051508 19.899276739178283 -4.4158826395522714 -18.600814643129706 -1.2133705977131339 -0.39572323427255029 12.66149585158267 -12.653816268023323 -1.9667596951127053 8.7126478523015987 -12.961128452233972 9.3244784653186805 -13.061323203359331 8.0284417710985458 -4.0400449917866634 11.689640285029556 -8.3161248491521462 -7.74455603686246 6.8448051343645382 8.2787768413623173 -8.7857890425904372 3.3879069620912725 -0.31063997183676845 -13.878482478543333 -6.3115313649177551 2.2300688356723426 7.4481784296035771 19.857331353264886 4.3941126911276651 -8.276381762822469 8.8188440158963211 -6.9867609764400287 -4.0377043260163381 4.4308015809130312 1.64629389444987 10.440125015305311 -6.7867834281921393 -3.0069520250956217 -8.1755545823197622 -6.8978712091983203 -5.8325231538099409 -2.5328245210647586
leaf_weight=2210 51 207 34 74 30 42 33 47 70 46 38 36 39 51 79 80 70 52 33 55 43 33 43 32 170 2078 47 34 32 36 32 32 42 35 52 33 57 33 35 42 37 44 12289 38 45 53 55 37 182 60 64 76 76 67 33 41 30 30 38 71 34 30
leaf_count=2210 51 207 34 74 30 42 33 47 70 46 38 36 39 51 79 80 70 52 33 55 43 33 43 32 170 2078 47 34 32 36 32 32 42 35 52 33 57 33 35 42 37 44 12289 38 45 53 55 37 182 60 64 76 76 67 33 41 30 30 38 71 34 30
internal_value=-0.0787275 1.05967 4.29485 0.665938 0.0797557 9.72157 12.8577 -0.256051 0.395903 2.25502 5.72963 2.00262 5.47531 -1.69491 -5.0599 -0.256179 -2.42723 -0.150421 -2.97063 1.1482 5.12437 -0.117402 6.14202 -12.4756 -0.143415 0.333069 -0.433782 -0.666113 6.73613 -0.49657 -0.636575 -0.44088 -0.578299 -0.256184 0.922793 1.10733 -3.08704 0.994534 0.338918 1.08869 0.988725 -4.80581 -0.364176 -3.52719 -1.5163 1.10992 2.41329 9.47683 1.48388 -0.0213342 1.28124 -0.479364 -2.4703 -0.0699428 -4.75543 4.0481 2.81191 -8.872 -2.70479 -3.3271 -0.197158 -7.91517
internal_weight=19748 1170 272 163 898 109 75 868 716 379 159 113 75 337 130 220 150 18578 215 150 98 18363 76 65 18287 5790 2517 2438 79 2404 2368 2306 2274 2113 3273 3129 144 3096 87 3063 3021 161 12497 208 89 2984 774 90 684 431 338 274 219 143 93 253 212 72 112 152 81 62
internal_count=19748 1170 272 163 898 109 75 868 716 379 159 113 75 337 130 220 150 18578 215 150 98 18363 76 65 18287 5790 2517 2438 79 2404 2368 2306 2274 2113 3273 3129 144 3096 87 3063 3021 161 12497 208 89 2984 774 90 684 431 338 274 219 143 93 253 212 72 112 152 81 62
is_linear=0
shrinkage=0.05


Tree=165
num_leaves=63
num_cat=1
split_feature=8 5 7 3 8 16 10 4 0 15 1 15 2 15 17 6 1 15 17 2 14 14 4 3 5 3 11 17 18 14 17 16 17 14 9 0 8 2 4 8 2 11 8 2 1 5 0 0 22 8 11 6 5 9 9 0 3 6 6 24 4 1
split_gain=616773 558869 1.58002e+06 1.23437e+06 1.19641e+06 1.41935e+06 1.36861e+06 1.3471e+06 1.1912e+06 1.80166e+06 1.10706e+06 1.19603e+06 1.03735e+06 1.03105e+06 2.60975e+06 2.21391e+06 1.5773e+06 1.35988e+06 1.51623e+06 2.90911e+06 1.89831e+06 1.35334e+06 1.25976e+06 1.40274e+06 1.70553e+06 1.21621e+06 1.2038e+06 1.12464e+06 947730 976606 881425 2.6681e+06 1.72143e+06 1.72051e+06 1.8351e+06 1.53642e+06 953604 1.11151e+06 978743 1.29382e+06 851475 828448 1.43021e+06 1.0222e+06 1.13937e+06 825668 815571 782718 1.09054e+06 980807 928062 730951 1.1624e+06 1.4042e+06 721814 691646 913579 1.11064e+06 1.8792e+06 947194 931671 932104
threshold=931.70833333333337 4041.5000000000005 4171.5625000000009 3968.5000000000005 4279.5833333333348 3.3850000000000002 708.4036244234486 4330.5000000000009 4384.5000000000009 -0.071600712036151246 4356.5000000000009 -0.21787611976579332 4918.5000000000009 -0.21274518968700945 2.0400000000000005 12784.375000000002 7659.0000000000009 -0.17967541984322263 4.245000000000001 8760.0000000000018 3.0750000000000006 3.9850000000000008 9320.0000000000018 8931.0000000000018 7001.0000000000009 4055.5000000000005 770.55090682099728 3.6750000000000003 7.5000000000000009 8.2700000000000014 5.6550000000000002 4.910000000000001 6.1950000000000012 3.5450000000000004 1231.8664067305215 9876.0000000000018 5368.416666666667 5503.5000000000009 5475.5000000000009 7416.041666666667 4332.5000000000009 560.8328188953509 6203.416666666667 5259.5000000000009 4673.5000000000009 3892.5000000000005 4823.5000000000009 4730.5000000000009 4.0900000000000007 4537.1250000000009 523.97751781380578 4150.1250000000009 3663.5000000000005 325.04326600182486 186.34801670566188 4054.5000000000005 4744.5000000000009 4642.8750000000009 5292.8750000000009 0 4655.5000000000009 4971.5000000000009
decision_type=2 2 2 2 2 2 2 2 2 2 2 2 2 2 2 2 2 2 2 2 2 2 2 2 2 2 2 2 2 2 2 2 2 2 2 2 2 2 2 2 2 2 2 2 2 2 2 2 2 2 2 2 2 2 2 2 2 2 2 1 2 2
left_child=-1 4 40 8 51 -6 7 -7 9 -4 -10 -12 46 14 16 17 26 18 19 20 -15 -18 23 24 -16 -19 28 -24 -5 47 55 -32 -33 -34 35 36 37 -35 -38 -40 -3 42 43 44 -22 54 -13 49 50 -30 -49 -2 53 -53 -9 -27 57 -57 59 -59 -61 -62
right_child=1 2 3 13 5 6 -8 45 10 -11 11 12 -14 15 22 -17 21 25 -20 -21 41 -23 27 -25 -26 30 -28 -29 29 -31 31 32 33 34 -36 -37 38 -39 39 -41 -42 -43 -44 -45 -46 -47 -48 48 -50 -51 -52 52 -54 -55 -56 56 -58 58 -60 60 61 -63
leaf_value=-4.5250528245777284 0.13653531114170622 -1.8223569709952807 1.2721451745313759 -7.2156216813458345 0.39647198573152709 12.589400924136863 -4.7692340508584055 1.0940163735420474 -6.7566325323922305 18.083240976234276 12.072810460726421 4.9448348719733106 8.3453765166772396 -7.2341971438105519 -2.363607160808388 10.737507478396099 0.98512604774967327 -7.8497657638329734 -4.5647686839103701 18.39946894790187 1.3122637623234801 15.759448021073496 -3.8646857271591823 4.4479130809589966 -10.066427766865699 3.0124541067043129 -8.5074994625189362 -14.931518130139873 -0.18438888972913717 8.4783176660537727 14.976268062326643 8.6863338073094685 -11.522046560049057 1.3189358046180324 12.203553475103071 -7.8208683676638842 8.9456664696074366 -8.9782382214069383 -5.8978713186775771 6.5163961078538453 -7.0755250723221721 0.50389499090066769 16.507284355163574 -3.1666385144898386 13.638762043819234 0.25428472989565365 -4.3184316530018236 -0.58659238740801811 -3.4116739694991809 8.5798353951552819 8.3263221180957299 10.698267264225905 -3.8637933686153212 -1.658677665112724 10.490102022588253 -0.26525835517986279 -0.15825365317219553 -8.4505470363025008 5.3494291249741899 -6.543947034868701 4.3760740510879028 -5.2039533371149105
leaf_weight=77 10275 834 34 36 412 64 31 31 35 30 30 35 37 41 413 48 31 52 56 33 38 31 48 59 87 147 39 44 71 42 36 60 32 76 31 59 57 40 41 43 85 82 30 33 37 77 74 80 178 58 46 34 268 71 60 426 3957 135 47 87 62 43
leaf_count=77 10275 834 34 36 412 64 31 31 35 30 30 35 37 41 413 48 31 52 56 33 38 31 48 59 87 147 39 44 71 42 36 60 32 76 31 59 57 40 41 43 85 82 30 33 37 77 74 80 178 58 46 34 268 71 60 426 3957 135 47 87 62 43
internal_value=-0.0588724 -0.0413348 -0.353371 -0.109511 0.187009 2.22833 5.09801 6.41648 3.17722 9.15235 1.36486 2.97993 1.11154 -0.236958 -1.53211 0.0436691 0.812027 -0.0451225 2.97569 4.41197 2.64344 8.37229 -3.73581 -2.84351 -3.7039 -0.239799 -0.0402204 -9.15752 0.60601 1.19881 -0.166231 1.89032 0.817217 -0.428553 0.594478 -0.544387 1.12609 -2.23181 3.88862 0.457051 -2.30823 4.48427 6.84942 4.16668 7.39334 4.06488 -1.34399 0.492712 -0.892087 3.75612 2.66733 0.0576051 -2.11668 2.34262 7.28924 -0.365429 -0.469811 -2.01085 -3.99915 -5.34283 -2.58305 0.452825
internal_weight=19686 19609 8286 7367 11323 675 263 232 275 64 211 176 146 7092 1263 5829 612 5781 350 294 261 62 651 559 500 5431 550 92 511 475 5379 475 439 379 347 316 257 116 141 84 919 220 138 108 75 168 109 433 304 129 126 10648 373 105 91 4904 4757 800 374 327 192 105
internal_count=19686 19609 8286 7367 11323 675 263 232 275 64 211 176 146 7092 1263 5829 612 5781 350 294 261 62 651 559 500 5431 550 92 511 475 5379 475 439 379 347 316 257 116 141 84 919 220 138 108 75 168 109 433 304 129 126 10648 373 105 91 4904 4757 800 374 327 192 105
cat_boundaries=0 1
cat_threshold=640
is_linear=0
shrinkage=0.05


Tree=166
num_leaves=63
num_cat=1
split_feature=8 5 7 3 8 16 0 15 22 15 1 15 15 17 6 1 16 5 15 17 11 3 12 11 15 5 0 16 5 7 15 17 16 14 0 25 14 1 13 13 6 8 12 15 5 18 16 14 15 18 14 14 1 14 1 6 5 9 12 5 18 13
split_gain=556581 505382 1.42518e+06 1.11442e+06 1.07976e+06 1.28096e+06 1.07506e+06 1.626e+06 1.04582e+06 1.16866e+06 999119 1.07942e+06 929619 2.3553e+06 1.99834e+06 1.42517e+06 1.58475e+06 1.32276e+06 1.22791e+06 1.3684e+06 2.16542e+06 1.09739e+06 998970 1.10606e+06 1.30683e+06 981922 807646 857631 1.25452e+06 1.59934e+06 813893 796126 2.40796e+06 1.57206e+06 1.85649e+06 1.48465e+06 1.39671e+06 1.3549e+06 1.91448e+06 1.15102e+06 1.22686e+06 941511 764386 861426 757161 743451 954204 1.24637e+06 1.45285e+06 915596 880145 784342 724640 788284 670803 659683 1.04907e+06 1.26729e+06 843484 885126 849826 650094
threshold=931.70833333333337 4041.5000000000005 4171.5625000000009 3968.5000000000005 4279.5833333333348 3.3850000000000002 4384.5000000000009 -0.071600712036151246 9.3500000000000014 -0.14024896265560391 4356.5000000000009 -0.21787611976579332 -0.21274518968700945 2.0400000000000005 12784.375000000002 7557.5000000000009 4.1450000000000005 6078.5000000000009 -0.17967541984322263 4.245000000000001 869.41992545365997 4055.5000000000005 2.6250000000000004 560.8328188953509 -0.19214478244127842 11937.000000000002 6411.0000000000009 3.4450000000000007 5524.5000000000009 5263.1875000000009 -0.29515418502202712 5.6550000000000002 4.910000000000001 6.1950000000000012 9439.5000000000018 0 8.3150000000000031 5368.5000000000009 6.0150000000000015 9.3850000000000016 6142.8750000000009 5624.0000000000009 3.7350000000000008 0.019996816223231403 3892.5000000000005 7.5000000000000009 5.5500000000000007 5.3900000000000015 -0.32487975513773543 10.500000000000002 6.5100000000000007 4.8550000000000013 4566.5000000000009 3.2750000000000004 4918.5000000000009 4150.1250000000009 3663.5000000000005 325.04326600182486 3.7050000000000005 3923.5000000000005 16.500000000000004 7.285000000000001
decision_type=2 2 2 2 2 2 2 2 2 2 2 2 2 2 2 2 2 2 2 2 2 2 2 2 2 2 2 2 2 2 2 2 2 2 2 1 2 2 2 2 2 2 2 2 2 2 2 2 2 2 2 2 2 2 2 2 2 2 2 2 2 2
left_child=-1 4 -3 6 55 42 7 -4 9 -7 -8 -12 13 15 18 17 -17 26 19 20 22 -20 -14 24 -24 45 27 -5 29 30 -29 -23 -33 34 37 39 41 -34 -39 40 -35 -37 43 52 -11 -15 47 49 -49 -47 -48 -51 53 -6 -32 61 57 -57 59 -58 -60 -2
right_child=1 2 3 12 5 8 10 -9 -10 44 11 -13 14 25 -16 16 -18 -19 21 -21 -22 31 23 -25 -26 -27 -28 28 -30 -31 54 32 33 35 -36 36 -38 38 -40 -41 -42 -43 -44 -45 -46 46 50 48 -50 51 -52 -53 -54 -55 -56 56 58 -59 60 -61 -62 -63
leaf_value=-4.2988002213177747 0.035400420689697253 -2.1928205011548298 1.2085377595003914 4.3713469538602743 6.7437844293767757 15.228334343111193 -6.4188010297502789 17.179078845431409 1.0658594014468017 8.722866032645106 11.46916982372602 1.0559589087146601 -3.7019073017233732 3.0603580759919211 10.200632372498513 0.89418159494033223 16.17975936015447 -4.2958852682182256 -7.4572773300684423 -4.3365302460534236 15.500593059127397 -0.34801879796164559 11.468792262547453 -0.77897112305099903 1.4901382391570044 -11.138441617488862 8.854678129788601 2.8093221067968344 -9.4051972234571313 10.029946459950629 -1.4281068717377097 14.227454976571932 -7.3418407609727652 4.5915280602699111 -12.854197855253478 -3.5713111510007263 -7.4863075057665514 -4.9784006011486062 9.5714310939495384 0.16697489462400739 16.467416131801226 6.9077666889233846 -2.5303313790833299 -2.6543203414302985 0.68356582500316487 2.0958078850399366 -13.070063103569879 9.0899216698437204 -1.7458808642531201 -4.546530703781861 -4.1073234932763238 -12.554502100414702 9.1990078941635467 -0.82271315578533266 -9.7433030983379911 10.163353930150762 -3.7227988896238338 -1.575743700081194 -3.1465932970287422 -12.891124262809754 6.0319778412580494 1.8069104508736888
leaf_weight=77 9728 919 34 111 55 37 35 30 108 64 30 146 51 46 48 39 30 139 52 56 37 4904 71 74 61 40 33 72 37 37 79 36 45 43 37 34 48 40 52 38 44 58 146 73 54 44 45 41 126 203 70 36 46 92 35 34 77 71 119 40 32 547
leaf_count=77 9728 919 34 111 55 37 35 30 108 64 30 146 51 46 48 39 30 139 52 56 37 4904 71 74 61 40 33 72 37 37 79 36 45 43 37 34 48 40 52 38 44 58 146 73 54 44 45 41 126 203 70 36 46 92 35 34 77 71 119 40 32 547
internal_value=-0.0561435 -0.0394835 -0.336213 -0.104609 0.177658 2.11691 3.01836 8.69473 4.84311 7.475 1.29662 2.83094 -0.225706 -1.4555 0.0407607 0.771426 7.54008 -0.0886801 -0.0435973 2.82691 4.19137 -0.228587 2.5632 4.11427 6.85744 -3.54902 1.35885 0.692103 -0.878651 0.536068 -1.3525 -0.158705 1.79581 0.776356 -2.91615 3.20087 -0.534112 -0.232149 3.24542 6.87664 10.5977 3.03506 0.376648 1.97221 5.04386 -3.05217 -3.54983 -2.51108 0.914406 -4.53248 -7.61448 -5.75275 3.72214 2.00829 -3.98102 0.0547248 -2.01085 2.22549 -3.6706 -6.85727 -1.20147 0.129709
internal_weight=19686 19609 8286 7367 11323 675 275 64 263 155 211 176 7092 1263 5829 612 69 543 5781 350 294 5431 257 206 132 651 404 371 260 223 186 5379 475 439 174 265 140 137 92 125 87 92 412 266 118 611 565 450 167 283 115 239 193 147 114 10648 373 105 268 117 151 10275
internal_count=19686 19609 8286 7367 11323 675 275 64 263 155 211 176 7092 1263 5829 612 69 543 5781 350 294 5431 257 206 132 651 404 371 260 223 186 5379 475 439 174 265 140 137 92 125 87 92 412 266 118 611 565 450 167 283 115 239 193 147 114 10648 373 105 268 117 151 10275
cat_boundaries=0 1
cat_threshold=5
is_linear=0
shrinkage=0.05


Tree=167
num_leaves=63
num_cat=0
split_feature=6 5 7 13 14 15 2 0 10 7 0 6 11 12 5 16 1 4 18 0 18 7 13 13 0 16 1 7 0 5 13 7 6 11 16 22 13 2 7 15 2 16 5 16 18 0 16 16 5 6 0 12 9 12 4 0 15 7 16 6 7 11
split_gain=477559 478002 1.28623e+06 775295 1.03518e+06 955401 768456 724478 2.32187e+06 1.59591e+06 754140 1.96247e+06 1.81491e+06 1.63806e+06 1.43707e+06 1.37094e+06 781186 655714 1.28054e+06 825232 805921 731323 1.05051e+06 1.5455e+06 1.025e+06 920884 720089 650852 641003 652032 622376 582133 885893 1.06182e+06 1.00981e+06 597013 787311 563164 957032 776323 769973 925728 973624 1.21464e+06 1.00301e+06 919378 528353 842438 948176 1.08153e+06 662303 725427 653529 559689 525910 525772 1.33592e+06 1.34657e+06 1.27008e+06 1.96251e+06 1.18421e+06 1.08171e+06
threshold=1002.8750000000001 4041.5000000000005 4171.5625000000009 9.9400000000000031 10.380000000000001 0.3366357751733467 4332.5000000000009 13065.000000000002 1418.667082655508 12634.562500000002 11009.000000000002 10623.625000000002 712.40936423638516 3.4850000000000008 11475.500000000002 6.0150000000000015 11331.500000000002 4003.5000000000005 48.500000000000007 3178.5000000000005 22.500000000000004 4303.8125000000009 3.7550000000000003 3.6250000000000004 4176.5000000000009 3.3850000000000002 4500.5000000000009 5126.5625000000009 4753.5000000000009 3974.5000000000005 4.3850000000000007 3719.6875000000005 3835.6250000000005 588.22513598496755 9.5650000000000031 50.125000000000007 3.0250000000000004 3988.5000000000005 4320.6875000000009 -0.08280012187690429 4312.5000000000009 2.3550000000000004 5061.5000000000009 6.3350000000000009 44.500000000000007 4054.5000000000005 4.3250000000000011 3.7550000000000003 3829.5000000000005 3663.1250000000005 4265.5000000000009 3.5250000000000004 327.56933079570496 3.2950000000000004 4795.5000000000009 4853.5000000000009 -0.3028998737010592 5263.1875000000009 2.4450000000000007 4598.6250000000009 4487.0625000000009 629.67722300029493
decision_type=2 2 2 2 2 2 2 2 2 2 2 2 2 2 2 2 2 2 2 2 2 2 2 2 2 2 2 2 2 2 2 2 2 2 2 2 2 2 2 2 2 2 2 2 2 2 2 2 2 2 2 2 2 2 2 2 2 2 2 2 2 2
left_child=-1 17 6 4 7 27 31 9 -9 10 14 -12 -13 16 37 30 -14 -2 19 20 -19 46 23 24 25 -23 -24 -5 29 -26 -15 35 -33 34 -34 36 -3 38 -4 -40 41 -39 43 44 45 -43 47 50 49 -49 54 52 -52 -51 -21 56 -42 58 59 -58 -57 -59
right_child=1 2 3 5 -6 -7 -8 8 -10 -11 11 12 13 15 -16 -17 -18 18 -20 21 -22 22 26 -25 28 -27 -28 -29 -30 -31 -32 32 33 -35 -36 -37 -38 40 39 -41 55 42 -44 -45 -46 -47 -48 48 -50 53 51 -53 -54 -55 -56 60 57 61 -60 -61 -62 -63
leaf_value=-2.7999333620830704 0.015276990319680073 -9.0566398143768314 7.1951576318059658 0.99677820871042655 -7.2700936855054366 -3.7921489996068618 -6.6121077558469468 -15.300556164403117 3.4902904359251261 10.146323048441033 -13.492303822491621 -12.223633664449057 13.130167370457805 -1.7842740781379469 8.1681656585549405 5.9141634425809313 1.9933389201760292 2.5530993499434911 10.265144553478507 0.56145893908132716 11.855419724782308 1.9325168745858328 -4.1535168103961384 12.102313720936678 0.80009369668207675 12.674910585503831 3.1489419358117239 8.8787662221424615 6.2788885113070991 -6.9494573376288544 -11.290603510538737 4.6516256404959639 -2.9612413808912001 5.2454873906553914 6.5637371738751726 -7.1517547939068242 -0.78182034441219861 5.9300078306347137 4.61694247518267 -5.4657829897744321 7.0302057603510422 2.1223324862393467 -9.505249463295451 5.68431917084588 3.5499890855018132 -5.8571706377451696 -4.9277132466987332 -1.786764082783147 -2.6785314202308657 4.2936999142169956 -5.678921825958021 -9.306735008103507 4.5176747703552245 11.852466510295869 -2.8088191025548706 -8.8361423248052606 12.076858983287273 12.652859607109658 -0.52449332252975733 -0.93204152435064325 -0.19744687923303655 1.3334594348202582
leaf_weight=157 9459 34 70 43 51 34 85 31 35 38 37 30 31 33 53 31 32 104 37 692 30 42 85 49 95 38 56 67 34 38 36 69 384 53 30 78 186 32 35 42 82 44 49 45 47 201 54 38 50 48 33 42 30 50 139 40 53 39 1076 64 4820 46
leaf_count=157 9459 34 70 43 51 34 85 31 35 38 37 30 31 33 53 31 32 104 37 692 30 42 85 49 95 38 56 67 34 38 36 69 384 53 30 78 186 32 35 42 82 44 49 45 47 201 54 38 50 48 33 42 30 50 139 40 53 39 1076 64 4820 46
internal_value=-0.0533363 -0.0312555 -0.319402 -0.0993788 -0.171802 3.53337 -2.08318 -0.121327 -5.33571 -0.0728958 -0.127838 -2.94394 -0.921713 1.15839 -0.0331167 -2.82004 7.47337 0.181106 1.06035 0.865404 4.63571 0.552186 2.29869 3.99067 2.38147 7.03515 -1.25325 5.79763 0.152166 -1.41406 -6.7441 -1.6216 -0.636626 -1.41797 -2.27103 -3.39323 -2.06066 -0.0971798 2.96389 -0.882726 -0.164968 -2.24225 -2.91975 -1.96221 -3.14061 -4.42412 -0.0968134 0.13569 3.20913 5.37371 -0.475057 -4.21673 -0.8234 8.15021 -0.00228191 -0.0253688 0.843636 0.446689 0.0134686 4.96088 -0.268547 6.52707
internal_weight=19686 19529 8286 7367 7223 144 919 7172 66 7106 7068 230 193 163 6838 100 63 11243 1784 1747 134 1613 437 296 247 80 141 110 167 133 69 834 536 467 414 298 220 6785 147 77 6638 418 386 337 292 245 1176 1122 186 136 936 105 63 98 831 6220 1360 1278 1193 117 4860 85
internal_count=19686 19529 8286 7367 7223 144 919 7172 66 7106 7068 230 193 163 6838 100 63 11243 1784 1747 134 1613 437 296 247 80 141 110 167 133 69 834 536 467 414 298 220 6785 147 77 6638 418 386 337 292 245 1176 1122 186 136 936 105 63 98 831 6220 1360 1278 1193 117 4860 85
is_linear=0
shrinkage=0.05


Tree=168
num_leaves=63
num_cat=1
split_feature=7 16 16 17 18 16 17 17 12 13 2 15 15 8 12 9 2 14 13 15 15 17 13 5 2 7 15 10 25 0 12 7 4 7 2 8 2 16 0 16 17 11 15 15 14 14 5 7 15 1 13 0 15 5 8 12 8 17 12 12 0 10
split_gain=804815 2.37334e+06 489337 2.73085e+06 2.14917e+06 1.99119e+06 2.061e+06 1.89717e+06 1.07305e+06 1.35043e+06 1.23544e+06 1.01228e+06 1.2181e+06 945797 932540 1.17948e+06 1.39681e+06 861990 1.14368e+06 1.05035e+06 872503 805235 1.04365e+06 756125 1.35805e+06 2.12352e+06 1.17474e+06 904957 827623 817403 811328 746453 950401 737185 1.46932e+06 1.38917e+06 798335 1.05088e+06 801727 732487 2.06886e+06 1.30939e+06 1.12416e+06 1.84629e+06 1.2029e+06 941123 740532 1.19938e+06 2.14695e+06 1.43534e+06 1.944e+06 1.40118e+06 2.0733e+06 1.79621e+06 1.23889e+06 1.12254e+06 1.1894e+06 1.13196e+06 1.1574e+06 1.04603e+06 1.35254e+06 1.37778e+06
threshold=12634.562500000002 3.5450000000000004 6.4750000000000005 6.660000000000001 2.5000000000000004 6.5100000000000007 4.4400000000000004 6.5100000000000007 9.3850000000000016 4.2150000000000007 6784.5000000000009 -0.32487975513773543 -0.10968980662941441 4497.166666666667 4.9250000000000007 1231.8664067305215 10378.500000000002 3.5350000000000006 7.5600000000000014 0.95810200828103242 0.078650137741046705 6.6250000000000009 3.3550000000000004 4587.5000000000009 6522.5000000000009 7250.5000000000009 0.11772405704989983 467.51524038969995 0 3428.5000000000005 6.8850000000000007 3733.8125000000005 1990.5000000000002 7576.3750000000009 5985.5000000000009 4580.416666666667 4131.5000000000009 7.1000000000000005 4212.5000000000009 6.2600000000000007 4.7150000000000007 535.36216493847644 0.64205929335021095 0.47868823477415384 3.8550000000000004 2.5250000000000004 5381.5000000000009 6405.5625000000009 0.24918186410524851 6221.5000000000009 6.1950000000000012 6046.5000000000009 -0.037443834248627648 5622.0000000000009 6388.7500000000009 4.0250000000000012 5800.7083333333348 3.6050000000000004 3.8250000000000006 3.2150000000000003 6185.5000000000009 463.73422177842218
decision_type=2 2 2 2 2 2 2 2 2 2 2 2 2 2 2 2 2 2 2 2 2 2 2 2 2 2 2 2 1 2 2 2 2 2 2 2 2 2 2 2 2 2 2 2 2 2 2 2 2 2 2 2 2 2 2 2 2 2 2 2 2 2
left_child=2 -2 3 7 -5 6 -4 39 9 -6 13 -7 33 -11 -14 16 17 19 23 -16 -20 22 -21 26 30 -26 27 -19 31 -30 -25 32 -28 34 35 36 38 -38 -13 42 -41 -42 43 46 -44 -45 -1 49 51 50 55 52 -49 -53 -55 57 -57 59 -59 60 61 -48
right_child=1 -3 5 4 8 11 -8 -9 -10 10 -12 12 14 -15 15 -17 -18 18 20 21 -22 -23 -24 24 25 -27 28 -29 29 -31 -32 -33 -34 -35 -36 -37 37 -39 -40 40 41 -43 44 45 -46 -47 47 48 -50 -51 -52 53 -54 54 -56 56 -58 58 -60 -61 -62 -63
leaf_value=0.12052705496963685 6.0624811204274494 -11.72642721748352 -0.18696059022630965 13.553501229118883 -5.4289261668920519 -8.5389430598208786 -17.112428319776381 -11.32920878674533 -6.0958391650517783 6.1097609648250399 14.298377478823944 1.0989903018779152 -7.6808941106407005 -3.1867011474999223 7.9550926814645031 7.30322920418448 -11.413947034651235 0.5101876242118969 -2.439028229606286 -1.3536931479722263 1.6963677198092144 -7.0960962144597888 8.5378467839956294 -8.271362505687609 11.45176157806859 -5.1699405328087193 -2.1432431704468198 9.6035802682240803 2.6665166781518774 -4.3483403110504151 -2.916196429729462 0.24374394228583887 -9.8696066458573508 8.4984056997299202 -6.5554077541126929 9.0684719836170018 3.2199679657816889 -8.9365206289291379 8.8384043583055831 -0.67856269809934833 3.4542182645797732 15.677332029587184 -8.879192812297795 12.439187408591572 -0.2071454385916392 3.2205781560318147 4.3087797742731437 12.82025998372298 -9.7394381795610698 -6.1043095214026319 8.392893255000212 10.389629637300969 -2.1158953848339261 -9.7745598316192641 -0.14645340785445979 -10.131825628406125 -0.2612311082727769 12.464982935587566 -1.423840560913086 -4.3395394236913756 -6.8826455940280047 -3.1839631127814454
leaf_weight=13162 30 50 35 57 32 38 37 37 30 105 34 182 49 37 59 45 31 114 178 80 450 31 40 144 33 46 72 36 115 65 139 57 89 40 51 66 32 40 41 162 50 39 74 38 87 102 170 52 56 189 49 40 42 34 1929 76 51 30 30 224 57 96
leaf_count=13162 30 50 35 57 32 38 37 37 30 105 34 182 49 37 59 45 31 114 178 80 450 31 40 144 33 46 72 36 115 65 139 57 89 40 51 66 32 40 41 162 50 39 74 38 87 102 170 52 56 189 49 40 42 34 1929 76 51 30 30 224 57 96
internal_value=-0.0507621 -5.05559 -0.0303405 0.0637252 4.83292 -0.693668 -8.88477 -0.0196424 2.74437 4.0194 5.73728 -0.444087 -0.311784 3.68744 -0.873997 -0.691136 -0.893355 -0.706777 -1.11706 2.29805 0.524233 0.0876784 1.94349 -2.24973 -4.02303 1.7733 -1.07832 2.6926 -2.49952 0.126354 -5.64109 -4.46849 -6.41434 2.01792 1.38874 2.51105 1.04396 -3.53364 2.52193 0.00520793 2.68605 8.81041 -0.0353571 0.00539226 -4.19306 5.72277 -0.0437533 -0.735676 -0.077511 -2.19352 -1.24954 0.180509 6.14666 -0.09948 -0.313216 -1.89325 -6.16804 -0.998849 5.52057 -1.71396 0.106877 1.60463
internal_weight=19686 80 19606 17171 295 2435 72 16876 238 208 176 2363 2325 142 1873 1824 1779 1748 1538 210 628 151 120 910 362 79 548 150 398 180 283 218 161 452 412 361 295 72 223 16839 251 89 16588 16427 161 140 16287 3125 2153 972 783 2097 94 2003 1963 734 127 607 60 547 323 266
internal_count=19686 80 19606 17171 295 2435 72 16876 238 208 176 2363 2325 142 1873 1824 1779 1748 1538 210 628 151 120 910 362 79 548 150 398 180 283 218 161 452 412 361 295 72 223 16839 251 89 16588 16427 161 140 16287 3125 2153 972 783 2097 94 2003 1963 734 127 607 60 547 323 266
cat_boundaries=0 1
cat_threshold=28
is_linear=0
shrinkage=0.05


Tree=169
num_leaves=63
num_cat=2
split_feature=6 15 0 13 0 19 5 7 7 3 13 0 8 24 3 10 3 14 6 8 18 14 9 9 2 10 5 5 7 7 9 9 18 5 8 9 14 7 15 15 2 4 4 3 8 8 2 17 17 7 13 17 14 17 9 7 4 0 8 18 13 24
split_gain=736463 1.21767e+06 975444 2.11365e+06 638163 813079 490392 1.32934e+06 1.13852e+06 1.16619e+06 1.103e+06 1.07029e+06 1.25024e+06 993014 1.63867e+06 1.11581e+06 1.37894e+06 955369 1.10189e+06 1.16792e+06 1.03223e+06 937322 913464 1.14726e+06 868401 918303 844813 839041 771100 879150 718786 708339 689229 1.0773e+06 1.69892e+06 697294 680715 618326 644439 999348 972477 821972 607053 604052 832454 941922 669635 784336 673105 600782 599148 593924 577949 561549 547970 545403 700863 1.32103e+06 1.05225e+06 883912 850631 839536
threshold=12784.375000000002 -0.21274518968700945 12274.500000000002 3.6650000000000005 11734.000000000002 3.5000000000000004 3878.5000000000005 4055.5625000000005 4171.5625000000009 3968.5000000000005 4.0450000000000008 4033.5000000000005 4329.1250000000009 0 3873.5000000000005 651.1329332012948 3717.5000000000005 3.6450000000000005 4166.1250000000009 3792.4583333333335 47.500000000000007 9.2600000000000016 167.78098289716036 135.39540853747283 4040.5000000000005 231.75256175922729 4304.5000000000009 4041.5000000000005 4508.5625000000009 4352.6875000000009 85.778542366042743 311.95873106202072 31.500000000000004 3650.5000000000005 4245.7083333333348 367.34219898427858 2.6650000000000005 3382.8750000000005 0.39264356099218495 0.30621050898552954 4354.5000000000009 3375.5000000000005 3939.5000000000005 3919.5000000000005 4119.5416666666679 4265.041666666667 4354.5000000000009 3.6350000000000002 4.2950000000000008 4270.0000000000009 3.3050000000000002 3.0750000000000006 5.3900000000000015 9.8100000000000005 66.371429299480411 4026.5625000000005 3829.5000000000005 3463.5000000000005 3975.9166666666674 29.500000000000004 3.6950000000000007 1
decision_type=2 2 2 2 2 2 2 2 2 2 2 2 2 1 2 2 2 2 2 2 2 2 2 2 2 2 2 2 2 2 2 2 2 2 2 2 2 2 2 2 2 2 2 2 2 2 2 2 2 2 2 2 2 2 2 2 2 2 2 2 2 1
left_child=2 -2 4 -4 6 -6 7 55 10 13 17 28 24 31 15 16 -15 18 19 -8 51 -17 23 52 -13 26 -26 -24 29 36 54 -10 43 34 -34 -35 -11 -29 39 40 42 -40 -39 -9 -45 -46 -47 50 -49 -32 -48 -21 -12 -51 -14 56 -1 59 61 -58 -61 -59
right_child=1 -3 3 -5 5 -7 8 32 9 11 22 12 30 14 -16 21 -18 -19 -20 20 -22 -23 27 -25 25 -27 -28 37 -30 -31 49 -33 33 35 -36 -37 -38 38 41 -41 -42 -43 -44 44 45 46 47 48 -50 53 -52 -53 -54 -55 -56 -57 57 58 -60 60 -62 -63
leaf_value=-0.081081735708934302 -12.590465890207598 0.1224965274333954 15.227441198175605 -0.77881369504061615 0.59856176972389219 -10.672800838947296 -5.4762043943926066 -2.256625048443675 3.2758596866688827 10.273381629784902 -5.0773740337740989 2.0691220267613732 -0.69328281847691098 15.065589718520641 13.076626665145159 -5.1285744779760192 0.60451044475331028 -7.2151468253717184 -8.8164071108613697 0.097783843080202743 6.9479861993789669 4.6623638510704044 2.4769776922464373 10.611242010593415 -5.2480017035506492 -6.6387375053939195 4.7221299319040204 -5.8908533107402716 7.9568182309468583 -3.8704216341538862 6.8374360730571127 -4.9830428838729866 2.6261920627794773 -0.75562588721513757 18.262682374566793 7.1393601206846018 1.7148480334328218 0.89615180023880903 -11.147683924085953 7.3719675503279039 -8.5967467662615658 -0.79673713879151786 -6.1192043781280523 7.6468409619088904 -2.7325191237313571 0.18950273251486205 3.8735729585091274 -3.2423110829459301 6.2984773911927876 -0.095660000641531587 13.382095467077718 -6.9759400531223852 4.5775533353128743 -5.0375863624030153 -7.8498601202694873 -4.205797811190287 1.4260460519239684 1.8156307356142851 2.8048473228988922 7.6945623040199287 -0.77020458530735336 -2.524731174817211
leaf_weight=8658 31 48 33 55 32 32 119 96 47 30 31 60 54 32 48 55 34 123 56 195 50 44 130 40 43 178 42 86 60 55 31 58 38 80 32 43 103 215 34 38 39 44 36 59 106 126 30 36 38 6442 37 35 31 58 53 75 238 151 226 150 37 370
leaf_count=8658 31 48 33 55 32 32 119 96 47 30 31 60 54 32 48 55 34 123 56 195 50 44 130 40 43 178 42 86 60 55 31 58 38 80 32 43 103 215 34 38 39 44 36 59 106 126 30 36 38 6442 37 35 31 58 53 75 238 151 226 150 37 370
internal_value=-0.048224 -4.86613 -0.0288118 5.22353 -0.0524916 -5.03712 -0.0360939 0.192728 -0.311489 -0.0753428 -1.67667 -0.206056 -0.321049 2.8879 4.72378 2.58015 7.61594 -3.30543 -2.24852 -1.32671 0.436819 -0.777046 -0.376362 4.00937 -3.35877 -4.59707 -0.321584 -1.09556 3.02164 1.44658 -0.173236 -1.17436 2.26555 4.82251 9.7743 2.00441 3.64534 -2.03953 -1.22373 -0.252308 -1.25135 -5.30869 -0.110035 1.33091 2.12814 1.25521 2.83836 5.20542 1.65701 -0.106639 9.12455 -0.978652 -0.24991 -0.139757 -4.23813 0.0418435 0.0742517 1.22176 -0.0444254 3.44726 6.01972 -1.28039
internal_weight=19686 79 19607 88 19519 64 19455 10626 8829 7527 1302 7209 6961 318 213 165 66 578 455 399 280 99 724 102 323 263 85 622 248 188 6638 105 721 193 70 123 133 492 406 328 290 78 251 528 432 373 267 141 74 6531 67 230 62 6500 107 9905 9830 1172 747 425 187 521
internal_count=19686 79 19607 88 19519 64 19455 10626 8829 7527 1302 7209 6961 318 213 165 66 578 455 399 280 99 724 102 323 263 85 622 248 188 6638 105 721 193 70 123 133 492 406 328 290 78 251 528 432 373 267 141 74 6531 67 230 62 6500 107 9905 9830 1172 747 425 187 521
cat_boundaries=0 1 2
cat_threshold=1664 2624
is_linear=0
shrinkage=0.05


Tree=170
num_leaves=63
num_cat=2
split_feature=7 16 9 5 7 3 24 10 3 16 16 14 6 13 10 6 3 21 16 12 12 15 18 5 1 15 16 22 5 18 18 6 15 24 13 12 17 18 12 9 16 17 12 5 3 16 15 9 16 9 18 9 14 9 17 15 11 12 3 15 16 5
split_gain=670822 2.10999e+06 441200 496209 1.20682e+06 1.06167e+06 1.08384e+06 1.48801e+06 963678 922426 906748 834603 833020 809849 1.61664e+06 998368 1.03895e+06 990494 966340 1.11798e+06 997536 785120 640472 628489 815133 602938 870211 625515 627651 608521 593840 846513 694898 960502 745326 1.2293e+06 1.013e+06 720189 1.43648e+06 815762 788817 742613 663863 661613 1.45455e+06 617976 586399 578729 1.0904e+06 877019 1.29036e+06 603618 2.10059e+06 1.24357e+06 1.90787e+06 1.81397e+06 1.00486e+06 1.41434e+06 927221 757734 631480 576911
threshold=12634.562500000002 3.5450000000000004 44.797227928918424 3861.5000000000005 4187.8125000000009 3935.5000000000005 0 651.1329332012948 4347.5000000000009 4.4400000000000004 11.06 5.4750000000000005 5092.8750000000009 4.9350000000000014 190.13181511759964 4166.1250000000009 3487.5000000000005 1.0000000180025095e-35 6.4750000000000005 6.5700000000000012 7.3000000000000007 1.1280931966530294 47.500000000000007 4427.5000000000009 4098.5000000000009 0.51231889937473574 3.3150000000000004 9.3500000000000014 4263.5000000000009 47.500000000000007 36.500000000000007 4066.7500000000005 0.072097536423876923 1 4.1050000000000013 3.8250000000000006 3.2850000000000006 46.500000000000007 4.0750000000000011 117.28650812693657 4.955000000000001 3.3550000000000004 3.5150000000000001 2034.5000000000002 2117.5000000000005 3.5350000000000006 1.0405333548179183 89.286990071950456 3.0850000000000004 113.97770249775532 23.500000000000004 155.08317603723125 3.7250000000000005 169.38393262588968 3.1050000000000004 -0.046979865771812603 433.09614138924735 4.0450000000000008 3999.5000000000005 0.042694535585530914 3.4250000000000003 2854.5000000000005
decision_type=2 2 2 2 2 2 1 2 2 2 2 2 2 2 2 2 2 2 2 2 2 2 2 2 2 2 2 2 2 2 2 2 2 1 2 2 2 2 2 2 2 2 2 2 2 2 2 2 2 2 2 2 2 2 2 2 2 2 2 2 2 2
left_child=2 -2 -1 8 10 6 -6 11 30 -10 13 -8 -9 15 -15 16 22 25 19 -16 -21 46 -5 24 -17 26 27 28 -18 -28 -4 32 34 37 43 36 -36 -34 41 -40 -41 45 -33 -32 -45 -39 47 48 -7 50 -49 52 -51 54 55 60 57 -54 -55 -57 -53 -46
right_child=1 -3 3 4 5 21 7 12 9 -11 -12 -13 -14 14 18 23 17 -19 -20 20 -22 -23 -24 -25 -26 -27 29 -29 -30 -31 31 42 33 -35 35 -37 -38 38 39 40 -42 -43 -44 44 61 -47 -48 49 -50 51 -52 53 56 58 -56 59 -58 -59 -60 -61 -62 -63
leaf_value=-1.7008817596023258 5.8680333391825359 -10.904938170433045 -0.15449485396373491 -4.0248637045754334 -0.36614623164101473 4.8830681943893435 6.2931358591715494 -3.7568324910269846 2.9149006234036818 -5.9864403247833256 6.5738508470130688 17.991722251522926 6.9265087411210349 9.0734711158843275 -1.0652524438366962 -11.497197543780009 -2.4189072241065324 -7.3590412278447239 -2.8323755033570346 13.621916451454164 1.4253840230013195 7.8127314582947767 -12.168048513296879 -12.465738278958533 -1.5087575409561396 6.0285877283881693 -1.7429589685889593 5.6904241176751951 5.7962862296450526 -8.5793347599082885 1.1795284620409503 10.981013242176601 1.4563406114855357 0.24774658951360831 2.0337477445602419 -2.6143644703147206 13.656576053516284 2.54308643985439 -5.2176747360537128 -2.793873294707268 6.6176523376869261 16.226368359596499 1.1712085878147798 -6.7167067087802694 1.0468002879927898 12.199852740764619 -5.7282180603514332 -1.6831452240378171 -6.0110791374226009 1.0167342538240725 8.1165598936569996 5.9489528767267865 4.7814048147201538 -6.0023126089750836 -6.6741147041320801 18.495729198455813 -12.487080123247924 -9.6589680940676956 -0.090049025290964146 7.9260926784613197 -4.1484547376632692 -1.1425507641049257
leaf_weight=386 30 50 6268 90 129 30 30 36 476 31 33 31 37 42 134 30 93 57 320 30 38 31 33 36 64 34 227 65 31 38 595 35 285 684 38 46 37 37 31 31 79 31 34 97 464 30 47 59 98 189 78 30 30 67 32 30 54 39 6492 39 32 856
leaf_count=386 30 50 6268 90 129 30 30 36 476 31 33 31 37 42 134 30 93 57 320 30 38 31 33 36 64 34 227 65 31 38 595 35 285 684 38 46 37 37 31 31 79 31 34 97 464 30 47 59 98 189 78 30 30 67 32 30 54 39 6492 39 32 856
internal_value=-0.0458308 -4.61507 -0.0271865 0.00642673 -0.263311 -0.0163843 3.10524 6.02481 0.245708 2.37064 -1.61566 12.2383 1.65801 -1.81408 -0.363823 -2.83908 -2.05889 -1.12212 -1.12315 1.58455 6.80621 -0.127674 -6.20962 -6.84802 -4.69656 -0.393628 -0.874587 1.71748 -0.365109 -2.72327 0.13439 0.665396 0.552183 1.51038 0.0095198 3.82078 7.76768 3.09476 5.17801 1.94636 3.96531 9.82762 6.1472 -0.219686 -0.807219 6.86701 -0.161183 -0.125335 -3.45776 -0.0658525 3.89625 -0.143022 -2.29294 -0.0432338 4.27077 6.94433 -7.37854 -3.38055 -0.150443 12.5216 0.737388 -0.372961
internal_weight=19686 80 19606 19220 9035 7640 263 134 10185 507 1395 61 73 1362 564 798 668 545 522 202 68 7377 123 130 94 488 454 189 124 265 9678 3410 3341 1208 2133 121 75 524 239 141 110 98 69 2012 1417 67 7346 7299 128 7171 137 7034 312 6722 163 131 123 69 6559 69 62 1320
internal_count=19686 80 19606 19220 9035 7640 263 134 10185 507 1395 61 73 1362 564 798 668 545 522 202 68 7377 123 130 94 488 454 189 124 265 9678 3410 3341 1208 2133 121 75 524 239 141 110 98 69 2012 1417 67 7346 7299 128 7171 137 7034 312 6722 163 131 123 69 6559 69 62 1320
cat_boundaries=0 1 2
cat_threshold=3712 3220
is_linear=0
shrinkage=0.05


Tree=171
num_leaves=63
num_cat=0
split_feature=5 10 13 6 0 9 15 3 4 3 13 6 10 14 16 14 4 14 1 18 12 14 12 11 0 0 13 4 11 5 3 1 2 18 0 15 16 3 13 0 0 0 12 12 18 8 5 0 14 22 14 15 0 16 9 3 3 3 8 7 12 22
split_gain=1.89403e+06 1.87221e+06 544736 1.48041e+06 1.82506e+06 1.3556e+06 1.57745e+06 1.3875e+06 1.71796e+06 1.11156e+06 3.28185e+06 926088 912980 892440 880391 879999 1.01297e+06 988192 964890 944984 1.63464e+06 1.0596e+06 1.04501e+06 976150 2.75335e+06 1.64985e+06 783922 1.26176e+06 1.65866e+06 978301 824561 838088 2.01255e+06 834441 762070 887106 668932 963342 657470 612266 1.14249e+06 1.11536e+06 1.10106e+06 886142 892731 1.67579e+06 1.48175e+06 1.31721e+06 868574 1.09792e+06 860314 1.54605e+06 1.30328e+06 1.49396e+06 1.22528e+06 998963 1.70395e+06 1.28711e+06 1.276e+06 976933 973074 970810
threshold=12741.500000000002 1020.7108971356332 3.4550000000000005 11536.750000000002 11358.000000000002 1005.4342130189797 0.0090090090090079473 11297.000000000002 10576.000000000002 12230.000000000002 3.9150000000000005 8632.3750000000018 542.91704674150401 2.5050000000000003 3.3950000000000005 3.6750000000000003 10029.500000000002 3.7750000000000004 9650.5000000000018 49.500000000000007 5.6550000000000002 2.2150000000000003 2.5250000000000004 237.90059516689169 3967.5000000000005 3258.5000000000005 3.5850000000000004 7970.5000000000009 690.45793552102498 6621.0000000000009 6367.5000000000009 4889.5000000000009 4589.5000000000009 41.500000000000007 3967.5000000000005 0.0076231798716245259 3.5150000000000001 5233.5000000000009 3.5150000000000001 4823.5000000000009 4249.5000000000009 4158.5000000000009 10.575000000000001 9.9400000000000031 45.500000000000007 5330.7083333333348 4993.5000000000009 6233.5000000000009 3.4050000000000007 7.8600000000000003 6.1950000000000012 -0.3028998737010592 4345.5000000000009 3.5050000000000003 170.81251834377608 4744.5000000000009 5154.5000000000009 3807.5000000000005 3926.5000000000005 3904.3125000000005 3.6250000000000004 29.600000000000005
decision_type=2 2 2 2 2 2 2 2 2 2 2 2 2 2 2 2 2 2 2 2 2 2 2 2 2 2 2 2 2 2 2 2 2 2 2 2 2 2 2 2 2 2 2 2 2 2 2 2 2 2 2 2 2 2 2 2 2 2 2 2 2 2
left_child=2 -2 3 4 5 7 11 8 15 13 -11 -7 -10 -4 -8 16 18 -17 19 -1 21 -21 -23 -24 25 -25 27 29 -29 30 31 32 34 38 -15 -36 -26 -38 -33 40 41 -28 50 44 -41 46 -46 -47 -49 -50 51 -42 53 -53 -54 57 60 58 -56 61 -57 -52
right_child=1 -3 9 -5 -6 6 14 -9 12 10 -12 -13 -14 26 -16 17 -18 -19 -20 20 -22 22 23 24 36 -27 39 28 -30 -31 -32 33 -34 -35 35 -37 37 -39 -40 43 42 -43 -44 -45 45 47 -48 48 49 -51 59 52 54 -55 55 56 -58 -59 -60 -61 -62 -63
leaf_value=-0.12452554447510272 -0.28886270812063508 16.198953713311091 7.7678110746236957 -8.6005319847250892 11.17589096069336 -5.5263136685738026 -4.7627791862738764 8.1234745693206794 -0.39954351148297712 19.041407477060954 -2.8355799341201782 -16.406012762746503 -11.12924824627963 1.6578801301238375 6.2283801868983684 -4.2109202552486114 7.7660938648950495 -0.62867077753146494 -8.6843435425311331 -2.36233009126649 -5.5461683598173375 12.219954603146284 0.34498302542177361 6.5571493871284252 6.8634501072668259 22.758287596702576 0.17475920254479543 16.887161986033121 1.4159245014190676 -6.612940089255571 9.1364155624852028 -10.878538609875575 10.537625353215105 3.4153119339662439 1.9211332875948686 -7.0014249992370612 -7.8748548788182875 4.3121427536010746 -1.387421077006572 -0.11337983315200272 11.243887327579742 -3.62481785342468 11.260027373631797 -4.8074939941537798 -1.9755035357815878 7.3058098211521063 -16.062672705650328 -10.28784082781884 -7.2172167720216693 4.9074816892313402 8.8126688936482314 0.57557810940304577 -4.057474037444238 12.481319832383541 -0.22956574602824886 17.270025548934935 0.16809749391343859 -1.5749301168755849 12.577489948272706 -2.3582750151335929 6.1449128728163878 -2.2374454062325615
leaf_weight=7161 33 36 39 53 35 53 38 50 31 30 40 31 55 562 35 259 42 750 32 67 59 39 133 33 31 30 4943 30 41 40 33 36 59 34 52 60 34 31 37 2814 47 201 30 116 35 41 40 31 33 43 46 49 101 57 41 30 90 233 37 227 57 35
leaf_count=7161 33 36 39 53 35 53 38 50 31 30 40 31 55 562 35 259 42 750 32 67 59 39 133 33 31 30 4943 30 41 40 33 36 59 34 52 60 34 31 37 2814 47 201 30 116 35 41 40 31 33 43 46 49 101 57 41 30 90 233 37 227 57 35
internal_value=0.0440795 8.31348 0.0148964 -0.268471 -0.219562 -0.263907 -4.86926 -0.182088 -0.229348 0.260698 6.54027 -9.54144 -7.26156 0.218432 0.506955 -0.159842 0.0222755 -1.5482 -0.0202396 0.0161547 2.22056 3.3719 4.53261 3.50588 6.14989 14.272 0.190015 1.53259 7.95307 1.0333 1.38365 1.07907 1.68249 -3.05459 0.907332 -2.85881 0.819774 -2.06259 -6.06797 0.0491279 0.336692 0.0262921 1.81512 -0.518522 -0.354703 -3.39991 -9.48866 -0.314401 -3.23429 -0.35719 1.54526 2.46736 1.87384 6.97772 0.955316 1.9928 4.99147 0.286161 5.84558 -0.676157 9.98116 4.03793
internal_weight=19621 69 19552 9082 9029 8994 157 8837 8787 10470 70 84 86 10400 73 8701 7692 1009 7650 7618 457 398 331 292 159 63 10361 984 71 913 873 840 733 107 674 112 96 65 73 9377 6224 5144 1080 3153 3037 223 75 148 107 76 1050 742 695 106 589 488 177 311 78 308 87 81
internal_count=19621 69 19552 9082 9029 8994 157 8837 8787 10470 70 84 86 10400 73 8701 7692 1009 7650 7618 457 398 331 292 159 63 10361 984 71 913 873 840 733 107 674 112 96 65 73 9377 6224 5144 1080 3153 3037 223 75 148 107 76 1050 742 695 106 589 488 177 311 78 308 87 81
is_linear=0
shrinkage=0.05


Tree=172
num_leaves=63
num_cat=3
split_feature=5 16 12 18 14 24 13 9 12 18 1 4 6 3 1 5 7 2 16 13 23 12 17 7 13 2 8 10 1 17 6 10 14 24 10 1 18 24 5 2 18 10 10 8 2 2 8 13 13 13 8 5 5 7 2 12 18 16 17 16 4 3
split_gain=1.70936e+06 1.77163e+06 524812 1.49471e+06 642355 1.13242e+06 1.08919e+06 1.60647e+06 1.23823e+06 1.14253e+06 1.11365e+06 1.00112e+06 1.85243e+06 1.12409e+06 2.10158e+06 2.00648e+06 947090 1.22176e+06 1.5236e+06 852791 1.03798e+06 1.22315e+06 1.30744e+06 1.46896e+06 991004 2.05508e+06 831734 824602 759952 787024 744250 912337 2.64041e+06 764911 1.31226e+06 864797 727674 1.27131e+06 1.22076e+06 1.11182e+06 1.54845e+06 1.04409e+06 1.82057e+06 1.00222e+06 953404 1.44891e+06 1.24263e+06 1.05198e+06 950733 918299 853368 757647 1.0734e+06 728693 989378 1.21087e+06 723981 717459 1.7304e+06 1.33964e+06 1.51994e+06 1.32916e+06
threshold=12741.500000000002 5.955000000000001 3.0450000000000004 50.500000000000007 3.5150000000000001 0 2.8150000000000004 1231.8664067305215 3.0850000000000004 46.500000000000007 4243.5000000000009 11266.000000000002 9605.5000000000018 8176.5000000000009 7908.5000000000009 8360.5000000000018 6405.5625000000009 7087.5000000000009 3.4350000000000005 3.4750000000000005 1.0000000180025095e-35 3.2250000000000005 3.1450000000000005 4665.8750000000009 3.4950000000000006 4589.5000000000009 12509.04166666667 267.13825631979188 7178.5000000000009 3.2350000000000008 12000.375000000002 1307.2560509709017 8.1900000000000013 1 1020.7108971356332 6393.5000000000009 22.500000000000004 2 3958.5000000000005 4566.5000000000009 30.500000000000004 481.2649620776038 329.78515731490955 3838.6250000000005 5225.5000000000009 5985.5000000000009 5068.416666666667 3.3950000000000005 2.9350000000000005 3.6650000000000005 6452.5000000000009 3572.5000000000005 3721.5000000000005 3628.6875000000005 3437.5000000000005 3.2850000000000006 32.500000000000007 6.0750000000000011 7.3750000000000009 9.1650000000000009 4901.5000000000009 3390.5000000000005
decision_type=2 2 2 2 2 1 2 2 2 2 2 2 2 2 2 2 2 2 2 2 2 2 2 2 2 2 2 2 2 2 2 2 2 1 2 2 2 1 2 2 2 2 2 2 2 2 2 2 2 2 2 2 2 2 2 2 2 2 2 2 2 2
left_child=2 -2 3 -1 5 6 9 8 10 28 -8 12 13 14 16 -15 -10 18 -18 20 21 22 23 -6 25 -21 30 -11 29 56 31 33 -33 34 57 -36 37 41 43 49 -41 42 -7 53 46 -46 47 -42 -45 -40 -47 -50 -53 54 -38 -56 -4 58 -26 60 -59 -61
right_child=1 -3 4 -5 19 36 7 -9 11 27 -12 -13 -14 15 -16 -17 17 -19 -20 24 -22 -23 -24 -25 26 -27 -28 -29 -30 -31 -32 32 -34 -35 35 -37 38 -39 39 40 44 -43 -44 48 45 50 -48 -49 51 -51 -52 52 -54 -55 55 -57 -58 59 -60 61 -62 -63
leaf_value=-0.46127833300503662 16.265888739354683 0.22705703576405845 7.34678788304329 7.2815778817449299 1.5064334000481501 3.354356015409742 1.8589093251661823 -8.5178100831368404 1.6620673936396722 -1.8863783138990404 14.133120309738885 10.47657338142395 -9.2769471327463791 17.394643124667081 -11.216919053395591 1.0037461036859556 19.31138606230418 1.6022324787427302 4.0545300390985277 -0.7345054004151943 -6.6088331096143609 -1.4437859863399201 -5.4257552040947807 12.337538349628449 0.90024307336644993 14.05790222669259 -8.080423730419529 7.9801724741193985 -10.463279211521149 -6.44983614526297 6.928547677993774 1.1614777027614533 -16.475425660610199 -0.27568574569591908 2.4173726956759181 13.986194572448731 -0.3734271432173204 0.057625665864907208 -3.6137172282581598 -6.3677286314016044 -5.797734381357829 -1.9235339973912096 16.726205253601076 11.593151903537013 -6.2276313291277212 10.323918717702231 12.573215545548335 7.4435004329681398 6.0980873850029962 -11.742358921144321 -1.6020160325368247 -8.0597011858766745 2.8066810611584416 -4.4237220934281742 -3.5620925380337627 8.2090161233334928 -2.8230596383412681 -0.8497957277985364 11.949715693791708 -1.7614913057664348 -8.0762614331594325 5.1723383217527159
leaf_weight=5858 33 36 30 63 90 70 33 34 1028 40 42 35 36 33 30 43 30 73 36 59 83 1128 36 48 2248 39 31 45 34 57 40 63 32 4510 35 30 979 374 142 88 30 33 40 31 70 30 36 30 71 46 30 33 73 96 31 74 42 646 36 116 82 171
leaf_count=5858 33 36 30 63 90 70 33 34 1028 40 42 35 36 33 30 43 30 73 36 59 83 1128 36 48 2248 39 31 45 34 57 40 63 32 4510 35 30 979 374 142 88 30 33 40 31 70 30 36 30 71 46 30 33 73 96 31 74 42 646 36 116 82 171
internal_value=0.0418755 7.8978 0.0141516 -0.378894 0.184882 0.707477 1.69006 2.2227 2.48005 -1.36252 8.73247 2.13115 1.90801 2.22431 1.84993 8.12085 2.18584 6.05948 10.9895 -0.0405538 -1.18749 -0.841887 3.06008 5.27377 0.154642 5.15227 0.0937256 3.33709 -3.81323 -2.06051 0.125365 0.0912166 -4.77937 0.14998 0.719338 7.75683 0.00605264 1.66829 -0.448611 -2.5616 -0.740855 5.49266 8.21685 0.315597 1.45014 -1.34059 5.22926 0.822883 3.51572 -5.60264 4.36095 2.10103 -0.576249 -0.248492 0.12127 4.73374 1.41438 0.582859 1.0744 -0.523236 -1.66377 2.36981
internal_weight=19621 69 19552 5921 13631 4108 1701 1453 1419 248 75 1344 1309 1273 1197 76 1167 139 66 9523 1385 1302 174 138 8138 98 8040 85 163 129 8009 7969 95 7874 3364 65 2407 517 1890 502 314 143 110 1388 226 130 96 60 208 188 60 177 106 1180 1084 105 72 3299 2284 1015 728 287
internal_count=19621 69 19552 5921 13631 4108 1701 1453 1419 248 75 1344 1309 1273 1197 76 1167 139 66 9523 1385 1302 174 138 8138 98 8040 85 163 129 8009 7969 95 7874 3364 65 2407 517 1890 502 314 143 110 1388 226 130 96 60 208 188 60 177 106 1180 1084 105 72 3299 2284 1015 728 287
cat_boundaries=0 1 2 3
cat_threshold=87 3460 640
is_linear=0
shrinkage=0.05


end of trees

feature_importances:
week_of_year=1237
flu_signal=773
flu_growth_4w=653
qty_lag_52=609
flu_lag_1=602
flu_same_week_last_year=598
qty_roll_std_12=523
qty_lag_12=521
ili_rate=485
qty_lag_1=476
qty_roll_std_4=459
flu_lag_2=458
qty_roll_mean_4=416
qty_roll_std_8=395
qty_roll_mean_12=391
qty_lag_2=373
qty_roll_mean_8=327
qty_lag_4=287
qty_lag_8=272
month=263
sku_id=243
season=126
plant_id=102
price=81
is_holiday=26
promotion_flag=10
quarter=8
region=7
criticality=5

parameters:
[boosting: gbdt]
[objective: regression]
[metric: l1]
[tree_learner: serial]
[device_type: cpu]
[data_sample_strategy: bagging]
[data: ]
[valid: ]
[num_iterations: 600]
[learning_rate: 0.05]
[num_leaves: 63]
[num_threads: 0]
[seed: 0]
[deterministic: 0]
[force_col_wise: 0]
[force_row_wise: 0]
[histogram_pool_size: -1]
[max_depth: -1]
[min_data_in_leaf: 30]
[min_sum_hessian_in_leaf: 0.001]
[bagging_fraction: 0.85]
[pos_bagging_fraction: 1]
[neg_bagging_fraction: 1]
[bagging_freq: 3]
[bagging_seed: 3]
[bagging_by_query: 0]
[feature_fraction: 0.85]
[feature_fraction_bynode: 1]
[feature_fraction_seed: 2]
[extra_trees: 0]
[extra_seed: 6]
[early_stopping_round: 0]
[early_stopping_min_delta: 0]
[first_metric_only: 0]
[max_delta_step: 0]
[lambda_l1: 0]
[lambda_l2: 0]
[linear_lambda: 0]
[min_gain_to_split: 0]
[drop_rate: 0.1]
[max_drop: 50]
[skip_drop: 0.5]
[xgboost_dart_mode: 0]
[uniform_drop: 0]
[drop_seed: 4]
[top_rate: 0.2]
[other_rate: 0.1]
[min_data_per_group: 100]
[max_cat_threshold: 32]
[cat_l2: 10]
[cat_smooth: 10]
[max_cat_to_onehot: 4]
[top_k: 20]
[monotone_constraints: ]
[monotone_constraints_method: basic]
[monotone_penalty: 0]
[feature_contri: ]
[forcedsplits_filename: ]
[refit_decay_rate: 0.9]
[cegb_tradeoff: 1]
[cegb_penalty_split: 0]
[cegb_penalty_feature_lazy: ]
[cegb_penalty_feature_coupled: ]
[path_smooth: 0]
[interaction_constraints: ]
[verbosity: -1]
[saved_feature_importance_type: 0]
[use_quantized_grad: 0]
[num_grad_quant_bins: 4]
[quant_train_renew_leaf: 0]
[stochastic_rounding: 1]
[linear_tree: 0]
[max_bin: 255]
[max_bin_by_feature: ]
[min_data_in_bin: 3]
[bin_construct_sample_cnt: 200000]
[data_random_seed: 1]
[is_enable_sparse: 1]
[enable_bundle: 1]
[use_missing: 1]
[zero_as_missing: 0]
[feature_pre_filter: 1]
[pre_partition: 0]
[two_round: 0]
[header: 0]
[label_column: ]
[weight_column: ]
[group_column: ]
[ignore_column: ]
[categorical_feature: 24,25,26,27,28]
[forcedbins_filename: ]
[precise_float_parser: 0]
[parser_config_file: ]
[objective_seed: 5]
[num_class: 1]
[is_unbalance: 0]
[scale_pos_weight: 1]
[sigmoid: 1]
[boost_from_average: 1]
[reg_sqrt: 0]
[alpha: 0.9]
[fair_c: 1]
[poisson_max_delta_step: 0.7]
[tweedie_variance_power: 1.5]
[lambdarank_truncation_level: 30]
[lambdarank_norm: 1]
[label_gain: ]
[lambdarank_position_bias_regularization: 0]
[eval_at: ]
[multi_error_top_k: 1]
[auc_mu_weights: ]
[num_machines: 1]
[local_listen_port: 12400]
[time_out: 120]
[machine_list_filename: ]
[machines: ]
[gpu_platform_id: -1]
[gpu_device_id: -1]
[gpu_device_id_list: ]
[gpu_use_dp: 0]
[num_gpu: 1]

end of parameters

pandas_categorical:[["MED001", "MED002", "MED003", "MED004", "MED005", "MED006", "MED007", "MED008", "MED009", "MED010", "MED011", "MED012"], ["PLANT_BLR", "PLANT_CHE", "PLANT_DEL", "PLANT_KOL", "PLANT_MUM"], ["East", "North", "South", "West"], ["Autumn", "Monsoon", "Summer", "Winter"], ["Critical", "High", "Low", "Medium"]]
